player_id,player,position,birth_date,league,minutes,matches,passes,passes_accurate,key_passes,assists,smart_passes,passes_into_penalty_area,progressive_passes,progressive_pass_distance,crosses,long_passes,shots,shots_on_target,goals,dribbles_won,dribbles_attempted,accelerations,touches_att_pen_area,tackles_won,tackles_attempted,interceptions,clearances,aerials_won,age,season,passes_pct,dribble_success_pct
8192,M. Olsson,DF,1988-05-17,Premier League,3154.0,36.0,1242.0,918.0,6.0,1.0,3.0,52.0,161.0,6479.550000000006,171.0,122.0,20.0,2.0,0.0,86.0,165.0,42.0,36.0,33.0,166.0,135.0,65.0,54.0,29,2017-18,73.9,52.1
415747,J. Simpson,DF,1997-01-08,Premier League,72.0,1.0,6.0,6.0,0.0,0.0,0.0,0.0,0.0,28.35,0.0,1.0,0.0,0.0,0.0,0.0,0.0,0.0,1.0,2.0,6.0,4.0,2.0,0.0,20,2017-18,100.0,
415748,J. Tymon,DF,1999-05-22,Premier League,163.0,3.0,81.0,68.0,0.0,0.0,0.0,0.0,7.0,300.2999999999999,3.0,5.0,0.0,0.0,0.0,1.0,4.0,1.0,0.0,2.0,15.0,4.0,3.0,0.0,18,2017-18,84.0,25.0
10252,S. Clucas,MF,1990-09-25,Premier League,2043.0,29.0,763.0,646.0,1.0,0.0,2.0,13.0,72.0,3287.55,24.0,54.0,20.0,7.0,3.0,21.0,56.0,15.0,40.0,25.0,115.0,93.0,18.0,31.0,27,2017-18,84.7,37.5
71703,V. Lindelöf,DF,1994-07-17,Premier League,1281.0,15.0,729.0,682.0,1.0,0.0,0.0,4.0,147.0,6238.049999999998,1.0,35.0,1.0,0.0,0.0,8.0,21.0,1.0,2.0,27.0,106.0,76.0,38.0,29.0,23,2017-18,93.6,38.1
20505,S. Okaka,FW,1989-08-09,Premier League,446.0,14.0,134.0,98.0,1.0,1.0,3.0,7.0,9.0,410.54999999999995,3.0,1.0,7.0,3.0,1.0,40.0,110.0,1.0,46.0,4.0,21.0,4.0,0.0,21.0,28,2017-18,73.1,36.4
8221,J. Ward,DF,1989-10-29,Premier League,1616.0,19.0,707.0,512.0,2.0,1.0,3.0,19.0,124.0,4740.7500000000055,45.0,106.0,4.0,1.0,0.0,41.0,81.0,6.0,23.0,35.0,146.0,111.0,41.0,43.0,28,2017-18,72.4,50.6
235555,R. Loftus-Cheek,MF,1996-01-23,Premier League,1875.0,24.0,686.0,584.0,5.0,2.0,8.0,48.0,90.0,3695.9999999999973,19.0,26.0,31.0,7.0,2.0,197.0,337.0,38.0,117.0,25.0,116.0,79.0,20.0,49.0,21,2017-18,85.1,58.5
36,T. Alderweireld,DF,1989-03-02,Premier League,1176.0,14.0,898.0,790.0,2.0,0.0,1.0,12.0,222.0,8671.950000000008,8.0,156.0,10.0,1.0,0.0,13.0,25.0,0.0,20.0,17.0,75.0,54.0,30.0,23.0,28,2017-18,88.0,52.0
38,D. Blind,DF,1990-03-09,Premier League,360.0,6.0,224.0,192.0,1.0,0.0,1.0,8.0,39.0,1588.6499999999999,15.0,25.0,3.0,0.0,0.0,7.0,11.0,1.0,5.0,6.0,33.0,21.0,4.0,11.0,27,2017-18,85.7,63.6
346158,E. Nketiah,FW,1999-05-30,Premier League,17.0,3.0,7.0,6.0,0.0,0.0,0.0,1.0,0.0,7.3500000000000005,0.0,0.0,1.0,1.0,0.0,1.0,2.0,0.0,2.0,1.0,2.0,0.0,0.0,0.0,18,2017-18,85.7,50.0
8239,L. Baines,DF,1984-12-11,Premier League,1910.0,22.0,772.0,618.0,7.0,1.0,4.0,37.0,120.0,4891.95,47.0,84.0,7.0,4.0,2.0,34.0,60.0,7.0,17.0,13.0,106.0,82.0,35.0,14.0,33,2017-18,80.1,56.7
8240,S. Coleman,DF,1988-10-11,Premier League,1036.0,12.0,382.0,277.0,2.0,1.0,3.0,14.0,58.0,2133.6000000000004,30.0,52.0,4.0,1.0,0.0,49.0,86.0,23.0,30.0,22.0,65.0,62.0,12.0,16.0,29,2017-18,72.5,57.0
48,J. Vertonghen,DF,1987-04-24,Premier League,3204.0,36.0,2370.0,2113.0,3.0,0.0,3.0,15.0,484.0,19877.55,18.0,215.0,23.0,3.0,0.0,50.0,87.0,13.0,47.0,71.0,212.0,211.0,85.0,137.0,30,2017-18,89.2,57.5
8242,S. Duffy,DF,1992-01-01,Premier League,3294.0,37.0,1274.0,1053.0,1.0,0.0,1.0,10.0,219.0,9970.799999999987,3.0,179.0,27.0,7.0,0.0,18.0,30.0,4.0,139.0,45.0,146.0,284.0,171.0,218.0,26,2017-18,82.7,60.0
346159,J. Willock,MF,1999-08-20,Premier League,82.0,2.0,35.0,30.0,0.0,0.0,1.0,0.0,2.0,128.10000000000002,0.0,2.0,0.0,0.0,0.0,1.0,6.0,1.0,1.0,1.0,8.0,8.0,0.0,0.0,18,2017-18,85.7,16.7
16436,C. Quaner,FW,1991-06-18,Premier League,1274.0,25.0,428.0,320.0,4.0,4.0,2.0,21.0,43.0,1612.8000000000002,30.0,20.0,16.0,5.0,0.0,85.0,169.0,23.0,75.0,10.0,71.0,63.0,15.0,17.0,26,2017-18,74.8,50.3
245813,L. Mousset,FW,1996-02-08,Premier League,580.0,19.0,169.0,107.0,2.0,0.0,4.0,10.0,18.0,641.55,11.0,5.0,19.0,5.0,2.0,57.0,132.0,12.0,52.0,5.0,49.0,17.0,4.0,5.0,21,2017-18,63.3,43.2
8246,R. Barkley,MF,1993-12-05,Premier League,129.0,2.0,51.0,40.0,1.0,0.0,0.0,2.0,6.0,181.65,3.0,2.0,2.0,2.0,0.0,12.0,18.0,4.0,8.0,0.0,4.0,4.0,1.0,1.0,24,2017-18,78.4,66.7
54,C. Eriksen,MF,1992-02-14,Premier League,3226.0,37.0,2196.0,1803.0,25.0,5.0,42.0,115.0,288.0,11285.400000000012,111.0,178.0,97.0,40.0,11.0,102.0,261.0,31.0,125.0,29.0,179.0,108.0,14.0,15.0,25,2017-18,82.1,39.1
8245,P. Jagielka,DF,1982-08-17,Premier League,2065.0,25.0,934.0,758.0,0.0,0.0,1.0,9.0,176.0,7474.949999999996,5.0,181.0,5.0,2.0,0.0,9.0,21.0,3.0,29.0,39.0,143.0,178.0,102.0,79.0,35,2017-18,81.2,42.9
56,D. Klaassen,MF,1993-02-21,Premier League,250.0,7.0,97.0,78.0,0.0,0.0,1.0,5.0,12.0,469.3500000000001,4.0,5.0,1.0,1.0,0.0,7.0,10.0,1.0,6.0,3.0,18.0,6.0,1.0,3.0,24,2017-18,80.4,70.0
8249,M. Fellaini,MF,1987-11-22,Premier League,632.0,16.0,369.0,326.0,0.0,0.0,1.0,3.0,33.0,1619.0999999999995,4.0,13.0,8.0,6.0,4.0,25.0,54.0,0.0,42.0,10.0,55.0,35.0,10.0,38.0,30,2017-18,88.3,46.3
274488,J. Lolley,MF,1992-08-25,Premier League,220.0,6.0,69.0,51.0,1.0,0.0,1.0,5.0,11.0,394.8,9.0,0.0,3.0,3.0,1.0,9.0,31.0,5.0,9.0,3.0,16.0,7.0,0.0,4.0,25,2017-18,73.9,29.0
8266,Gomes,GK,1981-02-15,Premier League,2129.0,24.0,392.0,325.0,0.0,0.0,0.0,1.0,233.0,10045.349999999999,0.0,198.0,0.0,0.0,0.0,0.0,1.0,0.0,0.0,0.0,5.0,50.0,6.0,18.0,36,2017-18,82.9,0.0
74,R. Klavan,DF,1985-10-30,Premier League,1448.0,18.0,1130.0,1052.0,1.0,0.0,4.0,9.0,236.0,9074.100000000008,2.0,66.0,2.0,1.0,1.0,14.0,20.0,0.0,11.0,30.0,90.0,75.0,38.0,48.0,32,2017-18,93.1,70.0
8272,Y. Kaboul,DF,1986-01-04,Premier League,151.0,2.0,76.0,62.0,0.0,0.0,1.0,1.0,22.0,908.2499999999998,0.0,21.0,0.0,0.0,0.0,1.0,3.0,0.0,5.0,5.0,12.0,15.0,5.0,10.0,32,2017-18,81.6,33.3
8277,K. Walker,DF,1990-05-28,Premier League,2833.0,32.0,2316.0,2051.0,9.0,4.0,13.0,59.0,264.0,11826.15,77.0,131.0,13.0,1.0,0.0,69.0,140.0,38.0,52.0,46.0,154.0,126.0,40.0,72.0,27,2017-18,88.6,49.3
8284,A. Lennon,MF,1987-04-16,Premier League,1919.0,29.0,497.0,364.0,2.0,2.0,3.0,24.0,45.0,1863.7500000000011,42.0,36.0,15.0,5.0,0.0,80.0,153.0,17.0,70.0,18.0,143.0,77.0,8.0,13.0,30,2017-18,73.2,52.3
93,J. Guðmunds­son,MF,1990-10-27,Premier League,2838.0,35.0,840.0,615.0,14.0,5.0,7.0,62.0,83.0,3357.8999999999974,112.0,68.0,56.0,21.0,2.0,141.0,282.0,31.0,75.0,25.0,167.0,99.0,22.0,42.0,27,2017-18,73.2,50.0
8285,J. Livermore,MF,1989-11-14,Premier League,2676.0,34.0,1072.0,872.0,7.0,2.0,10.0,33.0,155.0,6325.200000000003,20.0,112.0,15.0,4.0,2.0,61.0,128.0,6.0,55.0,49.0,213.0,127.0,21.0,28.0,28,2017-18,81.3,47.7
288865,O. McBurnie,FW,1996-06-04,Premier League,268.0,11.0,80.0,64.0,0.0,1.0,0.0,3.0,4.0,219.45000000000002,3.0,1.0,3.0,1.0,0.0,7.0,28.0,1.0,18.0,1.0,5.0,4.0,2.0,21.0,21,2017-18,80.0,25.0
8290,A. Pritchard,MF,1993-05-03,Premier League,1003.0,14.0,339.0,254.0,8.0,1.0,7.0,23.0,37.0,1419.6000000000004,19.0,30.0,20.0,4.0,1.0,55.0,123.0,8.0,30.0,12.0,55.0,25.0,8.0,3.0,24,2017-18,74.9,44.7
8292,D. Rose,DF,1990-07-02,Premier League,802.0,10.0,392.0,306.0,3.0,0.0,5.0,28.0,55.0,2226.0,55.0,30.0,8.0,1.0,0.0,52.0,88.0,6.0,35.0,12.0,61.0,36.0,8.0,7.0,27,2017-18,78.1,59.1
8296,J. Defoe,FW,1982-10-07,Premier League,1085.0,24.0,122.0,93.0,2.0,1.0,3.0,16.0,3.0,300.29999999999995,10.0,1.0,26.0,15.0,4.0,32.0,99.0,4.0,98.0,5.0,36.0,10.0,0.0,0.0,35,2017-18,76.2,32.3
286825,J. Kenny,DF,1997-03-15,Premier League,1588.0,19.0,601.0,443.0,5.0,1.0,2.0,25.0,96.0,3985.799999999999,48.0,127.0,2.0,1.0,0.0,28.0,54.0,6.0,16.0,23.0,170.0,110.0,57.0,41.0,20,2017-18,73.7,51.9
107,E. Pieters,DF,1988-08-07,Premier League,2720.0,31.0,1041.0,771.0,6.0,0.0,2.0,31.0,166.0,6162.450000000002,75.0,136.0,3.0,1.0,0.0,49.0,93.0,10.0,28.0,75.0,300.0,213.0,73.0,58.0,29,2017-18,74.1,52.7
8301,J. Hart,GK,1987-04-19,Premier League,1710.0,19.0,322.0,241.0,0.0,1.0,0.0,3.0,204.0,9525.600000000002,0.0,222.0,0.0,0.0,0.0,1.0,1.0,0.0,0.0,0.0,4.0,26.0,3.0,7.0,30,2017-18,74.8,100.0
286831,D. Solanke,FW,1997-09-14,Premier League,582.0,20.0,171.0,141.0,4.0,2.0,4.0,13.0,8.0,520.8000000000002,6.0,2.0,23.0,8.0,1.0,31.0,88.0,4.0,86.0,2.0,22.0,15.0,3.0,22.0,20,2017-18,82.5,35.2
20593,R. Pereyra,MF,1991-01-07,Premier League,1619.0,32.0,682.0,586.0,7.0,1.0,7.0,38.0,86.0,3249.750000000003,38.0,34.0,34.0,13.0,5.0,104.0,228.0,16.0,89.0,12.0,66.0,53.0,1.0,4.0,27,2017-18,85.9,45.6
258162,Renato Sanches,MF,1997-08-18,Premier League,705.0,12.0,374.0,308.0,1.0,0.0,2.0,6.0,38.0,1610.6999999999996,13.0,20.0,12.0,0.0,0.0,71.0,123.0,10.0,13.0,11.0,48.0,22.0,1.0,4.0,20,2017-18,82.4,57.7
8307,V. Kompany,DF,1986-04-10,Premier League,1397.0,17.0,1391.0,1312.0,0.0,1.0,1.0,4.0,241.0,11210.850000000006,1.0,62.0,7.0,2.0,1.0,6.0,10.0,2.0,22.0,18.0,59.0,84.0,33.0,46.0,31,2017-18,94.3,60.0
116,G. Wijnaldum,MF,1990-11-11,Premier League,2388.0,33.0,1225.0,1114.0,3.0,1.0,2.0,26.0,110.0,5200.650000000011,7.0,51.0,37.0,9.0,1.0,76.0,182.0,27.0,61.0,38.0,143.0,90.0,11.0,21.0,27,2017-18,90.9,41.8
18550,E. Can,MF,1994-01-12,Premier League,2094.0,26.0,1487.0,1306.0,5.0,3.0,8.0,33.0,171.0,7578.900000000003,15.0,107.0,28.0,9.0,3.0,76.0,132.0,31.0,51.0,52.0,190.0,129.0,19.0,54.0,23,2017-18,87.8,57.6
120,J. Locadia,FW,1993-11-07,Premier League,224.0,6.0,45.0,31.0,0.0,1.0,2.0,1.0,4.0,147.0,5.0,2.0,4.0,1.0,1.0,7.0,23.0,4.0,11.0,2.0,8.0,6.0,0.0,2.0,24,2017-18,68.9,30.4
8313,P. Zabaleta,DF,1985-01-16,Premier League,3289.0,37.0,1203.0,903.0,6.0,1.0,6.0,38.0,199.0,7446.60000000001,78.0,191.0,5.0,1.0,0.0,57.0,103.0,11.0,32.0,78.0,348.0,208.0,57.0,69.0,32,2017-18,75.1,55.3
8314,G. Barry,MF,1981-02-23,Premier League,1925.0,25.0,876.0,701.0,5.0,1.0,5.0,30.0,151.0,5981.850000000002,16.0,144.0,14.0,5.0,1.0,37.0,65.0,1.0,20.0,27.0,141.0,97.0,17.0,27.0,36,2017-18,80.0,56.9
8317,David Silva,MF,1986-01-08,Premier League,2438.0,29.0,2382.0,2134.0,9.0,10.0,48.0,151.0,263.0,11438.69999999999,70.0,63.0,53.0,20.0,9.0,119.0,223.0,30.0,207.0,21.0,124.0,62.0,6.0,17.0,32,2017-18,89.6,53.4
20606,S. Romero,GK,1987-02-22,Premier League,90.0,1.0,12.0,8.0,0.0,0.0,0.0,0.0,5.0,165.90000000000003,0.0,5.0,0.0,0.0,0.0,0.0,0.0,0.0,0.0,0.0,0.0,1.0,0.0,0.0,30,2017-18,66.7,
8319,J. Milner,MF,1986-01-04,Premier League,1763.0,32.0,1473.0,1266.0,10.0,1.0,14.0,76.0,221.0,8959.650000000003,80.0,101.0,21.0,6.0,0.0,54.0,96.0,6.0,59.0,31.0,155.0,90.0,15.0,20.0,32,2017-18,85.9,56.2
20612,S. Mustafi,DF,1992-04-17,Premier League,2273.0,27.0,1656.0,1456.0,4.0,0.0,3.0,16.0,324.0,14387.100000000002,13.0,137.0,12.0,5.0,3.0,11.0,29.0,2.0,46.0,69.0,227.0,168.0,87.0,126.0,25,2017-18,87.9,37.9
132,T. Kongolo,DF,1994-02-14,Ligue 1,1306.0,16.0,426.0,325.0,1.0,0.0,0.0,10.0,67.0,2556.7499999999995,22.0,51.0,3.0,0.0,0.0,25.0,42.0,7.0,12.0,35.0,128.0,89.0,44.0,41.0,23,2017-18,76.3,59.5
8324,Y. Touré,MF,1983-05-13,Premier League,230.0,10.0,404.0,383.0,1.0,1.0,5.0,13.0,47.0,2314.2000000000007,1.0,18.0,5.0,1.0,0.0,8.0,8.0,1.0,9.0,4.0,10.0,13.0,4.0,5.0,34,2017-18,94.8,100.0
134,B. Martins Indi,DF,1992-02-08,Premier League,1242.0,17.0,357.0,290.0,2.0,0.0,0.0,4.0,71.0,2698.4999999999995,3.0,51.0,3.0,0.0,0.0,4.0,12.0,0.0,10.0,16.0,85.0,72.0,41.0,31.0,25,2017-18,81.2,33.3
8325,S. Agüero,FW,1988-06-02,Premier League,1968.0,25.0,609.0,515.0,16.0,6.0,13.0,52.0,24.0,1648.4999999999995,18.0,10.0,91.0,42.0,21.0,150.0,279.0,29.0,236.0,5.0,44.0,24.0,4.0,16.0,29,2017-18,84.6,53.8
20620,Pedro Obiang,MF,1992-03-27,Premier League,1565.0,21.0,725.0,606.0,1.0,0.0,2.0,12.0,94.0,4438.350000000005,9.0,75.0,13.0,5.0,2.0,49.0,88.0,5.0,9.0,40.0,175.0,107.0,10.0,25.0,25,2017-18,83.6,55.7
8336,K. Naughton,DF,1988-11-11,Premier League,3031.0,34.0,1635.0,1289.0,2.0,2.0,7.0,29.0,281.0,11200.349999999988,68.0,215.0,11.0,1.0,0.0,94.0,161.0,18.0,32.0,76.0,329.0,250.0,69.0,70.0,29,2017-18,78.8,58.4
399514,T. Campbell,FW,1999-12-28,Premier League,75.0,4.0,17.0,9.0,0.0,0.0,1.0,3.0,0.0,47.25,3.0,0.0,2.0,1.0,0.0,2.0,8.0,0.0,5.0,1.0,5.0,2.0,0.0,1.0,18,2017-18,52.9,25.0
8351,A. Surman,MF,1986-08-20,Premier League,1852.0,25.0,1108.0,971.0,2.0,2.0,7.0,30.0,161.0,6918.45,8.0,84.0,18.0,6.0,2.0,22.0,52.0,6.0,15.0,16.0,92.0,123.0,30.0,38.0,31,2017-18,87.6,42.3
160,D. Janmaat,DF,1989-07-22,Premier League,1819.0,23.0,822.0,633.0,6.0,0.0,7.0,49.0,152.0,5759.250000000005,72.0,141.0,23.0,9.0,3.0,46.0,81.0,12.0,27.0,40.0,173.0,107.0,41.0,26.0,28,2017-18,77.0,56.8
4255,L. Ulloa,FW,1986-07-26,Premier League,280.0,13.0,113.0,93.0,0.0,0.0,1.0,3.0,8.0,429.45,0.0,0.0,3.0,2.0,1.0,15.0,61.0,1.0,14.0,2.0,26.0,8.0,2.0,21.0,31,2017-18,82.3,24.6
8358,B. Foster,GK,1983-04-03,Premier League,3330.0,37.0,580.0,444.0,0.0,0.0,0.0,2.0,379.0,17217.899999999998,0.0,409.0,0.0,0.0,0.0,4.0,4.0,0.0,0.0,0.0,12.0,64.0,11.0,9.0,34,2017-18,76.6,100.0
8360,C. Dawson,DF,1990-05-06,Premier League,2511.0,28.0,889.0,663.0,4.0,0.0,1.0,24.0,219.0,8004.1500000000015,44.0,162.0,17.0,4.0,2.0,32.0,56.0,1.0,91.0,63.0,224.0,179.0,77.0,126.0,27,2017-18,74.6,57.1
8362,G. McAuley,DF,1979-12-05,Premier League,457.0,9.0,114.0,86.0,0.0,0.0,0.0,2.0,45.0,1536.1500000000003,1.0,36.0,0.0,0.0,0.0,4.0,6.0,0.0,2.0,8.0,24.0,26.0,12.0,14.0,38,2017-18,75.4,66.7
173,R. van La Parra,MF,1991-06-04,Premier League,2145.0,32.0,690.0,520.0,6.0,0.0,6.0,34.0,56.0,2236.499999999999,88.0,12.0,41.0,15.0,3.0,222.0,408.0,55.0,72.0,34.0,150.0,76.0,6.0,18.0,26,2017-18,75.4,54.4
8370,C. Brunt,MF,1984-12-14,Premier League,1923.0,26.0,878.0,675.0,8.0,2.0,11.0,43.0,173.0,7128.450000000003,44.0,167.0,25.0,6.0,0.0,38.0,70.0,1.0,20.0,23.0,113.0,109.0,34.0,17.0,33,2017-18,76.9,54.3
179,L. Narsingh,MF,1990-09-13,Premier League,614.0,18.0,204.0,166.0,4.0,0.0,1.0,17.0,15.0,599.5500000000002,26.0,5.0,9.0,5.0,1.0,50.0,113.0,15.0,38.0,5.0,30.0,14.0,1.0,2.0,27,2017-18,81.4,44.2
8374,J. Morrison,MF,1986-05-25,Premier League,206.0,4.0,90.0,80.0,0.0,0.0,0.0,2.0,15.0,549.15,2.0,4.0,4.0,2.0,1.0,7.0,10.0,0.0,10.0,1.0,12.0,6.0,0.0,1.0,31,2017-18,88.9,70.0
8384,S. Long,FW,1987-01-22,Premier League,1577.0,30.0,340.0,246.0,8.0,1.0,2.0,30.0,16.0,761.2499999999999,30.0,5.0,34.0,13.0,2.0,57.0,153.0,9.0,130.0,11.0,81.0,39.0,15.0,70.0,30,2017-18,72.4,37.3
448708,H. Barnes,MF,1997-12-09,Premier League,7.0,2.0,6.0,5.0,0.0,0.0,0.0,0.0,1.0,39.9,1.0,0.0,1.0,0.0,0.0,0.0,1.0,0.0,4.0,0.0,1.0,1.0,0.0,1.0,20,2017-18,83.3,0.0
8391,J. Speroni,GK,1979-05-18,Premier League,990.0,11.0,156.0,114.0,0.0,0.0,0.0,0.0,94.0,4197.9000000000015,0.0,110.0,0.0,0.0,0.0,1.0,2.0,0.0,1.0,0.0,0.0,10.0,3.0,2.0,38,2017-18,73.1,50.0
8392,N. Clyne,DF,1991-04-05,Premier League,174.0,3.0,106.0,84.0,0.0,0.0,0.0,6.0,10.0,400.04999999999995,7.0,7.0,1.0,1.0,0.0,2.0,9.0,1.0,8.0,1.0,11.0,8.0,2.0,4.0,26,2017-18,79.2,22.2
32968,N. Amrabat,FW,1987-03-31,La Liga,1844.0,33.0,503.0,328.0,10.0,2.0,13.0,47.0,45.0,1631.6999999999994,89.0,26.0,41.0,18.0,2.0,217.0,474.0,34.0,100.0,11.0,118.0,28.0,3.0,18.0,30,2017-18,65.2,45.8
399564,L. Sørensen,MF,1999-10-21,Premier League,76.0,1.0,56.0,44.0,0.0,0.0,0.0,0.0,13.0,484.05,0.0,5.0,0.0,0.0,0.0,2.0,2.0,0.0,0.0,3.0,8.0,6.0,1.0,0.0,18,2017-18,78.6,100.0
41174,M. Lanzini,MF,1993-02-15,Premier League,2045.0,27.0,1178.0,1027.0,5.0,3.0,17.0,45.0,139.0,5950.350000000006,24.0,22.0,43.0,16.0,5.0,136.0,240.0,30.0,73.0,22.0,91.0,60.0,3.0,2.0,24,2017-18,87.2,56.7
86239,G. Carrillo,FW,1991-05-25,Ligue 1,863.0,21.0,157.0,121.0,0.0,1.0,2.0,9.0,9.0,386.40000000000003,0.0,3.0,20.0,10.0,4.0,14.0,49.0,2.0,83.0,3.0,38.0,23.0,7.0,68.0,26,2017-18,77.1,28.6
8416,G. Murray,FW,1983-09-25,Premier League,2201.0,35.0,529.0,353.0,6.0,0.0,8.0,21.0,28.0,1248.4499999999991,10.0,9.0,50.0,24.0,12.0,81.0,227.0,3.0,169.0,15.0,86.0,47.0,15.0,116.0,34,2017-18,66.7,35.7
8422,W. Zaha,MF,1992-11-10,Premier League,2550.0,29.0,663.0,483.0,12.0,4.0,22.0,99.0,62.0,2535.7499999999995,105.0,6.0,67.0,28.0,9.0,371.0,723.0,52.0,285.0,26.0,134.0,47.0,3.0,5.0,25,2017-18,72.9,51.3
8425,W. Hennessey,GK,1987-01-24,Premier League,2430.0,27.0,402.0,312.0,1.0,0.0,0.0,1.0,247.0,11587.800000000003,0.0,266.0,0.0,0.0,0.0,0.0,0.0,0.0,0.0,0.0,2.0,44.0,6.0,14.0,30,2017-18,77.6,
192748,M. James,MF,1991-07-22,Premier League,996.0,13.0,420.0,356.0,1.0,0.0,2.0,2.0,40.0,2075.8500000000004,1.0,34.0,8.0,2.0,0.0,18.0,39.0,1.0,15.0,13.0,72.0,59.0,18.0,20.0,26,2017-18,84.8,46.2
377071,Richarlison,FW,1997-05-10,Premier League,2825.0,38.0,749.0,521.0,5.0,4.0,11.0,42.0,52.0,2329.9500000000016,65.0,22.0,92.0,23.0,5.0,244.0,547.0,39.0,318.0,31.0,179.0,101.0,20.0,130.0,20,2017-18,69.6,44.6
8433,S. Ward,DF,1985-08-20,Premier League,2462.0,28.0,999.0,703.0,9.0,1.0,0.0,36.0,183.0,6755.699999999997,86.0,215.0,6.0,1.0,1.0,39.0,61.0,15.0,26.0,26.0,182.0,171.0,54.0,62.0,32,2017-18,70.4,63.9
12536,D. Gayle,FW,1990-10-17,Premier League,1959.0,35.0,356.0,285.0,2.0,3.0,4.0,20.0,31.0,1167.5999999999997,8.0,14.0,53.0,20.0,6.0,50.0,120.0,6.0,141.0,9.0,55.0,38.0,10.0,67.0,27,2017-18,80.1,41.7
303357,P. Billing,MF,1996-06-11,Premier League,762.0,16.0,332.0,262.0,1.0,0.0,2.0,4.0,31.0,1549.8000000000002,12.0,22.0,7.0,2.0,0.0,20.0,43.0,9.0,2.0,20.0,82.0,72.0,11.0,20.0,21,2017-18,78.9,46.5
261,N. Chadli,MF,1989-08-02,Premier League,244.0,5.0,67.0,50.0,0.0,0.0,0.0,3.0,6.0,247.79999999999998,5.0,1.0,4.0,2.0,1.0,4.0,16.0,2.0,8.0,0.0,8.0,4.0,3.0,2.0,28,2017-18,74.6,25.0
262,L. Fer,MF,1990-01-05,Premier League,1396.0,20.0,587.0,490.0,1.0,1.0,8.0,15.0,69.0,2629.2000000000016,7.0,44.0,12.0,3.0,1.0,62.0,133.0,13.0,31.0,26.0,102.0,56.0,11.0,46.0,28,2017-18,83.5,46.6
450826,C. Hudson-Odoi,MF,2000-11-07,Premier League,27.0,2.0,17.0,12.0,0.0,0.0,1.0,2.0,2.0,61.95,2.0,2.0,2.0,1.0,0.0,9.0,9.0,1.0,4.0,0.0,0.0,0.0,0.0,0.0,17,2017-18,70.6,100.0
8460,A. Smith,DF,1991-04-29,Premier League,2068.0,27.0,920.0,763.0,5.0,1.0,2.0,27.0,96.0,4138.050000000002,40.0,65.0,12.0,3.0,1.0,76.0,144.0,26.0,50.0,41.0,205.0,150.0,39.0,19.0,26,2017-18,82.9,52.8
4365,Roque Mesa,MF,1989-06-07,La Liga,1098.0,18.0,661.0,597.0,1.0,0.0,1.0,8.0,73.0,3334.7999999999993,4.0,40.0,9.0,1.0,0.0,31.0,49.0,5.0,3.0,22.0,130.0,57.0,9.0,4.0,28,2017-18,90.3,63.3
8464,F. Delph,MF,1989-11-21,Premier League,1746.0,22.0,1584.0,1497.0,2.0,1.0,2.0,25.0,162.0,7597.8000000000075,18.0,59.0,10.0,3.0,1.0,49.0,83.0,17.0,6.0,31.0,121.0,69.0,22.0,18.0,28,2017-18,94.5,59.0
8471,A. Townsend,MF,1991-07-16,Premier League,3125.0,36.0,1059.0,803.0,12.0,4.0,15.0,90.0,101.0,4255.650000000002,134.0,67.0,62.0,14.0,2.0,286.0,485.0,73.0,130.0,25.0,173.0,118.0,17.0,7.0,26,2017-18,75.8,59.0
284,M. van der Hoorn,DF,1992-10-15,Premier League,1952.0,24.0,829.0,669.0,0.0,0.0,1.0,6.0,166.0,6747.299999999997,10.0,170.0,9.0,4.0,1.0,17.0,28.0,2.0,31.0,37.0,126.0,140.0,69.0,63.0,25,2017-18,80.7,60.7
145692,O. Niasse,FW,1990-04-18,Premier League,1081.0,22.0,212.0,142.0,3.0,1.0,5.0,26.0,9.0,557.55,18.0,3.0,37.0,19.0,8.0,68.0,175.0,1.0,130.0,4.0,54.0,20.0,4.0,39.0,27,2017-18,67.0,38.9
8480,K. Schmeichel,GK,1986-11-05,Premier League,2966.0,33.0,639.0,497.0,0.0,0.0,0.0,2.0,388.0,15272.25,1.0,373.0,0.0,0.0,0.0,2.0,4.0,1.0,1.0,0.0,4.0,57.0,11.0,13.0,31,2017-18,77.8,50.0
86308,C. Yacob,MF,1987-07-18,Premier League,900.0,15.0,364.0,311.0,0.0,0.0,0.0,0.0,46.0,2055.9,1.0,29.0,6.0,1.0,0.0,15.0,24.0,0.0,15.0,30.0,101.0,63.0,19.0,20.0,30,2017-18,85.4,62.5
8488,W. Morgan,DF,1984-01-21,Premier League,2818.0,32.0,876.0,748.0,0.0,0.0,0.0,4.0,170.0,6974.100000000007,0.0,95.0,12.0,3.0,0.0,18.0,45.0,3.0,72.0,50.0,159.0,182.0,85.0,107.0,33,2017-18,85.4,40.0
297258,S. Kaikai,MF,1995-08-26,Premier League,13.0,1.0,6.0,2.0,0.0,0.0,0.0,0.0,0.0,13.65,2.0,1.0,0.0,0.0,0.0,3.0,3.0,0.0,0.0,1.0,2.0,0.0,0.0,0.0,22,2017-18,33.3,100.0
8495,D. Drinkwater,MF,1990-03-05,Premier League,524.0,12.0,375.0,328.0,1.0,0.0,2.0,6.0,36.0,1714.6499999999987,4.0,22.0,6.0,2.0,1.0,6.0,20.0,1.0,8.0,9.0,60.0,31.0,5.0,1.0,27,2017-18,87.5,30.0
8498,A. King,MF,1988-10-29,Premier League,1251.0,20.0,551.0,465.0,2.0,0.0,4.0,17.0,65.0,2953.65,17.0,60.0,14.0,7.0,3.0,18.0,38.0,1.0,26.0,16.0,94.0,55.0,15.0,16.0,29,2017-18,84.4,47.4
86325,Ramiro Funes Mori,DF,1991-03-05,Premier League,119.0,4.0,52.0,43.0,0.0,0.0,0.0,0.0,10.0,455.69999999999993,0.0,9.0,1.0,0.0,0.0,3.0,4.0,0.0,5.0,0.0,6.0,11.0,8.0,9.0,26,2017-18,82.7,75.0
8501,J. Schlupp,DF,1992-12-23,Premier League,1748.0,24.0,666.0,518.0,3.0,0.0,3.0,29.0,114.0,4212.6,37.0,61.0,14.0,2.0,0.0,43.0,115.0,12.0,31.0,32.0,169.0,131.0,37.0,37.0,25,2017-18,77.8,37.4
207164,B. N'Diaye,MF,1990-10-27,Premier League,1140.0,13.0,334.0,268.0,0.0,1.0,2.0,5.0,46.0,1909.9499999999998,7.0,29.0,19.0,6.0,2.0,50.0,87.0,12.0,12.0,24.0,121.0,60.0,9.0,8.0,27,2017-18,80.2,57.5
8514,S. Mignolet,GK,1988-03-06,Premier League,1710.0,19.0,430.0,371.0,0.0,0.0,0.0,0.0,218.0,8327.55,0.0,138.0,0.0,0.0,0.0,2.0,3.0,0.0,0.0,0.0,5.0,35.0,4.0,9.0,29,2017-18,86.3,66.7
8516,P. Bardsley,DF,1985-06-28,Premier League,1126.0,13.0,417.0,315.0,5.0,0.0,1.0,21.0,92.0,3466.0500000000006,25.0,84.0,2.0,2.0,0.0,23.0,36.0,7.0,6.0,25.0,112.0,101.0,46.0,28.0,32,2017-18,75.5,63.9
379209,D. Rice,DF,1999-01-14,Premier League,1428.0,24.0,549.0,456.0,0.0,0.0,1.0,9.0,106.0,4457.250000000001,5.0,103.0,4.0,0.0,0.0,9.0,22.0,9.0,11.0,29.0,100.0,91.0,43.0,32.0,18,2017-18,83.1,40.9
8530,J. McClean,MF,1989-04-22,Premier League,1397.0,30.0,422.0,293.0,7.0,0.0,1.0,28.0,18.0,981.7499999999999,81.0,31.0,28.0,6.0,1.0,98.0,177.0,16.0,48.0,30.0,154.0,56.0,6.0,16.0,28,2017-18,69.4,55.4
340,Cuco Martina,DF,1989-09-25,Premier League,1830.0,21.0,829.0,657.0,5.0,2.0,3.0,34.0,125.0,4908.750000000002,52.0,118.0,3.0,1.0,0.0,20.0,51.0,8.0,11.0,55.0,202.0,159.0,72.0,28.0,28,2017-18,79.3,39.2
14688,S. Prödl,DF,1987-06-21,Premier League,1569.0,21.0,550.0,455.0,0.0,0.0,0.0,3.0,112.0,4944.450000000001,1.0,101.0,7.0,1.0,0.0,5.0,10.0,2.0,35.0,27.0,112.0,107.0,52.0,50.0,30,2017-18,82.7,50.0
22889,D. Zappacosta,DF,1992-06-11,Serie A,1188.0,24.0,545.0,428.0,5.0,1.0,1.0,33.0,37.0,1704.1499999999999,98.0,20.0,24.0,9.0,1.0,73.0,132.0,13.0,53.0,13.0,107.0,50.0,10.0,17.0,25,2017-18,78.5,55.3
8554,J. Tomkins,DF,1989-03-29,Premier League,2388.0,28.0,838.0,704.0,0.0,0.0,1.0,3.0,176.0,7300.650000000002,3.0,122.0,20.0,10.0,3.0,14.0,25.0,1.0,64.0,43.0,167.0,204.0,125.0,117.0,28,2017-18,84.0,56.0
8553,W. Reid,DF,1988-07-03,Premier League,1454.0,17.0,647.0,555.0,0.0,0.0,0.0,2.0,127.0,5378.100000000004,1.0,109.0,6.0,0.0,0.0,13.0,21.0,1.0,33.0,25.0,84.0,122.0,37.0,50.0,29,2017-18,85.8,61.9
14703,M. Arnautović,FW,1989-04-19,Premier League,2378.0,31.0,689.0,496.0,11.0,5.0,12.0,51.0,37.0,1816.4999999999998,72.0,20.0,67.0,31.0,11.0,169.0,369.0,17.0,226.0,24.0,99.0,78.0,27.0,17.0,28,2017-18,72.0,45.8
8561,M. Noble,MF,1987-05-08,Premier League,2404.0,29.0,1245.0,1068.0,4.0,0.0,12.0,36.0,203.0,7989.449999999999,12.0,158.0,16.0,6.0,4.0,80.0,134.0,3.0,19.0,38.0,228.0,129.0,16.0,12.0,30,2017-18,85.8,59.7
370,V. van Dijk,DF,1991-07-08,Premier League,2253.0,26.0,1635.0,1482.0,2.0,0.0,1.0,5.0,317.0,13657.350000000002,2.0,125.0,24.0,6.0,0.0,17.0,30.0,3.0,89.0,38.0,115.0,163.0,98.0,152.0,26,2017-18,90.6,56.7
8566,S. Baldock,FW,1989-03-15,Premier League,30.0,2.0,4.0,2.0,0.0,0.0,0.0,2.0,0.0,0.0,1.0,0.0,0.0,0.0,0.0,1.0,3.0,0.0,3.0,0.0,0.0,0.0,0.0,0.0,28,2017-18,50.0,33.3
20855,E. Schelotto,DF,1989-05-23,Premier League,1317.0,20.0,463.0,354.0,4.0,0.0,1.0,11.0,70.0,2603.9999999999986,35.0,49.0,7.0,2.0,0.0,44.0,92.0,20.0,22.0,16.0,98.0,68.0,35.0,31.0,28,2017-18,76.5,47.8
20857,M. Gabbiadini,FW,1991-11-26,Premier League,1072.0,26.0,189.0,136.0,4.0,0.0,1.0,3.0,4.0,203.70000000000002,11.0,3.0,22.0,10.0,5.0,17.0,53.0,3.0,58.0,4.0,34.0,12.0,2.0,13.0,26,2017-18,72.0,32.1
383,D. Tadić,MF,1988-11-20,Premier League,2814.0,36.0,1165.0,862.0,23.0,3.0,33.0,94.0,126.0,5103.0,111.0,91.0,38.0,14.0,6.0,222.0,449.0,37.0,171.0,23.0,163.0,77.0,12.0,9.0,29,2017-18,74.0,49.4
8580,A. McCarthy,GK,1989-12-03,Premier League,1620.0,18.0,220.0,176.0,0.0,0.0,0.0,0.0,126.0,5996.549999999999,0.0,135.0,0.0,0.0,0.0,0.0,0.0,0.0,0.0,0.0,0.0,25.0,4.0,12.0,28,2017-18,80.0,
8582,A. Cresswell,DF,1989-12-15,Premier League,3072.0,36.0,1350.0,1049.0,5.0,4.0,3.0,40.0,228.0,9720.9,108.0,190.0,20.0,6.0,1.0,30.0,84.0,18.0,28.0,38.0,183.0,158.0,57.0,57.0,28,2017-18,77.7,35.7
8583,D. Delaney,DF,1981-07-20,Premier League,95.0,2.0,38.0,33.0,0.0,0.0,0.0,0.0,18.0,583.8000000000001,0.0,9.0,0.0,0.0,0.0,0.0,1.0,0.0,0.0,2.0,10.0,10.0,4.0,1.0,36,2017-18,86.8,0.0
104851,M. Dúbravka,GK,1989-01-15,Premier League,1080.0,12.0,195.0,170.0,0.0,0.0,0.0,0.0,99.0,4301.850000000003,0.0,87.0,0.0,0.0,0.0,1.0,1.0,0.0,0.0,0.0,1.0,22.0,5.0,5.0,28,2017-18,87.2,100.0
14748,A. Rüdiger,DF,1993-03-03,Premier League,2336.0,27.0,1628.0,1479.0,1.0,0.0,3.0,7.0,353.0,13321.349999999997,13.0,122.0,15.0,3.0,2.0,22.0,47.0,14.0,36.0,42.0,185.0,116.0,62.0,67.0,24,2017-18,90.8,46.8
240032,J. Bednarek,DF,1996-04-12,Premier League,428.0,5.0,167.0,141.0,0.0,0.0,0.0,1.0,35.0,1347.1500000000008,0.0,25.0,1.0,1.0,1.0,1.0,3.0,0.0,5.0,7.0,25.0,20.0,26.0,9.0,21,2017-18,84.4,33.3
340386,Gabriel Jesus,FW,1997-04-03,Premier League,1670.0,29.0,542.0,451.0,6.0,2.0,13.0,31.0,30.0,1312.4999999999989,7.0,4.0,55.0,31.0,13.0,57.0,178.0,4.0,196.0,19.0,89.0,36.0,6.0,20.0,20,2017-18,83.2,32.0
10663,A. Gray,FW,1991-06-26,Premier League,1498.0,29.0,271.0,200.0,4.0,2.0,5.0,14.0,16.0,805.3500000000001,12.0,3.0,34.0,14.0,5.0,49.0,176.0,3.0,116.0,4.0,19.0,17.0,1.0,17.0,26,2017-18,73.8,27.8
14763,S. Okazaki,FW,1986-04-16,Premier League,1329.0,27.0,337.0,263.0,4.0,0.0,6.0,15.0,26.0,1164.4500000000003,7.0,10.0,26.0,15.0,6.0,67.0,138.0,5.0,64.0,12.0,81.0,34.0,3.0,32.0,31,2017-18,78.0,48.6
8620,M. Diamé,MF,1987-06-14,Premier League,2040.0,30.0,757.0,644.0,2.0,0.0,3.0,11.0,100.0,4272.449999999998,6.0,72.0,21.0,7.0,2.0,76.0,151.0,9.0,34.0,74.0,252.0,113.0,15.0,60.0,30,2017-18,85.1,50.3
227756,J. Boga,FW,1997-01-03,Premier League,18.0,1.0,4.0,4.0,0.0,0.0,0.0,0.0,1.0,26.25,0.0,0.0,0.0,0.0,0.0,0.0,0.0,0.0,1.0,0.0,0.0,0.0,0.0,0.0,21,2017-18,100.0,
8623,J. McArthur,MF,1987-10-07,Premier League,2437.0,33.0,1020.0,852.0,2.0,1.0,12.0,36.0,134.0,5476.800000000002,14.0,82.0,29.0,10.0,5.0,78.0,188.0,12.0,101.0,57.0,252.0,133.0,35.0,38.0,30,2017-18,83.5,41.5
8624,J. McCarthy,MF,1990-11-12,Premier League,207.0,4.0,101.0,78.0,0.0,0.0,1.0,4.0,13.0,473.5500000000001,1.0,12.0,1.0,0.0,0.0,7.0,11.0,0.0,1.0,4.0,21.0,16.0,3.0,3.0,27,2017-18,77.2,63.6
8625,V. Moses,MF,1990-12-12,Premier League,2118.0,28.0,896.0,688.0,11.0,3.0,2.0,53.0,80.0,3343.2000000000035,109.0,86.0,35.0,13.0,3.0,145.0,215.0,23.0,122.0,23.0,120.0,93.0,20.0,28.0,27,2017-18,76.8,67.4
8627,B. Watson,MF,1985-07-09,Premier League,458.0,7.0,230.0,191.0,0.0,0.0,0.0,2.0,39.0,1552.9499999999996,2.0,23.0,2.0,0.0,0.0,4.0,8.0,0.0,2.0,9.0,64.0,34.0,7.0,7.0,32,2017-18,83.0,50.0
8643,M. Lowton,DF,1989-06-09,Premier League,2294.0,26.0,894.0,641.0,5.0,4.0,5.0,37.0,172.0,6309.450000000008,79.0,172.0,3.0,0.0,0.0,34.0,60.0,5.0,15.0,37.0,187.0,196.0,74.0,41.0,28,2017-18,71.7,56.7
70083,Danilo,DF,1991-07-15,Premier League,1342.0,22.0,1115.0,999.0,0.0,1.0,8.0,25.0,123.0,5580.75,31.0,58.0,19.0,7.0,3.0,30.0,46.0,10.0,31.0,23.0,94.0,58.0,18.0,14.0,26,2017-18,89.6,65.2
70085,E. Mangala,DF,1991-02-13,Premier League,618.0,11.0,387.0,357.0,0.0,0.0,0.0,1.0,81.0,3204.6000000000004,0.0,29.0,2.0,0.0,0.0,6.0,16.0,1.0,17.0,5.0,32.0,30.0,20.0,13.0,26,2017-18,92.2,37.5
454,P. van Aanholt,DF,1990-08-29,Premier League,2185.0,28.0,914.0,694.0,7.0,1.0,10.0,43.0,115.0,5204.85,54.0,77.0,33.0,11.0,5.0,48.0,92.0,20.0,44.0,36.0,154.0,112.0,40.0,9.0,27,2017-18,75.9,52.2
70086,N. Otamendi,DF,1988-02-12,Premier League,2969.0,34.0,2964.0,2779.0,2.0,0.0,3.0,17.0,488.0,22864.80000000003,3.0,150.0,31.0,9.0,4.0,23.0,36.0,10.0,58.0,54.0,180.0,142.0,68.0,100.0,29,2017-18,93.8,63.9
240070,H. Winks,MF,1996-02-02,Premier League,770.0,15.0,628.0,567.0,1.0,0.0,2.0,9.0,69.0,3327.45,9.0,32.0,3.0,0.0,0.0,17.0,43.0,9.0,4.0,13.0,57.0,30.0,6.0,3.0,21,2017-18,90.3,39.5
14796,C. Löwe,DF,1989-04-16,Premier League,1592.0,23.0,662.0,479.0,1.0,0.0,1.0,14.0,112.0,3947.9999999999973,55.0,117.0,8.0,2.0,0.0,18.0,31.0,14.0,4.0,18.0,133.0,93.0,47.0,15.0,28,2017-18,72.4,58.1
252365,D. Yedlin,DF,1993-07-09,Premier League,2842.0,34.0,1055.0,797.0,10.0,2.0,2.0,43.0,128.0,5147.100000000005,79.0,136.0,6.0,0.0,0.0,69.0,117.0,26.0,27.0,37.0,285.0,182.0,53.0,46.0,24,2017-18,75.5,59.0
8653,H. Maguire,DF,1993-03-05,Premier League,3420.0,38.0,1640.0,1360.0,4.0,3.0,4.0,22.0,377.0,15050.699999999992,18.0,241.0,27.0,8.0,2.0,97.0,149.0,14.0,159.0,94.0,197.0,246.0,103.0,134.0,24,2017-18,82.9,65.1
70092,S. Defour,MF,1988-04-15,Premier League,2008.0,24.0,1019.0,870.0,6.0,1.0,4.0,33.0,159.0,6428.100000000004,46.0,101.0,19.0,7.0,1.0,33.0,55.0,11.0,9.0,30.0,157.0,133.0,18.0,8.0,29,2017-18,85.4,60.0
466,D. Pröpper,MF,1991-09-02,Premier League,3136.0,35.0,1341.0,1083.0,3.0,2.0,11.0,36.0,226.0,8569.050000000008,16.0,125.0,35.0,6.0,0.0,69.0,132.0,11.0,40.0,55.0,277.0,219.0,49.0,41.0,26,2017-18,80.8,52.3
532949,D. McNeil,MF,1999-11-22,Premier League,0.0,0.0,1.0,1.0,0.0,0.0,0.0,0.0,0.0,0.0,0.0,0.0,0.0,0.0,0.0,0.0,0.0,0.0,0.0,0.0,0.0,0.0,0.0,0.0,18,2017-18,100.0,
471,W. Bony,FW,1988-12-10,Premier League,704.0,15.0,154.0,115.0,1.0,0.0,4.0,5.0,8.0,436.79999999999995,0.0,5.0,18.0,8.0,2.0,37.0,105.0,1.0,47.0,4.0,15.0,19.0,14.0,48.0,29,2017-18,74.7,35.2
14808,İ. Gündoğan,MF,1990-10-24,Premier League,1506.0,29.0,1350.0,1263.0,2.0,0.0,11.0,48.0,140.0,6573.0,8.0,31.0,35.0,11.0,4.0,57.0,108.0,22.0,68.0,28.0,95.0,55.0,10.0,3.0,27,2017-18,93.6,52.8
8677,M. Antonio,FW,1990-03-28,Premier League,1354.0,21.0,392.0,255.0,4.0,1.0,5.0,23.0,30.0,1381.7999999999997,60.0,41.0,36.0,15.0,3.0,131.0,318.0,21.0,66.0,13.0,58.0,41.0,10.0,45.0,27,2017-18,65.1,41.2
268776,W. Hoedt,DF,1994-03-06,Premier League,2520.0,28.0,1248.0,1047.0,0.0,0.0,1.0,7.0,336.0,12721.799999999988,7.0,235.0,14.0,2.0,0.0,42.0,62.0,9.0,36.0,52.0,195.0,198.0,119.0,73.0,23,2017-18,83.9,67.7
70122,N. Matić,MF,1988-08-01,Premier League,3119.0,36.0,2456.0,2183.0,4.0,1.0,19.0,47.0,375.0,16353.749999999967,16.0,192.0,18.0,3.0,1.0,116.0,222.0,11.0,42.0,73.0,261.0,224.0,37.0,64.0,29,2017-18,88.9,52.3
270828,G. N'Koudou,FW,1995-02-13,Premier League,225.0,8.0,82.0,65.0,0.0,0.0,0.0,4.0,3.0,208.95,9.0,4.0,4.0,0.0,0.0,28.0,61.0,3.0,17.0,7.0,24.0,9.0,1.0,0.0,22,2017-18,79.3,45.9
8686,H. Robson-Kanu,FW,1989-05-21,Premier League,828.0,20.0,178.0,116.0,3.0,0.0,4.0,10.0,15.0,632.0999999999999,21.0,10.0,18.0,8.0,2.0,65.0,164.0,2.0,64.0,6.0,51.0,19.0,7.0,23.0,28,2017-18,65.2,39.6
68085,C. Kabasele,DF,1991-02-24,Premier League,2332.0,28.0,858.0,693.0,0.0,0.0,1.0,11.0,219.0,8678.250000000002,2.0,167.0,10.0,5.0,2.0,17.0,31.0,2.0,59.0,51.0,203.0,180.0,86.0,97.0,26,2017-18,80.8,54.8
61941,F. Forster,GK,1988-03-17,Premier League,1800.0,20.0,285.0,208.0,0.0,0.0,0.0,0.0,148.0,6252.750000000003,0.0,161.0,0.0,0.0,0.0,0.0,1.0,0.0,0.0,0.0,0.0,15.0,3.0,2.0,29,2017-18,73.0,0.0
340476,R. Oxford,DF,1998-12-16,Bundesliga,469.0,8.0,228.0,178.0,0.0,0.0,0.0,2.0,40.0,1444.8000000000004,6.0,27.0,3.0,1.0,0.0,11.0,19.0,0.0,11.0,7.0,27.0,26.0,19.0,17.0,19,2017-18,78.1,57.9
14853,C. Fuchs,DF,1986-04-07,Premier League,1920.0,25.0,901.0,670.0,2.0,0.0,1.0,19.0,151.0,6034.349999999999,65.0,118.0,11.0,0.0,0.0,31.0,56.0,17.0,5.0,46.0,189.0,131.0,45.0,64.0,31,2017-18,74.4,55.4
283142,D. Gray,MF,1996-06-28,Premier League,1688.0,34.0,595.0,458.0,10.0,1.0,6.0,29.0,45.0,1974.0000000000016,75.0,38.0,34.0,9.0,3.0,134.0,258.0,35.0,93.0,13.0,83.0,54.0,10.0,6.0,21,2017-18,77.0,51.9
61961,B. Kayal,MF,1988-05-02,Premier League,740.0,18.0,223.0,185.0,1.0,0.0,1.0,8.0,28.0,1128.75,7.0,19.0,4.0,2.0,0.0,29.0,50.0,3.0,13.0,14.0,79.0,46.0,7.0,9.0,29,2017-18,83.0,58.0
277002,F. Diabaté,FW,1995-10-18,Premier League,584.0,14.0,222.0,184.0,3.0,1.0,3.0,17.0,16.0,835.8000000000002,16.0,3.0,6.0,2.0,0.0,54.0,103.0,16.0,26.0,5.0,34.0,17.0,3.0,11.0,22,2017-18,82.9,52.4
61962,Sung-Yeung Ki,MF,1989-01-24,Premier League,1869.0,25.0,794.0,709.0,1.0,0.0,2.0,20.0,77.0,3658.2000000000044,10.0,41.0,20.0,7.0,2.0,41.0,69.0,16.0,28.0,17.0,87.0,86.0,13.0,10.0,28,2017-18,89.3,59.4
70156,A. Carrillo,MF,1991-06-14,Premier League,1539.0,27.0,722.0,564.0,10.0,2.0,5.0,46.0,64.0,2863.350000000001,63.0,43.0,21.0,2.0,1.0,134.0,262.0,25.0,74.0,26.0,94.0,53.0,9.0,14.0,26,2017-18,78.1,51.1
8717,H. Kane,FW,1993-07-28,Premier League,3083.0,37.0,594.0,439.0,9.0,2.0,16.0,53.0,79.0,2965.2000000000003,29.0,60.0,175.0,74.0,29.0,191.0,455.0,20.0,336.0,12.0,67.0,37.0,18.0,62.0,24,2017-18,73.9,42.0
61967,V. Wanyama,MF,1991-06-25,Premier League,838.0,17.0,593.0,534.0,0.0,0.0,1.0,4.0,75.0,3436.650000000003,3.0,34.0,12.0,3.0,1.0,33.0,63.0,2.0,16.0,27.0,88.0,45.0,13.0,16.0,26,2017-18,90.1,52.4
14869,S. Kolašinac,DF,1993-06-20,Premier League,2153.0,27.0,1251.0,1041.0,8.0,4.0,7.0,48.0,131.0,5870.549999999998,61.0,69.0,19.0,7.0,2.0,39.0,76.0,16.0,107.0,41.0,184.0,77.0,32.0,46.0,24,2017-18,83.2,51.3
8726,A. Begović,GK,1987-06-20,Premier League,3420.0,38.0,612.0,507.0,0.0,0.0,0.0,0.0,323.0,12533.850000000006,0.0,251.0,0.0,0.0,0.0,0.0,0.0,0.0,0.0,1.0,4.0,73.0,7.0,19.0,30,2017-18,82.8,
14870,J. Matip,DF,1991-08-08,Premier League,1994.0,24.0,1577.0,1445.0,0.0,0.0,0.0,4.0,350.0,13484.099999999993,3.0,107.0,11.0,2.0,1.0,16.0,36.0,4.0,41.0,50.0,143.0,121.0,64.0,62.0,26,2017-18,91.6,44.4
8731,R. Shawcross,DF,1987-10-04,Premier League,2372.0,27.0,595.0,451.0,1.0,0.0,0.0,6.0,146.0,5546.100000000001,1.0,120.0,20.0,7.0,1.0,13.0,22.0,2.0,79.0,38.0,178.0,202.0,126.0,173.0,30,2017-18,75.8,59.1
61979,K. Bartley,DF,1991-05-22,Premier League,233.0,5.0,105.0,90.0,1.0,0.0,0.0,1.0,23.0,842.1000000000001,0.0,11.0,2.0,0.0,0.0,0.0,1.0,0.0,10.0,3.0,11.0,26.0,15.0,13.0,26,2017-18,85.7,0.0
12829,J. Vardy,FW,1987-01-11,Premier League,3254.0,37.0,409.0,272.0,11.0,2.0,3.0,43.0,29.0,1210.6499999999996,55.0,20.0,66.0,34.0,20.0,77.0,173.0,17.0,237.0,17.0,80.0,35.0,9.0,76.0,30,2017-18,66.5,44.5
61988,S. Davis,MF,1985-01-01,Premier League,1520.0,23.0,1028.0,866.0,3.0,0.0,3.0,29.0,131.0,5552.400000000006,19.0,88.0,14.0,4.0,3.0,27.0,78.0,9.0,26.0,20.0,122.0,85.0,13.0,14.0,33,2017-18,84.2,34.6
14886,M. Bešić,MF,1992-09-10,Premier League,44.0,1.0,23.0,22.0,0.0,0.0,0.0,0.0,1.0,82.95,0.0,1.0,0.0,0.0,0.0,2.0,4.0,0.0,0.0,1.0,5.0,3.0,0.0,1.0,25,2017-18,95.7,50.0
8745,D. Whitehead,MF,1982-01-12,Premier League,67.0,4.0,44.0,41.0,0.0,0.0,0.0,0.0,9.0,295.05,0.0,1.0,0.0,0.0,0.0,0.0,0.0,0.0,0.0,0.0,6.0,3.0,1.0,0.0,35,2017-18,93.2,
8747,P. Crouch,FW,1981-01-30,Premier League,1554.0,31.0,383.0,272.0,3.0,2.0,1.0,11.0,13.0,851.5500000000001,4.0,8.0,21.0,8.0,5.0,26.0,109.0,3.0,152.0,2.0,36.0,43.0,21.0,248.0,36,2017-18,71.0,23.9
281135,M. Targett,DF,1995-09-18,Premier League,166.0,2.0,81.0,61.0,0.0,0.0,0.0,0.0,17.0,589.0500000000001,4.0,18.0,0.0,0.0,0.0,4.0,6.0,1.0,0.0,4.0,14.0,15.0,3.0,3.0,22,2017-18,75.3,66.7
8752,J. Walters,FW,1983-09-20,Premier League,37.0,3.0,6.0,3.0,0.0,0.0,0.0,0.0,1.0,16.8,0.0,0.0,1.0,0.0,0.0,2.0,5.0,0.0,4.0,0.0,0.0,1.0,1.0,2.0,34,2017-18,50.0,40.0
127537,L. Milivojević,MF,1991-04-07,Premier League,3082.0,36.0,1559.0,1303.0,0.0,1.0,10.0,21.0,271.0,10886.399999999992,14.0,211.0,42.0,16.0,10.0,82.0,132.0,7.0,40.0,74.0,300.0,237.0,64.0,51.0,26,2017-18,83.6,62.1
8761,M. Cranie,DF,1986-09-26,Premier League,180.0,3.0,86.0,73.0,0.0,0.0,0.0,0.0,12.0,559.65,0.0,11.0,0.0,0.0,0.0,1.0,3.0,0.0,3.0,5.0,14.0,14.0,9.0,4.0,31,2017-18,84.9,33.3
14911,Son Heung-Min,FW,1992-07-08,Premier League,2311.0,37.0,938.0,776.0,9.0,5.0,17.0,59.0,58.0,3034.4999999999986,57.0,22.0,70.0,31.0,12.0,179.0,381.0,27.0,212.0,17.0,99.0,49.0,5.0,4.0,25,2017-18,82.7,47.0
70215,C. Atsu,MF,1992-01-10,Premier League,1783.0,28.0,476.0,360.0,9.0,2.0,2.0,38.0,50.0,2017.0499999999984,73.0,16.0,32.0,11.0,2.0,111.0,228.0,34.0,85.0,15.0,82.0,73.0,14.0,15.0,25,2017-18,75.6,48.7
21095,M. Darmian,DF,1989-12-02,Premier League,443.0,6.0,196.0,166.0,0.0,0.0,0.0,3.0,24.0,1018.5,5.0,20.0,2.0,0.0,0.0,4.0,11.0,2.0,3.0,15.0,59.0,29.0,16.0,7.0,28,2017-18,84.7,36.4
21100,A. Ogbonna,DF,1988-05-23,Premier League,2880.0,32.0,1002.0,836.0,1.0,0.0,0.0,5.0,196.0,8474.550000000005,1.0,188.0,6.0,2.0,1.0,34.0,62.0,0.0,44.0,52.0,171.0,184.0,93.0,90.0,29,2017-18,83.4,54.8
8826,K. Darlow,GK,1990-10-08,Premier League,900.0,10.0,179.0,145.0,0.0,0.0,0.0,0.0,103.0,4757.550000000002,0.0,106.0,0.0,0.0,0.0,1.0,1.0,0.0,0.0,0.0,1.0,21.0,1.0,10.0,27,2017-18,81.0,100.0
8833,J. Lascelles,DF,1993-11-11,Premier League,2928.0,33.0,1117.0,942.0,2.0,0.0,1.0,6.0,219.0,9395.400000000012,3.0,194.0,12.0,9.0,3.0,14.0,32.0,3.0,61.0,41.0,149.0,215.0,120.0,137.0,24,2017-18,84.3,43.8
230020,A. Iwobi,MF,1996-05-03,Premier League,1840.0,26.0,1140.0,989.0,6.0,2.0,22.0,73.0,124.0,5511.450000000002,33.0,27.0,45.0,22.0,3.0,86.0,215.0,24.0,103.0,25.0,76.0,46.0,7.0,4.0,21,2017-18,86.8,40.0
62091,J. Murphy,MF,1989-08-28,Premier League,165.0,3.0,41.0,34.0,0.0,0.0,0.0,1.0,4.0,154.35,3.0,1.0,1.0,0.0,0.0,12.0,17.0,3.0,4.0,2.0,8.0,5.0,1.0,0.0,28,2017-18,82.9,70.6
21160,M. Britos,DF,1985-07-17,Premier League,866.0,11.0,368.0,305.0,2.0,0.0,0.0,5.0,83.0,3507.000000000001,7.0,73.0,4.0,2.0,1.0,9.0,16.0,0.0,15.0,18.0,71.0,44.0,23.0,37.0,32,2017-18,82.9,56.2
55979,M. Jørgensen,DF,1990-04-23,Premier League,3420.0,38.0,1507.0,1226.0,2.0,1.0,4.0,9.0,312.0,12503.399999999992,2.0,222.0,10.0,3.0,0.0,6.0,21.0,1.0,55.0,86.0,304.0,274.0,116.0,104.0,27,2017-18,81.4,28.6
21164,F. Fernández,DF,1989-02-21,Premier League,2677.0,30.0,1167.0,996.0,3.0,0.0,1.0,9.0,301.0,11514.299999999987,5.0,143.0,8.0,5.0,1.0,17.0,29.0,3.0,48.0,36.0,156.0,207.0,103.0,78.0,28,2017-18,85.3,58.6
8889,A. Mariappa,DF,1986-10-03,Premier League,2209.0,28.0,934.0,769.0,2.0,0.0,1.0,11.0,184.0,7818.300000000003,6.0,154.0,8.0,2.0,0.0,9.0,17.0,1.0,38.0,36.0,182.0,150.0,52.0,99.0,31,2017-18,82.3,52.9
703,M. Yoshida,DF,1988-08-24,Premier League,2056.0,24.0,1029.0,886.0,2.0,0.0,2.0,11.0,210.0,9043.649999999998,1.0,133.0,16.0,4.0,2.0,16.0,31.0,1.0,45.0,47.0,146.0,137.0,75.0,73.0,29,2017-18,86.1,51.6
92864,O. Karnezis,GK,1985-07-11,Premier League,1291.0,15.0,202.0,159.0,0.0,0.0,0.0,0.0,134.0,6334.650000000001,0.0,152.0,0.0,0.0,0.0,1.0,1.0,0.0,0.0,0.0,2.0,36.0,2.0,5.0,32,2017-18,78.7,100.0
8897,J. Hogg,MF,1988-12-06,Premier League,2437.0,30.0,1329.0,1167.0,1.0,0.0,5.0,14.0,185.0,8013.600000000003,5.0,104.0,10.0,2.0,0.0,47.0,83.0,10.0,7.0,62.0,286.0,183.0,43.0,36.0,29,2017-18,87.8,56.6
49859,A. Dragović,DF,1991-03-06,Bundesliga,810.0,12.0,358.0,313.0,1.0,0.0,0.0,1.0,81.0,3052.3500000000004,1.0,30.0,1.0,0.0,0.0,7.0,10.0,1.0,6.0,12.0,64.0,54.0,26.0,15.0,26,2017-18,87.4,70.0
8903,T. Deeney,FW,1988-06-29,Premier League,1898.0,29.0,400.0,268.0,3.0,1.0,8.0,42.0,39.0,1709.4000000000003,8.0,36.0,31.0,14.0,5.0,38.0,122.0,1.0,177.0,18.0,63.0,34.0,17.0,145.0,29,2017-18,67.0,31.1
291528,D. Lukebakio,MF,1997-09-24,Premier League,16.0,1.0,7.0,7.0,0.0,0.0,0.0,1.0,2.0,66.15,1.0,0.0,1.0,0.0,0.0,0.0,0.0,0.0,2.0,0.0,1.0,0.0,0.0,0.0,20,2017-18,100.0,
15054,M. Diouf,FW,1987-12-16,Premier League,2601.0,35.0,482.0,305.0,6.0,1.0,4.0,20.0,35.0,1628.549999999999,46.0,29.0,53.0,18.0,6.0,66.0,179.0,10.0,144.0,40.0,148.0,96.0,38.0,149.0,30,2017-18,63.3,36.9
49872,X. Shaqiri,MF,1991-10-10,Premier League,3051.0,36.0,1059.0,825.0,13.0,3.0,21.0,84.0,150.0,5692.050000000002,93.0,101.0,67.0,29.0,8.0,153.0,343.0,51.0,69.0,14.0,126.0,51.0,4.0,7.0,26,2017-18,77.9,44.6
49876,G. Xhaka,MF,1992-09-27,Premier League,3266.0,38.0,2974.0,2634.0,4.0,3.0,11.0,66.0,438.0,19064.85000000002,13.0,264.0,66.0,17.0,1.0,64.0,120.0,2.0,30.0,61.0,256.0,161.0,47.0,38.0,25,2017-18,88.6,53.3
8925,A. Westwood,MF,1990-04-01,Premier League,1105.0,18.0,601.0,493.0,3.0,0.0,1.0,14.0,94.0,3933.300000000001,12.0,99.0,8.0,1.0,0.0,9.0,24.0,2.0,8.0,15.0,79.0,72.0,13.0,7.0,27,2017-18,82.0,37.5
92899,J. Holebas,DF,1984-06-27,Premier League,2382.0,28.0,981.0,707.0,3.0,1.0,8.0,41.0,210.0,7355.250000000005,104.0,158.0,17.0,3.0,0.0,75.0,162.0,23.0,19.0,41.0,217.0,138.0,59.0,53.0,33,2017-18,72.1,46.3
447205,P. Foden,MF,2000-05-28,Premier League,44.0,4.0,43.0,38.0,1.0,0.0,0.0,2.0,0.0,50.400000000000006,3.0,0.0,0.0,0.0,0.0,9.0,10.0,1.0,8.0,2.0,4.0,0.0,0.0,0.0,17,2017-18,88.4,90.0
56038,J. Lössl,GK,1989-02-01,Premier League,3420.0,38.0,833.0,663.0,1.0,1.0,0.0,2.0,508.0,20925.45000000002,0.0,482.0,0.0,0.0,0.0,8.0,8.0,0.0,0.0,1.0,9.0,78.0,16.0,21.0,28,2017-18,79.6,100.0
8935,L. Grant,GK,1983-01-27,Premier League,270.0,3.0,51.0,42.0,0.0,0.0,0.0,0.0,28.0,1170.7499999999998,0.0,26.0,0.0,0.0,0.0,0.0,0.0,0.0,0.0,0.0,1.0,3.0,0.0,0.0,34,2017-18,82.4,
8944,B. Mee,DF,1989-09-21,Premier League,2610.0,29.0,1027.0,868.0,0.0,0.0,1.0,10.0,286.0,10932.599999999988,4.0,194.0,27.0,8.0,0.0,14.0,23.0,0.0,79.0,32.0,131.0,225.0,100.0,137.0,28,2017-18,84.5,60.9
8945,K. Trippier,DF,1990-09-19,Premier League,1915.0,24.0,1311.0,1048.0,12.0,2.0,19.0,66.0,158.0,6118.350000000003,106.0,126.0,7.0,1.0,0.0,45.0,71.0,11.0,28.0,28.0,158.0,125.0,25.0,41.0,27,2017-18,79.9,63.4
70389,Cédric Soares,DF,1991-08-31,Premier League,2797.0,32.0,1378.0,1013.0,10.0,3.0,5.0,64.0,221.0,8319.150000000001,147.0,242.0,24.0,4.0,0.0,52.0,113.0,18.0,38.0,48.0,256.0,145.0,51.0,37.0,26,2017-18,73.5,46.0
8953,C. Austin,FW,1989-07-05,Premier League,1030.0,24.0,190.0,152.0,1.0,0.0,1.0,4.0,14.0,613.1999999999999,2.0,12.0,46.0,25.0,7.0,26.0,81.0,2.0,86.0,3.0,31.0,29.0,13.0,36.0,28,2017-18,80.0,32.1
92922,K. Mirallas,MF,1987-10-05,Premier League,138.0,5.0,56.0,44.0,0.0,0.0,1.0,2.0,4.0,197.39999999999998,5.0,1.0,4.0,2.0,0.0,9.0,20.0,4.0,12.0,1.0,5.0,1.0,0.0,2.0,30,2017-18,78.6,45.0
8955,D. Ings,FW,1992-07-23,Premier League,265.0,8.0,75.0,55.0,1.0,0.0,3.0,6.0,6.0,286.65,4.0,3.0,8.0,5.0,1.0,10.0,23.0,1.0,30.0,2.0,15.0,7.0,1.0,1.0,25,2017-18,73.3,43.5
8958,J. Rodriguez,FW,1989-07-29,Premier League,2793.0,36.0,626.0,469.0,4.0,0.0,4.0,26.0,56.0,2485.350000000001,29.0,38.0,67.0,25.0,7.0,99.0,275.0,24.0,183.0,24.0,149.0,79.0,30.0,69.0,28,2017-18,74.9,36.0
8959,J. Stanislas,MF,1989-11-26,Premier League,1296.0,19.0,491.0,388.0,5.0,2.0,18.0,35.0,47.0,2091.5999999999995,24.0,11.0,45.0,20.0,5.0,52.0,105.0,14.0,59.0,14.0,60.0,47.0,9.0,8.0,28,2017-18,79.0,49.5
350976,B. Chilwell,DF,1996-12-21,Premier League,1875.0,24.0,920.0,687.0,8.0,2.0,2.0,40.0,112.0,4495.050000000002,97.0,79.0,6.0,1.0,0.0,86.0,162.0,34.0,27.0,40.0,162.0,102.0,48.0,66.0,21,2017-18,74.7,53.1
70403,Adrien Silva,MF,1989-03-15,Premier League,762.0,12.0,406.0,353.0,3.0,0.0,3.0,11.0,57.0,2601.9000000000015,6.0,28.0,10.0,2.0,0.0,26.0,64.0,3.0,7.0,14.0,84.0,32.0,1.0,10.0,28,2017-18,86.9,40.6
297733,S. McQueen,MF,1995-02-06,Premier League,143.0,7.0,63.0,50.0,0.0,0.0,1.0,2.0,5.0,308.70000000000005,4.0,6.0,1.0,0.0,0.0,4.0,8.0,2.0,3.0,3.0,14.0,11.0,3.0,0.0,22,2017-18,79.4,50.0
62224,R. Fraser,MF,1994-02-24,Premier League,2006.0,26.0,861.0,666.0,8.0,3.0,13.0,66.0,96.0,4271.4000000000015,88.0,53.0,31.0,13.0,5.0,75.0,128.0,38.0,71.0,9.0,70.0,69.0,22.0,12.0,23,2017-18,77.4,58.6
8976,T. Carroll,MF,1992-05-28,Premier League,2568.0,37.0,1388.0,1167.0,7.0,2.0,7.0,52.0,193.0,8199.449999999995,50.0,145.0,19.0,3.0,0.0,35.0,83.0,16.0,22.0,33.0,207.0,96.0,14.0,11.0,25,2017-18,84.1,42.2
92947,K. Stafylidis,DF,1993-12-02,Bundesliga,366.0,7.0,106.0,80.0,0.0,0.0,0.0,1.0,17.0,654.1499999999999,9.0,11.0,5.0,0.0,0.0,7.0,10.0,2.0,0.0,7.0,38.0,30.0,11.0,3.0,24,2017-18,75.5,70.0
8980,J. Hendrick,MF,1992-01-31,Premier League,2345.0,34.0,776.0,643.0,7.0,1.0,10.0,36.0,74.0,3049.200000000001,25.0,38.0,25.0,7.0,2.0,81.0,185.0,8.0,76.0,17.0,90.0,52.0,14.0,16.0,25,2017-18,82.9,43.8
8981,W. Hughes,MF,1995-04-17,Premier League,998.0,15.0,396.0,318.0,1.0,3.0,9.0,25.0,48.0,1833.3,10.0,22.0,12.0,3.0,2.0,39.0,100.0,12.0,49.0,24.0,88.0,36.0,5.0,4.0,22,2017-18,80.3,39.0
447254,R. Harper,MF,2000-03-08,Premier League,20.0,1.0,4.0,4.0,0.0,0.0,0.0,0.0,1.0,33.6,0.0,0.0,0.0,0.0,0.0,0.0,1.0,0.0,0.0,1.0,2.0,0.0,0.0,0.0,17,2017-18,100.0,0.0
8992,P. Gazzaniga,GK,1992-01-02,Premier League,90.0,1.0,15.0,12.0,0.0,0.0,0.0,0.0,6.0,206.85,0.0,5.0,0.0,0.0,0.0,0.0,0.0,0.0,0.0,0.0,1.0,1.0,0.0,1.0,26,2017-18,80.0,
25381,H. Lloris,GK,1986-12-26,Premier League,3240.0,36.0,815.0,732.0,1.0,0.0,0.0,1.0,408.0,14456.400000000001,0.0,215.0,0.0,0.0,0.0,3.0,3.0,0.0,0.0,0.0,4.0,81.0,26.0,13.0,31,2017-18,89.8,100.0
31528,N. Kanté,MF,1991-03-29,Premier League,2995.0,34.0,2100.0,1909.0,7.0,0.0,11.0,61.0,292.0,12458.250000000013,24.0,104.0,25.0,6.0,1.0,92.0,185.0,46.0,27.0,80.0,305.0,161.0,16.0,16.0,26,2017-18,90.9,49.7
4908,Alberto Moreno,DF,1992-07-05,Premier League,1264.0,16.0,799.0,672.0,5.0,0.0,4.0,27.0,113.0,4315.500000000004,51.0,77.0,12.0,2.0,0.0,34.0,45.0,14.0,20.0,27.0,98.0,65.0,33.0,14.0,25,2017-18,84.1,75.6
25393,D. Lovren,DF,1989-07-05,Premier League,2104.0,27.0,1709.0,1566.0,4.0,0.0,3.0,14.0,318.0,14213.850000000008,4.0,138.0,13.0,4.0,2.0,4.0,15.0,1.0,53.0,41.0,128.0,131.0,63.0,118.0,28,2017-18,91.6,26.7
49971,M. Bauer,DF,1992-01-25,Premier League,1309.0,15.0,321.0,211.0,10.0,0.0,1.0,16.0,44.0,1656.9,43.0,51.0,3.0,1.0,0.0,34.0,75.0,13.0,16.0,15.0,123.0,58.0,20.0,18.0,25,2017-18,65.7,45.3
293686,J. Murphy,MF,1995-02-24,Premier League,1143.0,24.0,306.0,206.0,4.0,1.0,4.0,21.0,24.0,1234.7999999999995,47.0,20.0,23.0,7.0,1.0,85.0,165.0,24.0,35.0,18.0,88.0,42.0,7.0,8.0,22,2017-18,67.3,51.5
293687,D. Calvert-Lewin,FW,1997-03-16,Premier League,1874.0,32.0,362.0,258.0,4.0,4.0,2.0,27.0,13.0,831.6,23.0,14.0,38.0,16.0,4.0,75.0,240.0,16.0,150.0,8.0,88.0,46.0,11.0,148.0,20,2017-18,71.3,31.2
11066,R. Sterling,FW,1994-12-08,Premier League,2592.0,33.0,1174.0,1004.0,19.0,10.0,17.0,112.0,56.0,3190.9500000000016,75.0,17.0,80.0,35.0,18.0,215.0,405.0,37.0,304.0,21.0,123.0,55.0,5.0,9.0,23,2017-18,85.5,53.1
332605,Ramadan Sobhi,MF,1997-01-23,Premier League,1233.0,23.0,422.0,331.0,5.0,0.0,6.0,26.0,39.0,1560.3,26.0,9.0,14.0,7.0,2.0,89.0,184.0,20.0,52.0,30.0,108.0,32.0,7.0,6.0,20,2017-18,78.4,48.4
285508,K. Iheanacho,FW,1996-03-10,Premier League,823.0,20.0,233.0,189.0,4.0,2.0,7.0,23.0,21.0,926.1,6.0,13.0,30.0,11.0,3.0,34.0,89.0,8.0,50.0,6.0,47.0,13.0,1.0,5.0,21,2017-18,81.1,38.2
25413,A. Lacazette,FW,1991-05-28,Premier League,2211.0,32.0,657.0,520.0,18.0,4.0,9.0,76.0,41.0,1839.599999999999,29.0,15.0,65.0,36.0,14.0,129.0,278.0,2.0,279.0,24.0,112.0,35.0,4.0,24.0,26,2017-18,79.1,46.4
11078,T. Smith,DF,1992-04-14,Premier League,1906.0,24.0,846.0,615.0,7.0,1.0,5.0,34.0,134.0,4978.05,69.0,160.0,8.0,2.0,0.0,30.0,58.0,15.0,8.0,39.0,164.0,116.0,53.0,17.0,25,2017-18,72.7,51.7
15175,L. Karius,GK,1993-06-22,Premier League,1710.0,19.0,455.0,407.0,0.0,0.0,0.0,0.0,250.0,9299.849999999999,0.0,148.0,0.0,0.0,0.0,2.0,3.0,0.0,0.0,0.0,2.0,26.0,6.0,10.0,24,2017-18,89.5,66.7
25415,J. Pied,DF,1989-02-23,Premier League,180.0,2.0,103.0,81.0,1.0,1.0,0.0,6.0,14.0,655.1999999999998,8.0,16.0,2.0,0.0,0.0,9.0,10.0,5.0,1.0,6.0,23.0,12.0,3.0,3.0,28,2017-18,78.6,90.0
119630,I. Slimani,FW,1988-06-18,Premier League,372.0,15.0,148.0,110.0,3.0,1.0,2.0,14.0,8.0,404.24999999999994,6.0,0.0,5.0,3.0,1.0,25.0,61.0,4.0,28.0,3.0,18.0,7.0,1.0,13.0,29,2017-18,74.3,41.0
21333,Y. Benalouane,DF,1987-03-28,Premier League,90.0,1.0,26.0,18.0,0.0,0.0,0.0,0.0,4.0,92.4,3.0,3.0,2.0,1.0,0.0,2.0,3.0,0.0,2.0,0.0,16.0,5.0,3.0,3.0,30,2017-18,69.2,66.7
25430,M. Sakho,DF,1990-02-13,Premier League,1598.0,19.0,717.0,624.0,0.0,1.0,2.0,1.0,137.0,5777.100000000004,0.0,57.0,2.0,1.0,1.0,17.0,36.0,0.0,18.0,11.0,51.0,141.0,51.0,41.0,27,2017-18,87.0,47.2
37725,C. Kouyaté,MF,1989-12-21,Premier League,2803.0,33.0,867.0,712.0,2.0,2.0,4.0,11.0,67.0,3451.350000000002,19.0,41.0,15.0,4.0,2.0,81.0,167.0,11.0,76.0,46.0,216.0,100.0,27.0,133.0,28,2017-18,82.1,48.5
15198,E. Choupo-Moting,FW,1989-03-23,Premier League,2258.0,30.0,621.0,474.0,5.0,4.0,11.0,35.0,52.0,2314.2000000000007,46.0,28.0,59.0,22.0,5.0,177.0,387.0,19.0,160.0,31.0,127.0,81.0,21.0,54.0,28,2017-18,76.3,45.7
37726,C. Mbemba,DF,1994-08-08,Premier League,673.0,9.0,210.0,161.0,3.0,0.0,0.0,7.0,39.0,1539.2999999999995,4.0,35.0,0.0,0.0,0.0,25.0,37.0,2.0,8.0,17.0,61.0,43.0,27.0,19.0,23,2017-18,76.7,67.6
486252,A. Wan-Bissaka,DF,1997-11-26,Premier League,628.0,7.0,226.0,165.0,2.0,0.0,0.0,6.0,38.0,1498.3500000000008,20.0,29.0,0.0,0.0,0.0,24.0,35.0,5.0,6.0,18.0,72.0,63.0,19.0,10.0,20,2017-18,73.0,68.6
15215,C. Schindler,DF,1990-04-29,Premier League,3299.0,37.0,1330.0,1137.0,0.0,0.0,1.0,5.0,244.0,10191.300000000017,3.0,161.0,9.0,0.0,0.0,11.0,19.0,3.0,54.0,78.0,268.0,235.0,142.0,157.0,27,2017-18,85.5,57.9
105333,Willian,MF,1988-08-09,Premier League,1886.0,36.0,916.0,738.0,16.0,3.0,17.0,76.0,81.0,3592.0499999999975,52.0,46.0,53.0,25.0,6.0,200.0,341.0,49.0,140.0,21.0,83.0,39.0,5.0,10.0,29,2017-18,80.6,58.7
105338,H. Mkhitaryan,MF,1989-01-21,Premier League,1725.0,26.0,967.0,787.0,8.0,7.0,18.0,51.0,87.0,4084.4999999999977,65.0,31.0,34.0,14.0,3.0,106.0,240.0,32.0,77.0,16.0,132.0,64.0,2.0,17.0,28,2017-18,81.4,44.2
105339,Fernandinho,MF,1985-05-04,Premier League,2885.0,34.0,2842.0,2609.0,10.0,3.0,23.0,61.0,392.0,18016.949999999986,15.0,149.0,48.0,20.0,5.0,62.0,97.0,6.0,69.0,65.0,223.0,153.0,26.0,103.0,32,2017-18,91.8,63.9
62344,J. Fulton,MF,1994-04-04,Premier League,19.0,2.0,7.0,5.0,0.0,0.0,0.0,0.0,0.0,18.9,0.0,0.0,0.0,0.0,0.0,0.0,2.0,0.0,0.0,0.0,3.0,2.0,0.0,0.0,23,2017-18,71.4,0.0
9097,L. Dunk,DF,1991-11-21,Premier League,3420.0,38.0,1423.0,1176.0,2.0,0.0,2.0,13.0,262.0,11706.449999999984,9.0,254.0,24.0,8.0,1.0,30.0,47.0,12.0,88.0,70.0,219.0,258.0,144.0,123.0,26,2017-18,82.6,63.8
11152,M. Dembélé,MF,1987-07-16,Premier League,1886.0,28.0,1365.0,1273.0,3.0,0.0,6.0,10.0,173.0,8182.650000000016,3.0,22.0,11.0,3.0,0.0,133.0,231.0,10.0,4.0,43.0,181.0,79.0,11.0,14.0,30,2017-18,93.3,57.6
447379,B. Baningime,MF,1998-09-09,Premier League,192.0,8.0,84.0,69.0,0.0,0.0,0.0,0.0,12.0,502.9499999999998,0.0,5.0,0.0,0.0,0.0,3.0,8.0,0.0,0.0,1.0,30.0,14.0,1.0,1.0,19,2017-18,82.1,37.5
93084,E. Jakupovic,GK,1984-10-02,Premier League,180.0,2.0,32.0,25.0,0.0,0.0,0.0,0.0,19.0,872.55,0.0,18.0,0.0,0.0,0.0,0.0,0.0,0.0,0.0,0.0,0.0,6.0,4.0,2.0,33,2017-18,78.1,
9123,A. Barnes,FW,1989-10-30,Premier League,2155.0,36.0,409.0,277.0,4.0,0.0,6.0,26.0,28.0,1292.5500000000004,20.0,15.0,55.0,21.0,9.0,109.0,249.0,5.0,189.0,13.0,83.0,48.0,19.0,87.0,28,2017-18,67.7,43.8
9127,S. Vokes,FW,1989-10-21,Premier League,981.0,29.0,146.0,102.0,1.0,0.0,0.0,6.0,6.0,327.59999999999997,1.0,4.0,27.0,8.0,4.0,21.0,77.0,0.0,97.0,2.0,15.0,20.0,7.0,128.0,28,2017-18,69.9,27.3
234408,J. Sinclair,FW,1996-09-20,Premier League,28.0,3.0,7.0,6.0,0.0,0.0,0.0,2.0,1.0,32.550000000000004,0.0,0.0,0.0,0.0,0.0,1.0,3.0,1.0,3.0,0.0,2.0,2.0,0.0,0.0,21,2017-18,85.7,33.3
404397,Brahim Diaz,MF,1999-08-03,Premier League,50.0,5.0,29.0,26.0,0.0,0.0,0.0,0.0,2.0,49.35,1.0,1.0,3.0,1.0,0.0,7.0,16.0,1.0,12.0,0.0,4.0,2.0,0.0,0.0,18,2017-18,89.7,43.8
240559,J. Riedewald,DF,1996-09-09,Premier League,437.0,12.0,152.0,123.0,0.0,0.0,1.0,5.0,34.0,1274.7000000000003,2.0,22.0,1.0,0.0,0.0,3.0,10.0,0.0,7.0,7.0,26.0,22.0,5.0,7.0,21,2017-18,80.9,30.0
215983,S. Boufal,MF,1993-09-17,Premier League,1212.0,25.0,550.0,424.0,7.0,2.0,10.0,34.0,69.0,2596.65,43.0,27.0,27.0,6.0,2.0,146.0,271.0,32.0,74.0,27.0,127.0,30.0,4.0,6.0,24,2017-18,77.1,53.9
254898,Kenedy,MF,1996-02-08,Premier League,1030.0,13.0,357.0,287.0,4.0,1.0,2.0,17.0,35.0,1473.1499999999994,25.0,15.0,23.0,5.0,2.0,59.0,137.0,9.0,22.0,21.0,88.0,47.0,8.0,5.0,21,2017-18,80.4,43.1
62389,A. Mooy,MF,1990-09-15,Premier League,3067.0,36.0,1850.0,1502.0,8.0,2.0,14.0,58.0,268.0,10727.85000000001,81.0,192.0,30.0,7.0,4.0,87.0,198.0,11.0,44.0,45.0,228.0,152.0,54.0,35.0,27,2017-18,81.2,43.9
25537,G. Krychowiak,MF,1990-01-29,Premier League,1646.0,27.0,772.0,630.0,4.0,2.0,6.0,14.0,118.0,4564.35,9.0,82.0,17.0,3.0,0.0,76.0,128.0,6.0,8.0,29.0,139.0,98.0,15.0,24.0,27,2017-18,81.6,59.4
15301,U. Hünemeier,DF,1986-01-09,Premier League,17.0,1.0,3.0,2.0,0.0,0.0,0.0,0.0,1.0,55.650000000000006,0.0,2.0,0.0,0.0,0.0,0.0,0.0,0.0,1.0,0.0,3.0,2.0,2.0,2.0,32,2017-18,66.7,
29640,M. Lemina,MF,1993-09-01,Premier League,1722.0,25.0,973.0,853.0,1.0,1.0,4.0,13.0,112.0,4940.250000000006,11.0,60.0,22.0,5.0,1.0,107.0,167.0,23.0,19.0,56.0,163.0,77.0,19.0,24.0,24,2017-18,87.7,64.1
9164,C. Taylor,DF,1993-09-18,Premier League,949.0,11.0,337.0,246.0,3.0,0.0,0.0,16.0,61.0,2316.2999999999997,28.0,70.0,0.0,0.0,0.0,38.0,67.0,5.0,0.0,10.0,57.0,70.0,25.0,21.0,24,2017-18,73.0,56.7
224206,S. Byram,DF,1993-09-16,Premier League,247.0,4.0,86.0,57.0,1.0,0.0,0.0,5.0,12.0,465.15000000000003,11.0,12.0,3.0,0.0,0.0,5.0,8.0,2.0,9.0,3.0,32.0,17.0,7.0,17.0,24,2017-18,66.3,62.5
25553,Azpilicueta,DF,1989-08-28,Premier League,3330.0,37.0,2713.0,2359.0,3.0,6.0,14.0,60.0,514.0,20030.849999999977,92.0,235.0,12.0,3.0,2.0,20.0,40.0,9.0,36.0,75.0,299.0,231.0,72.0,84.0,28,2017-18,87.0,50.0
353236,T. Davies,MF,1998-06-30,Premier League,1903.0,32.0,660.0,528.0,1.0,1.0,5.0,24.0,68.0,2885.400000000001,13.0,39.0,21.0,3.0,2.0,89.0,188.0,11.0,46.0,18.0,151.0,67.0,12.0,14.0,19,2017-18,80.0,47.3
134102,N. Aké,DF,1995-02-18,Premier League,3353.0,38.0,1539.0,1336.0,0.0,2.0,4.0,11.0,329.0,13504.050000000003,8.0,116.0,14.0,5.0,2.0,26.0,43.0,6.0,116.0,61.0,227.0,264.0,129.0,120.0,22,2017-18,86.8,60.5
353241,L. Nmecha,FW,1998-12-14,Premier League,14.0,2.0,4.0,4.0,0.0,0.0,0.0,0.0,0.0,3.1500000000000004,0.0,0.0,0.0,0.0,0.0,1.0,2.0,0.0,1.0,1.0,1.0,1.0,0.0,0.0,19,2017-18,100.0,50.0
9179,N. Wells,FW,1990-06-01,Premier League,46.0,9.0,17.0,15.0,0.0,0.0,0.0,1.0,0.0,14.7,2.0,0.0,3.0,1.0,0.0,4.0,9.0,1.0,10.0,1.0,5.0,1.0,0.0,0.0,27,2017-18,88.2,44.4
25571,J. Ayew,FW,1991-09-11,Premier League,2938.0,36.0,795.0,662.0,4.0,1.0,4.0,43.0,35.0,1819.649999999999,53.0,17.0,64.0,24.0,7.0,250.0,568.0,49.0,184.0,55.0,238.0,82.0,7.0,53.0,26,2017-18,83.3,44.0
25572,A. Ayew,FW,1989-12-17,Premier League,1841.0,30.0,533.0,441.0,2.0,2.0,4.0,21.0,40.0,1707.2999999999993,15.0,25.0,23.0,9.0,3.0,84.0,188.0,20.0,115.0,24.0,97.0,50.0,9.0,41.0,28,2017-18,82.7,44.7
256998,E. Bailly,DF,1994-04-12,Premier League,999.0,12.0,416.0,366.0,2.0,0.0,2.0,2.0,74.0,3125.849999999999,1.0,35.0,1.0,1.0,1.0,9.0,18.0,0.0,9.0,21.0,65.0,61.0,29.0,29.0,23,2017-18,88.0,50.0
9194,Y. Bolasie,MF,1989-05-24,Premier League,856.0,16.0,242.0,144.0,2.0,1.0,5.0,18.0,19.0,712.95,50.0,15.0,18.0,6.0,1.0,84.0,166.0,18.0,37.0,10.0,47.0,28.0,10.0,16.0,28,2017-18,59.5,50.6
9206,C. Wood,FW,1991-12-07,Premier League,1631.0,24.0,336.0,240.0,4.0,1.0,1.0,15.0,9.0,737.1000000000001,7.0,7.0,38.0,25.0,10.0,42.0,159.0,2.0,138.0,2.0,37.0,33.0,11.0,82.0,26,2017-18,71.4,26.4
25604,H. Saivet,MF,1990-10-26,Premier League,83.0,1.0,25.0,17.0,0.0,0.0,0.0,1.0,1.0,72.45000000000002,0.0,3.0,1.0,1.0,1.0,0.0,1.0,1.0,0.0,3.0,11.0,7.0,6.0,2.0,27,2017-18,68.0,0.0
9227,M. Ritchie,MF,1989-09-10,Premier League,2809.0,35.0,1057.0,776.0,15.0,2.0,18.0,65.0,108.0,4550.700000000002,96.0,109.0,56.0,16.0,3.0,92.0,188.0,29.0,69.0,35.0,240.0,128.0,39.0,36.0,28,2017-18,73.4,48.9
222220,A. Robertson,DF,1994-03-11,Premier League,1943.0,22.0,1493.0,1257.0,7.0,4.0,3.0,44.0,177.0,7558.950000000002,101.0,105.0,12.0,2.0,1.0,29.0,63.0,33.0,57.0,28.0,151.0,97.0,34.0,21.0,23,2017-18,84.2,46.0
11294,S. Arfield,MF,1988-11-01,Premier League,1334.0,18.0,347.0,247.0,0.0,0.0,4.0,13.0,31.0,1295.6999999999998,9.0,17.0,18.0,7.0,2.0,35.0,96.0,2.0,40.0,21.0,117.0,58.0,16.0,10.0,29,2017-18,71.2,36.5
447538,M. Obafemi,FW,2000-07-06,Premier League,8.0,1.0,1.0,1.0,0.0,0.0,0.0,0.0,0.0,0.0,0.0,0.0,0.0,0.0,0.0,0.0,0.0,0.0,1.0,0.0,1.0,0.0,0.0,0.0,17,2017-18,100.0,
9277,S. Cook,DF,1991-04-19,Premier League,2766.0,34.0,1241.0,1004.0,0.0,0.0,2.0,11.0,260.0,10568.250000000004,5.0,201.0,17.0,5.0,2.0,8.0,18.0,8.0,70.0,36.0,144.0,252.0,124.0,151.0,26,2017-18,80.9,44.4
25662,D. Ospina,GK,1988-08-31,Premier League,380.0,5.0,89.0,80.0,0.0,0.0,0.0,0.0,46.0,1600.2000000000007,0.0,24.0,0.0,0.0,0.0,1.0,1.0,0.0,0.0,0.0,0.0,7.0,1.0,6.0,29,2017-18,89.9,100.0
9279,S. Francis,DF,1985-02-16,Premier League,2751.0,32.0,1535.0,1204.0,11.0,0.0,0.0,57.0,300.0,12127.499999999996,85.0,265.0,11.0,1.0,0.0,28.0,58.0,9.0,76.0,44.0,203.0,206.0,104.0,158.0,32,2017-18,78.4,48.3
9280,S. Malone,DF,1991-03-25,Premier League,1115.0,21.0,510.0,367.0,2.0,0.0,2.0,12.0,82.0,3153.15,52.0,78.0,8.0,2.0,0.0,29.0,65.0,19.0,26.0,36.0,121.0,80.0,39.0,15.0,26,2017-18,72.0,44.6
9283,H. Arter,MF,1989-12-28,Premier League,962.0,13.0,555.0,494.0,1.0,0.0,5.0,8.0,90.0,3496.4999999999995,3.0,52.0,11.0,1.0,1.0,23.0,39.0,5.0,1.0,9.0,62.0,43.0,4.0,5.0,28,2017-18,89.0,59.0
9285,C. Daniels,DF,1986-09-07,Premier League,3006.0,35.0,1581.0,1247.0,9.0,2.0,10.0,41.0,204.0,8734.950000000004,100.0,139.0,19.0,6.0,1.0,67.0,123.0,42.0,47.0,42.0,166.0,153.0,66.0,52.0,31,2017-18,78.9,54.5
9293,M. Pugh,MF,1987-04-02,Premier League,986.0,19.0,492.0,390.0,3.0,0.0,7.0,34.0,57.0,2147.249999999999,35.0,35.0,19.0,5.0,0.0,61.0,120.0,4.0,57.0,6.0,39.0,39.0,7.0,8.0,30,2017-18,79.3,50.8
246866,A. Mawson,DF,1994-01-19,Premier League,3420.0,38.0,1649.0,1404.0,0.0,1.0,2.0,7.0,298.0,12943.349999999975,4.0,239.0,12.0,4.0,2.0,36.0,64.0,10.0,67.0,34.0,143.0,243.0,129.0,137.0,23,2017-18,85.1,56.2
265318,E. Fernandes,MF,1996-04-15,Premier League,847.0,14.0,261.0,207.0,2.0,1.0,1.0,9.0,18.0,910.3499999999998,8.0,16.0,7.0,1.0,0.0,33.0,65.0,8.0,19.0,10.0,65.0,36.0,4.0,10.0,21,2017-18,79.3,50.8
25703,P. Souaré,DF,1990-06-06,Premier League,8.0,1.0,9.0,9.0,0.0,0.0,0.0,0.0,1.0,32.55,0.0,0.0,0.0,0.0,0.0,0.0,0.0,0.0,0.0,0.0,0.0,1.0,0.0,0.0,27,2017-18,100.0,
25706,I. Gueye,MF,1989-09-26,Premier League,2779.0,33.0,1526.0,1324.0,2.0,1.0,4.0,26.0,174.0,8097.600000000007,15.0,81.0,24.0,8.0,2.0,91.0,190.0,15.0,14.0,102.0,346.0,190.0,18.0,37.0,28,2017-18,86.8,47.9
25707,E. Hazard,FW,1991-01-07,Premier League,2432.0,34.0,1327.0,1128.0,24.0,2.0,40.0,146.0,135.0,6660.150000000016,55.0,60.0,65.0,34.0,12.0,362.0,591.0,59.0,239.0,4.0,50.0,30.0,1.0,6.0,27,2017-18,85.0,61.3
15474,M. Hefele,DF,1990-09-01,Premier League,31.0,1.0,15.0,11.0,0.0,0.0,0.0,0.0,1.0,60.900000000000006,0.0,0.0,0.0,0.0,0.0,0.0,0.0,0.0,0.0,1.0,3.0,2.0,0.0,1.0,27,2017-18,73.3,
210044,E. Dier,MF,1994-01-15,Premier League,2827.0,34.0,2147.0,1903.0,7.0,2.0,7.0,32.0,370.0,15341.549999999996,27.0,192.0,30.0,7.0,0.0,17.0,47.0,6.0,61.0,46.0,183.0,167.0,48.0,90.0,23,2017-18,88.6,36.2
38021,K. De Bruyne,MF,1991-06-28,Premier League,3084.0,37.0,2672.0,2183.0,27.0,15.0,66.0,208.0,357.0,14638.04999999998,162.0,161.0,91.0,39.0,7.0,167.0,303.0,70.0,117.0,33.0,168.0,102.0,9.0,13.0,26,2017-18,81.7,55.1
13451,C. Goldson,DF,1992-12-18,Premier League,199.0,3.0,75.0,57.0,0.0,0.0,0.0,0.0,16.0,604.8,1.0,16.0,2.0,1.0,0.0,0.0,0.0,1.0,8.0,5.0,13.0,13.0,4.0,11.0,25,2017-18,76.0,
365707,J. Cullen,MF,1996-04-07,Premier League,7.0,2.0,2.0,1.0,0.0,0.0,0.0,0.0,0.0,11.55,0.0,0.0,0.0,0.0,0.0,0.0,1.0,0.0,0.0,0.0,2.0,1.0,0.0,0.0,21,2017-18,50.0,0.0
38031,C. Benteke,FW,1990-12-03,Premier League,2235.0,31.0,406.0,295.0,6.0,3.0,4.0,24.0,23.0,1172.8500000000004,5.0,7.0,55.0,20.0,3.0,78.0,222.0,6.0,236.0,11.0,61.0,54.0,25.0,263.0,27,2017-18,72.7,35.1
119951,Ahmed Hegazy,DF,1991-01-25,Premier League,3387.0,38.0,1128.0,898.0,2.0,0.0,2.0,10.0,309.0,11307.449999999997,12.0,288.0,17.0,4.0,2.0,36.0,78.0,2.0,68.0,63.0,221.0,306.0,168.0,125.0,26,2017-18,79.6,46.2
25747,S. Mané,FW,1992-04-10,Premier League,2263.0,29.0,933.0,767.0,12.0,4.0,27.0,84.0,63.0,3030.2999999999997,55.0,28.0,67.0,26.0,10.0,180.0,320.0,30.0,179.0,20.0,86.0,44.0,6.0,24.0,25,2017-18,82.2,56.2
386197,C. Roberts,DF,1995-09-23,Premier League,268.0,4.0,143.0,110.0,0.0,0.0,2.0,3.0,7.0,513.4499999999999,13.0,11.0,0.0,0.0,0.0,5.0,11.0,1.0,2.0,2.0,17.0,8.0,6.0,4.0,22,2017-18,76.9,45.5
134294,I. Hayden,MF,1995-03-22,Premier League,1372.0,24.0,496.0,391.0,3.0,0.0,1.0,16.0,47.0,2279.5499999999993,22.0,28.0,14.0,8.0,1.0,31.0,55.0,5.0,37.0,24.0,125.0,102.0,37.0,58.0,22,2017-18,78.8,56.4
265366,W. Ndidi,MF,1996-12-16,Premier League,2931.0,33.0,1562.0,1268.0,4.0,1.0,3.0,12.0,177.0,8281.350000000011,10.0,158.0,37.0,5.0,0.0,69.0,158.0,9.0,51.0,102.0,404.0,247.0,60.0,125.0,21,2017-18,81.2,43.7
406682,A. Lookman,MF,1998-07-18,Bundesliga,729.0,18.0,266.0,216.0,6.0,2.0,6.0,16.0,22.0,944.9999999999998,8.0,9.0,15.0,6.0,5.0,72.0,124.0,13.0,46.0,7.0,60.0,16.0,1.0,1.0,19,2017-18,81.2,58.1
279709,K. Palmer,MF,1996-11-09,Premier League,168.0,4.0,50.0,39.0,0.0,0.0,2.0,2.0,5.0,228.89999999999998,2.0,3.0,2.0,1.0,0.0,9.0,16.0,0.0,2.0,3.0,20.0,6.0,0.0,2.0,21,2017-18,78.0,56.2
5281,A. Nyom,DF,1988-05-10,Premier League,2308.0,29.0,829.0,636.0,5.0,1.0,2.0,40.0,130.0,4858.349999999998,95.0,120.0,3.0,0.0,0.0,81.0,155.0,12.0,8.0,51.0,226.0,109.0,62.0,22.0,29,2017-18,76.7,52.3
9380,J. Stones,DF,1994-05-28,Premier League,1305.0,17.0,1204.0,1175.0,0.0,0.0,0.0,1.0,206.0,10141.950000000003,1.0,43.0,9.0,3.0,0.0,10.0,17.0,0.0,25.0,14.0,59.0,54.0,24.0,36.0,23,2017-18,97.6,58.8
279717,A. Maitland-Niles,MF,1997-08-29,Premier League,908.0,14.0,547.0,475.0,5.0,0.0,1.0,26.0,49.0,2492.700000000002,24.0,32.0,5.0,0.0,0.0,35.0,64.0,6.0,22.0,23.0,97.0,68.0,23.0,7.0,20,2017-18,86.8,54.7
15526,P. Groß,MF,1991-06-15,Premier League,2947.0,38.0,1227.0,925.0,12.0,7.0,16.0,78.0,141.0,5516.700000000002,109.0,99.0,41.0,19.0,7.0,104.0,216.0,22.0,89.0,37.0,197.0,59.0,13.0,11.0,26,2017-18,75.4,48.1
13484,D. Alli,MF,1996-04-11,Premier League,2971.0,36.0,1184.0,949.0,17.0,9.0,34.0,88.0,124.0,5037.900000000002,34.0,55.0,70.0,18.0,9.0,213.0,458.0,37.0,239.0,34.0,151.0,91.0,15.0,33.0,21,2017-18,80.2,46.5
25785,S. Aurier,DF,1992-12-24,Premier League,1449.0,17.0,816.0,647.0,5.0,2.0,7.0,43.0,74.0,3231.9000000000005,86.0,40.0,15.0,5.0,2.0,43.0,90.0,5.0,50.0,35.0,153.0,85.0,18.0,51.0,25,2017-18,79.3,47.8
9403,C. Cathcart,DF,1989-02-06,Premier League,538.0,7.0,183.0,151.0,0.0,0.0,0.0,3.0,47.0,1774.4999999999998,0.0,43.0,2.0,1.0,0.0,3.0,4.0,0.0,6.0,14.0,25.0,35.0,23.0,7.0,28,2017-18,82.5,75.0
25798,E. Capoue,MF,1988-07-11,Premier League,1542.0,23.0,829.0,712.0,5.0,0.0,6.0,12.0,111.0,4714.5000000000055,4.0,93.0,23.0,4.0,1.0,39.0,85.0,2.0,13.0,43.0,139.0,115.0,23.0,43.0,29,2017-18,85.9,45.9
9414,M. Phillips,MF,1991-03-13,Premier League,2096.0,30.0,579.0,391.0,12.0,1.0,5.0,41.0,51.0,2221.799999999999,124.0,37.0,27.0,8.0,2.0,169.0,319.0,27.0,74.0,15.0,105.0,87.0,21.0,32.0,26,2017-18,67.5,53.0
531655,L. Lumeka,FW,1998-09-05,Premier League,25.0,1.0,11.0,7.0,0.0,0.0,0.0,1.0,0.0,15.75,4.0,0.0,0.0,0.0,0.0,3.0,5.0,2.0,1.0,1.0,2.0,1.0,0.0,0.0,19,2017-18,63.6,60.0
9419,T. Ince,MF,1992-01-30,Premier League,2454.0,33.0,663.0,536.0,6.0,0.0,3.0,26.0,60.0,2714.249999999998,41.0,31.0,64.0,20.0,2.0,112.0,209.0,23.0,100.0,25.0,136.0,54.0,13.0,18.0,25,2017-18,80.8,53.6
25804,M. Sissoko,MF,1989-08-16,Premier League,1393.0,32.0,852.0,723.0,6.0,1.0,9.0,34.0,64.0,3169.9500000000025,40.0,30.0,17.0,6.0,1.0,55.0,119.0,22.0,53.0,15.0,73.0,50.0,13.0,18.0,28,2017-18,84.9,46.2
38093,M. Batshuayi,FW,1993-10-02,Bundesliga,1190.0,22.0,238.0,181.0,1.0,2.0,4.0,13.0,16.0,935.5500000000001,1.0,6.0,42.0,19.0,9.0,45.0,157.0,5.0,97.0,8.0,40.0,19.0,7.0,18.0,24,2017-18,76.1,28.7
3278,Bruno Saltor,DF,1980-10-01,Premier League,2017.0,25.0,996.0,822.0,5.0,0.0,4.0,23.0,182.0,6812.399999999993,45.0,106.0,2.0,1.0,0.0,25.0,65.0,4.0,15.0,18.0,104.0,119.0,32.0,31.0,37,2017-18,82.5,38.5
134351,B. Afobe,FW,1993-02-12,Premier League,533.0,15.0,121.0,99.0,0.0,0.0,0.0,5.0,7.0,273.00000000000006,2.0,0.0,7.0,3.0,0.0,28.0,86.0,3.0,47.0,5.0,27.0,14.0,3.0,17.0,24,2017-18,81.8,32.6
128214,A. Mitrović,FW,1994-09-16,Premier League,90.0,6.0,48.0,37.0,0.0,0.0,0.0,3.0,2.0,97.64999999999999,2.0,0.0,4.0,2.0,1.0,14.0,25.0,0.0,20.0,1.0,6.0,4.0,2.0,4.0,23,2017-18,77.1,56.0
9433,J. Tarkowski,DF,1992-11-19,Premier League,2790.0,31.0,1028.0,816.0,1.0,0.0,0.0,7.0,263.0,10233.299999999996,5.0,223.0,12.0,5.0,0.0,32.0,55.0,0.0,86.0,55.0,179.0,239.0,107.0,158.0,25,2017-18,79.4,58.2
167145,Bellerín,DF,1995-03-19,Premier League,3051.0,35.0,1877.0,1592.0,18.0,3.0,17.0,89.0,138.0,6754.650000000011,96.0,77.0,28.0,8.0,2.0,67.0,142.0,22.0,130.0,40.0,239.0,154.0,44.0,41.0,22,2017-18,84.8,47.2
91381,J. Izquierdo,FW,1992-07-07,Premier League,1988.0,31.0,522.0,420.0,7.0,3.0,3.0,41.0,33.0,1701.0000000000002,26.0,18.0,53.0,16.0,5.0,91.0,181.0,27.0,110.0,21.0,96.0,58.0,22.0,10.0,25,2017-18,80.5,50.3
3319,M. Özil,MF,1988-10-15,Premier League,2162.0,26.0,1790.0,1564.0,23.0,6.0,23.0,145.0,201.0,9289.349999999999,48.0,58.0,39.0,14.0,4.0,102.0,194.0,29.0,109.0,18.0,96.0,49.0,4.0,0.0,29,2017-18,87.4,52.6
136441,B. Davies,DF,1993-04-24,Premier League,2323.0,27.0,1349.0,1066.0,6.0,4.0,6.0,57.0,182.0,7543.200000000008,122.0,100.0,15.0,6.0,2.0,58.0,91.0,20.0,48.0,34.0,182.0,108.0,35.0,44.0,24,2017-18,79.0,63.7
423162,E. Ampadu,DF,2000-09-14,Premier League,10.0,1.0,18.0,18.0,0.0,0.0,0.0,0.0,7.0,225.74999999999997,0.0,1.0,0.0,0.0,0.0,0.0,0.0,0.0,0.0,0.0,1.0,1.0,1.0,1.0,17,2017-18,100.0,
3324,Álvaro Morata,FW,1992-10-23,Premier League,2068.0,30.0,499.0,383.0,6.0,4.0,9.0,32.0,37.0,1695.7499999999993,26.0,27.0,74.0,33.0,11.0,170.0,393.0,22.0,257.0,11.0,74.0,32.0,15.0,48.0,25,2017-18,76.8,43.3
25854,K. Zouma,DF,1994-10-27,Premier League,2887.0,33.0,969.0,801.0,0.0,0.0,2.0,12.0,217.0,8131.200000000004,12.0,139.0,21.0,8.0,1.0,57.0,102.0,10.0,42.0,54.0,205.0,244.0,148.0,122.0,23,2017-18,82.7,55.9
3327,Joselu,FW,1990-03-27,Premier League,1716.0,30.0,466.0,354.0,4.0,1.0,3.0,14.0,23.0,1292.5499999999997,8.0,18.0,47.0,16.0,4.0,50.0,150.0,1.0,96.0,10.0,75.0,73.0,30.0,134.0,27,2017-18,76.0,33.3
3326,Jesé Rodríguez,FW,1993-02-26,Premier League,606.0,12.0,151.0,111.0,3.0,1.0,3.0,9.0,11.0,399.0,12.0,3.0,12.0,5.0,1.0,33.0,82.0,12.0,27.0,6.0,33.0,9.0,1.0,0.0,24,2017-18,73.5,40.2
25865,B. Sako,MF,1988-04-26,Premier League,471.0,16.0,127.0,87.0,3.0,0.0,1.0,11.0,7.0,313.94999999999993,22.0,12.0,15.0,6.0,3.0,45.0,95.0,11.0,37.0,2.0,21.0,5.0,1.0,8.0,29,2017-18,68.5,47.4
25867,P. Aubameyang,FW,1989-06-18,Bundesliga,2493.0,29.0,600.0,440.0,7.0,7.0,4.0,52.0,23.0,1294.6499999999999,53.0,16.0,80.0,44.0,23.0,72.0,167.0,15.0,212.0,11.0,58.0,52.0,7.0,37.0,28,2017-18,73.3,43.1
3343,I. Afellay,MF,1986-04-02,Premier League,163.0,6.0,78.0,70.0,0.0,0.0,0.0,0.0,8.0,309.75,0.0,4.0,0.0,0.0,0.0,1.0,9.0,0.0,0.0,0.0,6.0,3.0,0.0,0.0,31,2017-18,89.7,11.1
171283,C. Chambers,DF,1995-01-20,Premier League,869.0,12.0,577.0,502.0,1.0,0.0,4.0,7.0,96.0,3906.000000000004,7.0,54.0,9.0,3.0,0.0,10.0,25.0,4.0,20.0,22.0,73.0,67.0,31.0,33.0,22,2017-18,87.0,40.0
3348,Deulofeu,FW,1994-03-13,La Liga,934.0,17.0,415.0,328.0,5.0,1.0,5.0,28.0,19.0,978.6000000000001,32.0,7.0,17.0,8.0,2.0,60.0,133.0,16.0,93.0,11.0,51.0,23.0,5.0,2.0,23,2017-18,79.0,45.1
101652,M. Rojo,DF,1990-03-20,Premier League,642.0,9.0,348.0,305.0,0.0,1.0,0.0,2.0,76.0,3498.6,1.0,50.0,7.0,1.0,0.0,6.0,7.0,1.0,7.0,11.0,60.0,46.0,29.0,18.0,27,2017-18,87.6,85.7
3350,Fàbregas,MF,1987-05-04,Premier League,2319.0,32.0,2024.0,1715.0,19.0,0.0,30.0,130.0,412.0,15536.849999999995,56.0,248.0,38.0,10.0,2.0,63.0,106.0,7.0,88.0,45.0,186.0,86.0,17.0,11.0,30,2017-18,84.7,59.4
3351,Kiko Femenía,DF,1991-02-02,Premier League,1712.0,23.0,842.0,705.0,12.0,0.0,7.0,46.0,93.0,4148.550000000004,68.0,56.0,9.0,3.0,1.0,52.0,91.0,19.0,29.0,27.0,105.0,95.0,22.0,11.0,26,2017-18,83.7,57.1
25885,M. Wagué,DF,1991-02-21,Serie A,497.0,7.0,160.0,138.0,0.0,0.0,0.0,2.0,43.0,1630.650000000001,3.0,28.0,3.0,1.0,1.0,1.0,3.0,1.0,9.0,11.0,33.0,34.0,25.0,21.0,26,2017-18,86.2,33.3
3360,Pedro,FW,1987-07-28,Premier League,1524.0,30.0,676.0,548.0,4.0,2.0,10.0,42.0,51.0,2451.75,45.0,25.0,55.0,19.0,4.0,93.0,145.0,38.0,72.0,11.0,55.0,44.0,5.0,1.0,30,2017-18,81.1,64.1
3361,A. Sánchez,FW,1988-12-19,Premier League,2553.0,31.0,1418.0,1076.0,31.0,5.0,58.0,163.0,160.0,6660.150000000008,63.0,150.0,85.0,35.0,9.0,281.0,488.0,29.0,245.0,38.0,156.0,44.0,2.0,17.0,29,2017-18,75.9,57.6
70965,João Mário,MF,1993-01-19,Serie A,1574.0,27.0,758.0,640.0,10.0,2.0,9.0,51.0,67.0,3000.8999999999996,41.0,29.0,26.0,7.0,2.0,88.0,199.0,32.0,75.0,18.0,87.0,39.0,5.0,12.0,24,2017-18,84.4,44.2
9532,S. Berahino,FW,1993-08-04,Premier League,484.0,15.0,86.0,65.0,0.0,1.0,0.0,6.0,7.0,232.04999999999998,5.0,1.0,9.0,3.0,0.0,13.0,63.0,1.0,30.0,1.0,13.0,6.0,3.0,8.0,24,2017-18,75.6,20.6
447812,T. Edwards,DF,1999-01-22,Premier League,483.0,6.0,171.0,126.0,0.0,0.0,0.0,4.0,19.0,981.75,16.0,25.0,1.0,0.0,0.0,14.0,19.0,0.0,3.0,13.0,37.0,22.0,13.0,8.0,18,2017-18,73.7,73.7
337225,R. Aarons,MF,1995-11-16,Serie A,658.0,15.0,139.0,102.0,1.0,0.0,2.0,9.0,14.0,462.0000000000001,13.0,4.0,4.0,1.0,0.0,46.0,98.0,9.0,17.0,10.0,48.0,13.0,2.0,11.0,22,2017-18,73.4,46.9
413002,K. Mavropanos,DF,1997-12-11,Premier League,270.0,3.0,100.0,88.0,0.0,0.0,0.0,0.0,16.0,710.85,0.0,8.0,0.0,0.0,0.0,2.0,3.0,0.0,2.0,4.0,9.0,15.0,6.0,5.0,20,2017-18,88.0,66.7
3413,Ander Herrera,MF,1989-08-14,Premier League,1244.0,24.0,1024.0,905.0,3.0,0.0,10.0,18.0,129.0,6016.500000000001,16.0,64.0,12.0,2.0,0.0,43.0,80.0,0.0,25.0,37.0,177.0,85.0,10.0,8.0,28,2017-18,88.4,53.8
25950,A. Knockaert,MF,1991-11-20,Premier League,2434.0,33.0,1008.0,814.0,6.0,1.0,14.0,51.0,99.0,4185.300000000004,72.0,28.0,40.0,13.0,3.0,143.0,246.0,56.0,101.0,30.0,136.0,96.0,14.0,18.0,26,2017-18,80.8,58.1
3424,Fernando Llorente,FW,1985-02-26,Premier League,226.0,15.0,75.0,60.0,0.0,0.0,0.0,5.0,3.0,182.70000000000002,1.0,0.0,7.0,2.0,1.0,7.0,21.0,0.0,28.0,3.0,13.0,5.0,2.0,17.0,32,2017-18,80.0,33.3
3429,T. Courtois,GK,1992-05-11,Premier League,3150.0,35.0,804.0,703.0,0.0,0.0,0.0,0.0,377.0,14944.649999999996,0.0,242.0,0.0,0.0,0.0,0.0,0.0,0.0,1.0,1.0,4.0,52.0,9.0,8.0,25,2017-18,87.4,
134502,A. Laporte,DF,1994-05-27,La Liga,2517.0,28.0,1702.0,1521.0,5.0,1.0,3.0,16.0,385.0,15317.400000000005,12.0,183.0,8.0,2.0,0.0,26.0,37.0,4.0,38.0,43.0,137.0,136.0,66.0,87.0,23,2017-18,89.4,70.3
3436,Javi Manquillo,DF,1994-05-05,Premier League,1759.0,21.0,541.0,413.0,2.0,1.0,1.0,16.0,93.0,3363.150000000002,33.0,74.0,1.0,0.0,0.0,33.0,74.0,23.0,15.0,23.0,171.0,84.0,44.0,27.0,23,2017-18,76.3,44.6
269676,V. Janssen,FW,1994-06-15,Premier League,0.0,0.0,0.0,0.0,0.0,0.0,0.0,0.0,0.0,0.0,0.0,0.0,0.0,0.0,0.0,0.0,0.0,0.0,0.0,0.0,0.0,0.0,0.0,0.0,23,2017-18,,
134513,A. Martial,FW,1995-12-05,Premier League,1581.0,30.0,749.0,606.0,12.0,5.0,16.0,59.0,47.0,2313.1500000000005,65.0,11.0,48.0,19.0,9.0,145.0,306.0,31.0,166.0,12.0,50.0,25.0,3.0,15.0,22,2017-18,80.9,47.4
189821,M. Zeegelaar,DF,1990-08-12,Premier League,1046.0,12.0,436.0,347.0,3.0,1.0,2.0,20.0,62.0,2567.25,38.0,26.0,0.0,0.0,0.0,38.0,68.0,9.0,16.0,31.0,105.0,41.0,14.0,14.0,27,2017-18,79.6,55.9
11669,C. Wilson,FW,1992-02-27,Premier League,1991.0,28.0,359.0,262.0,3.0,2.0,8.0,32.0,18.0,1008.0,24.0,4.0,45.0,21.0,8.0,100.0,304.0,8.0,178.0,16.0,62.0,31.0,11.0,22.0,25,2017-18,73.0,32.9
9622,L. Rosenior,DF,1984-07-09,Premier League,162.0,3.0,71.0,53.0,0.0,0.0,0.0,0.0,15.0,615.3,1.0,12.0,2.0,0.0,0.0,0.0,1.0,0.0,0.0,2.0,11.0,7.0,3.0,2.0,33,2017-18,74.6,0.0
9623,R. Brady,MF,1992-01-14,Premier League,1279.0,15.0,471.0,328.0,4.0,2.0,9.0,25.0,51.0,2273.2500000000014,52.0,45.0,23.0,5.0,1.0,56.0,95.0,4.0,36.0,21.0,120.0,53.0,15.0,10.0,25,2017-18,69.6,58.9
26010,O. Giroud,FW,1986-09-30,Premier League,985.0,29.0,298.0,222.0,6.0,1.0,4.0,26.0,18.0,751.7999999999998,5.0,11.0,42.0,15.0,7.0,31.0,126.0,3.0,166.0,9.0,37.0,16.0,4.0,63.0,31,2017-18,74.5,24.6
9637,J. King,FW,1992-01-15,Premier League,2455.0,33.0,636.0,479.0,18.0,2.0,15.0,70.0,51.0,2213.3999999999996,53.0,13.0,48.0,21.0,8.0,236.0,575.0,46.0,224.0,27.0,168.0,54.0,9.0,74.0,25,2017-18,75.3,41.0
13745,F. Ladapo,FW,1993-02-01,Premier League,16.0,1.0,8.0,4.0,0.0,0.0,0.0,0.0,1.0,30.450000000000003,2.0,0.0,0.0,0.0,0.0,2.0,2.0,0.0,0.0,0.0,0.0,0.0,0.0,1.0,24,2017-18,50.0,100.0
302518,L. Cook,MF,1997-02-03,Premier League,2238.0,28.0,1184.0,981.0,5.0,1.0,7.0,43.0,211.0,8350.650000000009,23.0,124.0,18.0,2.0,0.0,90.0,163.0,29.0,14.0,53.0,205.0,112.0,18.0,16.0,20,2017-18,82.9,55.2
302520,J. Sims,MF,1997-03-28,Premier League,159.0,5.0,56.0,49.0,1.0,0.0,0.0,3.0,3.0,151.20000000000002,4.0,0.0,10.0,5.0,0.0,9.0,25.0,2.0,12.0,2.0,14.0,9.0,0.0,5.0,20,2017-18,87.5,36.0
15808,Roberto Firmino,FW,1991-10-02,Premier League,2778.0,37.0,1105.0,834.0,13.0,4.0,32.0,93.0,94.0,4056.150000000003,64.0,15.0,80.0,37.0,15.0,152.0,336.0,24.0,290.0,45.0,191.0,68.0,5.0,49.0,26,2017-18,75.5,45.2
3523,F. Lejeune,DF,1991-05-20,Premier League,2104.0,24.0,1003.0,838.0,1.0,1.0,1.0,7.0,209.0,9310.350000000004,8.0,193.0,11.0,3.0,0.0,22.0,33.0,4.0,48.0,55.0,176.0,157.0,85.0,85.0,26,2017-18,83.5,66.7
402884,K. Walker-Peters,DF,1997-04-13,Premier League,188.0,3.0,104.0,87.0,0.0,2.0,0.0,9.0,14.0,406.35000000000014,13.0,5.0,0.0,0.0,0.0,17.0,27.0,0.0,7.0,5.0,22.0,9.0,5.0,2.0,20,2017-18,83.7,63.0
64966,M. Suttner,DF,1987-04-16,Premier League,1178.0,14.0,466.0,356.0,4.0,0.0,2.0,16.0,105.0,3766.350000000003,40.0,92.0,3.0,0.0,0.0,10.0,20.0,6.0,2.0,28.0,113.0,65.0,28.0,13.0,30,2017-18,76.4,50.0
265673,Bernardo Silva,MF,1994-08-10,Premier League,1520.0,34.0,956.0,813.0,8.0,4.0,10.0,59.0,80.0,3015.6000000000004,69.0,29.0,23.0,14.0,6.0,106.0,171.0,28.0,122.0,19.0,109.0,42.0,8.0,5.0,23,2017-18,85.0,62.0
259531,E. Hyndman,MF,1996-04-09,Premier League,59.0,1.0,23.0,21.0,1.0,0.0,0.0,0.0,2.0,85.05000000000001,0.0,1.0,0.0,0.0,0.0,0.0,1.0,0.0,0.0,3.0,8.0,5.0,0.0,0.0,21,2017-18,91.3,0.0
15823,D. Williams,MF,1989-03-08,Premier League,1117.0,20.0,409.0,332.0,1.0,0.0,1.0,9.0,48.0,2002.3500000000004,10.0,40.0,11.0,2.0,0.0,38.0,68.0,12.0,12.0,19.0,93.0,67.0,27.0,12.0,28,2017-18,81.2,55.9
247248,S. March,MF,1994-07-20,Premier League,1841.0,36.0,689.0,510.0,8.0,1.0,9.0,37.0,73.0,2818.2000000000007,92.0,75.0,27.0,9.0,1.0,131.0,252.0,21.0,51.0,35.0,197.0,83.0,25.0,20.0,23,2017-18,74.0,52.0
3551,W. Caballero,GK,1981-09-28,Premier League,270.0,3.0,68.0,60.0,0.0,0.0,0.0,0.0,31.0,1209.6000000000004,0.0,21.0,0.0,0.0,0.0,0.0,0.0,0.0,0.0,0.0,1.0,4.0,2.0,2.0,36,2017-18,88.2,
230883,Ayoze Pérez,FW,1993-07-29,Premier League,2499.0,36.0,675.0,506.0,11.0,4.0,12.0,37.0,60.0,2610.2999999999984,42.0,33.0,55.0,21.0,8.0,149.0,330.0,36.0,184.0,22.0,164.0,97.0,21.0,45.0,24,2017-18,75.0,45.2
3557,Jesús Gámez,DF,1985-04-10,Premier League,97.0,2.0,55.0,44.0,1.0,0.0,1.0,5.0,17.0,609.0000000000001,6.0,4.0,1.0,0.0,0.0,2.0,4.0,0.0,3.0,3.0,13.0,7.0,0.0,1.0,32,2017-18,80.0,50.0
3560,Nacho Monreal,DF,1986-02-26,Premier League,2243.0,28.0,1694.0,1528.0,2.0,2.0,3.0,23.0,281.0,12196.799999999987,37.0,92.0,21.0,8.0,5.0,22.0,38.0,10.0,53.0,44.0,211.0,121.0,43.0,62.0,31,2017-18,90.2,57.9
38377,L. Depoitre,FW,1988-12-07,Premier League,1807.0,32.0,329.0,238.0,1.0,0.0,2.0,7.0,18.0,814.8,2.0,4.0,20.0,10.0,6.0,71.0,225.0,9.0,125.0,15.0,78.0,58.0,29.0,134.0,29,2017-18,72.3,31.6
3577,S. Rondón,FW,1989-09-16,Premier League,2772.0,36.0,673.0,487.0,5.0,1.0,5.0,31.0,41.0,1896.3,41.0,21.0,79.0,28.0,7.0,216.0,584.0,9.0,230.0,17.0,93.0,70.0,12.0,139.0,28,2017-18,72.4,37.0
26109,M. Haïdara,DF,1992-12-02,Premier League,5.0,1.0,2.0,2.0,0.0,0.0,0.0,0.0,0.0,0.0,0.0,0.0,0.0,0.0,0.0,0.0,0.0,0.0,0.0,0.0,0.0,0.0,0.0,0.0,25,2017-18,100.0,
3582,Adrián,GK,1987-01-03,Premier League,1710.0,19.0,290.0,214.0,0.0,0.0,0.0,0.0,185.0,7808.85,0.0,209.0,0.0,0.0,0.0,2.0,2.0,0.0,0.0,0.0,4.0,31.0,7.0,3.0,31,2017-18,73.8,100.0
9739,J. Ibe,MF,1995-12-08,Premier League,1998.0,32.0,712.0,563.0,6.0,3.0,12.0,47.0,65.0,2989.349999999999,55.0,7.0,52.0,16.0,2.0,189.0,344.0,34.0,95.0,11.0,81.0,32.0,5.0,4.0,22,2017-18,79.1,54.9
120339,Mohamed Elneny,MF,1992-07-11,Premier League,870.0,13.0,834.0,781.0,1.0,1.0,3.0,11.0,80.0,4351.199999999999,9.0,33.0,8.0,1.0,0.0,13.0,27.0,4.0,15.0,14.0,48.0,53.0,9.0,8.0,25,2017-18,93.6,48.1
26136,B. Mendy,DF,1994-07-17,Premier League,361.0,7.0,216.0,172.0,3.0,1.0,7.0,15.0,21.0,935.55,43.0,4.0,7.0,1.0,0.0,6.0,21.0,6.0,9.0,6.0,27.0,18.0,6.0,6.0,23,2017-18,79.6,28.6
149019,D. Simpson,DF,1987-01-04,Premier League,2312.0,28.0,903.0,706.0,0.0,0.0,3.0,12.0,139.0,5636.400000000007,26.0,142.0,3.0,1.0,0.0,23.0,54.0,5.0,14.0,35.0,208.0,196.0,67.0,42.0,31,2017-18,78.2,42.6
120353,Mohamed Salah,FW,1992-06-15,Premier League,2922.0,36.0,915.0,715.0,11.0,7.0,25.0,85.0,54.0,2950.5000000000005,45.0,28.0,142.0,68.0,32.0,199.0,490.0,43.0,365.0,11.0,87.0,34.0,4.0,10.0,25,2017-18,78.1,40.6
26150,R. Mahrez,MF,1991-02-21,Premier League,2957.0,36.0,1216.0,969.0,13.0,7.0,29.0,84.0,171.0,6698.999999999999,74.0,111.0,71.0,36.0,12.0,258.0,469.0,64.0,156.0,32.0,169.0,87.0,6.0,26.0,26,2017-18,79.7,55.0
448038,J. Ngoy,FW,1997-11-02,Premier League,19.0,1.0,5.0,4.0,0.0,0.0,0.0,0.0,0.0,0.0,0.0,0.0,0.0,0.0,0.0,2.0,2.0,0.0,1.0,0.0,5.0,0.0,0.0,0.0,20,2017-18,80.0,100.0
370224,R. Holding,DF,1995-09-20,Premier League,820.0,12.0,574.0,502.0,0.0,0.0,1.0,1.0,95.0,4314.449999999994,0.0,44.0,1.0,0.0,0.0,8.0,16.0,2.0,7.0,19.0,68.0,66.0,25.0,27.0,22,2017-18,87.5,50.0
134708,D. Origi,FW,1995-04-18,Bundesliga,1977.0,32.0,364.0,283.0,4.0,2.0,1.0,14.0,24.0,985.9500000000003,18.0,8.0,62.0,24.0,6.0,149.0,366.0,8.0,154.0,7.0,69.0,33.0,12.0,43.0,22,2017-18,77.7,40.7
351808,B. Woodburn,FW,1999-10-15,Premier League,6.0,1.0,7.0,6.0,0.0,0.0,0.0,0.0,0.0,25.2,0.0,0.0,0.0,0.0,0.0,0.0,0.0,0.0,1.0,0.0,1.0,0.0,0.0,0.0,18,2017-18,85.7,
3657,T. Hemed,FW,1987-05-02,Premier League,845.0,16.0,161.0,120.0,0.0,1.0,1.0,3.0,8.0,372.75000000000006,4.0,2.0,17.0,7.0,2.0,26.0,73.0,2.0,57.0,5.0,25.0,21.0,7.0,67.0,30,2017-18,74.5,35.6
3662,C. Bravo,GK,1983-04-13,Premier League,225.0,3.0,51.0,47.0,0.0,0.0,0.0,0.0,27.0,687.7500000000001,0.0,3.0,0.0,0.0,0.0,1.0,1.0,0.0,0.0,0.0,2.0,2.0,1.0,2.0,34,2017-18,92.2,100.0
280157,J. Hugill,FW,1992-06-04,Premier League,23.0,3.0,5.0,3.0,0.0,0.0,0.0,0.0,0.0,0.0,0.0,0.0,0.0,0.0,0.0,2.0,7.0,0.0,0.0,0.0,2.0,0.0,0.0,4.0,25,2017-18,60.0,28.6
355937,M. Holgate,DF,1996-10-22,Premier League,1182.0,14.0,475.0,356.0,1.0,0.0,0.0,11.0,113.0,4343.850000000001,17.0,107.0,6.0,2.0,0.0,28.0,47.0,3.0,31.0,18.0,108.0,86.0,52.0,44.0,21,2017-18,74.9,59.6
58978,G. Cameron,DF,1985-07-11,Premier League,1525.0,20.0,480.0,371.0,0.0,0.0,1.0,7.0,91.0,3684.4500000000003,14.0,88.0,3.0,1.0,0.0,29.0,63.0,2.0,18.0,35.0,136.0,103.0,48.0,48.0,32,2017-18,77.3,46.0
245364,L. Sané,MF,1996-01-11,Premier League,2423.0,32.0,1079.0,897.0,17.0,10.0,14.0,91.0,37.0,2038.0499999999988,92.0,7.0,54.0,21.0,10.0,184.0,359.0,25.0,241.0,25.0,125.0,42.0,7.0,11.0,21,2017-18,83.1,51.3
214654,S. Mounié,FW,1994-09-29,Premier League,1858.0,28.0,356.0,268.0,3.0,1.0,1.0,12.0,18.0,921.8999999999996,8.0,10.0,49.0,21.0,8.0,44.0,181.0,6.0,147.0,13.0,86.0,54.0,25.0,163.0,23,2017-18,75.3,24.3
28291,T. Bakayoko,MF,1994-08-17,Premier League,2183.0,29.0,1048.0,921.0,1.0,1.0,3.0,21.0,150.0,5937.750000000002,8.0,48.0,37.0,8.0,2.0,85.0,174.0,19.0,78.0,54.0,204.0,104.0,22.0,43.0,23,2017-18,87.9,48.9
28292,A. Doucouré,MF,1993-01-01,Premier League,3325.0,37.0,2178.0,1877.0,6.0,2.0,10.0,66.0,275.0,11871.300000000005,40.0,120.0,44.0,17.0,7.0,105.0,222.0,32.0,94.0,70.0,291.0,187.0,35.0,52.0,25,2017-18,86.2,47.3
7847,Ł. Fabiański,GK,1985-04-18,Premier League,3420.0,38.0,699.0,563.0,0.0,0.0,0.0,1.0,383.0,16006.2,0.0,353.0,0.0,0.0,0.0,2.0,2.0,0.0,1.0,0.0,1.0,45.0,8.0,23.0,32,2017-18,80.5,100.0
212651,C. Musonda,MF,1996-10-15,Premier League,34.0,2.0,16.0,15.0,0.0,0.0,0.0,1.0,1.0,56.7,0.0,1.0,2.0,0.0,0.0,6.0,10.0,0.0,1.0,0.0,5.0,0.0,0.0,1.0,21,2017-18,93.8,60.0
7853,K. Gibbs,DF,1989-09-26,Premier League,2831.0,33.0,1063.0,818.0,6.0,1.0,2.0,36.0,158.0,6372.450000000001,76.0,157.0,8.0,1.0,0.0,56.0,102.0,16.0,35.0,40.0,165.0,173.0,54.0,37.0,28,2017-18,77.0,54.9
7855,L. Koscielny,DF,1985-09-10,Premier League,2227.0,25.0,1667.0,1522.0,4.0,0.0,2.0,6.0,375.0,14734.649999999981,10.0,112.0,8.0,2.0,2.0,23.0,41.0,2.0,45.0,63.0,172.0,179.0,74.0,89.0,32,2017-18,91.3,56.1
7856,P. Mertesacker,DF,1984-09-29,Premier League,365.0,6.0,233.0,219.0,0.0,0.0,0.0,1.0,57.0,2327.85,0.0,6.0,2.0,2.0,1.0,2.0,3.0,0.0,13.0,6.0,13.0,24.0,8.0,29.0,33,2017-18,94.0,66.7
7864,F. Coquelin,MF,1991-05-13,La Liga,821.0,16.0,387.0,338.0,0.0,0.0,0.0,5.0,63.0,2510.55,4.0,34.0,5.0,3.0,1.0,35.0,62.0,3.0,14.0,15.0,75.0,50.0,12.0,25.0,26,2017-18,87.3,56.5
7868,A. Oxlade-Chamberlain,MF,1993-08-15,Premier League,1723.0,35.0,846.0,680.0,11.0,4.0,9.0,73.0,105.0,4290.300000000004,60.0,83.0,47.0,16.0,3.0,118.0,206.0,42.0,76.0,24.0,115.0,87.0,12.0,15.0,24,2017-18,80.4,57.3
7870,A. Ramsey,MF,1990-12-26,Premier League,1848.0,24.0,1215.0,1032.0,9.0,6.0,25.0,65.0,124.0,5996.550000000006,31.0,53.0,52.0,22.0,7.0,85.0,175.0,18.0,122.0,26.0,131.0,54.0,7.0,9.0,27,2017-18,84.9,48.6
77502,T. Heaton,GK,1986-04-15,Premier League,306.0,4.0,52.0,43.0,0.0,0.0,0.0,0.0,33.0,1360.8000000000002,0.0,28.0,0.0,0.0,0.0,0.0,0.0,0.0,0.0,0.0,0.0,2.0,0.0,2.0,31,2017-18,82.7,
7873,J. Wilshere,MF,1992-01-01,Premier League,1187.0,20.0,783.0,695.0,5.0,3.0,4.0,35.0,90.0,4065.600000000003,7.0,57.0,16.0,5.0,1.0,112.0,162.0,15.0,30.0,17.0,68.0,27.0,4.0,6.0,26,2017-18,88.8,69.1
7879,T. Walcott,FW,1989-03-16,Premier League,1216.0,20.0,348.0,259.0,5.0,2.0,3.0,34.0,37.0,1279.9500000000005,51.0,20.0,18.0,9.0,3.0,86.0,153.0,24.0,74.0,13.0,82.0,28.0,10.0,4.0,28,2017-18,74.4,56.2
7882,P. Čech,GK,1982-05-20,Premier League,3040.0,34.0,689.0,604.0,0.0,0.0,0.0,1.0,371.0,14103.600000000008,0.0,210.0,0.0,0.0,0.0,5.0,6.0,0.0,0.0,0.0,0.0,59.0,18.0,20.0,35,2017-18,87.7,83.3
7885,R. Bertrand,DF,1989-08-05,Premier League,3137.0,35.0,1517.0,1202.0,12.0,3.0,8.0,66.0,194.0,8263.499999999998,112.0,131.0,22.0,4.0,0.0,71.0,146.0,31.0,73.0,36.0,205.0,147.0,45.0,48.0,28,2017-18,79.2,48.6
7887,G. Cahill,DF,1985-12-19,Premier League,2159.0,27.0,1252.0,1134.0,0.0,0.0,0.0,5.0,246.0,10182.899999999998,0.0,87.0,8.0,2.0,0.0,12.0,28.0,5.0,26.0,32.0,131.0,126.0,67.0,92.0,32,2017-18,90.6,42.9
7888,N. Chalobah,MF,1994-12-12,Premier League,447.0,6.0,170.0,135.0,0.0,0.0,3.0,4.0,26.0,1216.95,2.0,21.0,12.0,4.0,0.0,22.0,37.0,2.0,15.0,9.0,24.0,19.0,3.0,12.0,23,2017-18,79.4,59.5
7892,David Luiz,DF,1987-04-22,Premier League,842.0,10.0,466.0,407.0,0.0,0.0,0.0,4.0,81.0,3653.999999999999,2.0,45.0,11.0,4.0,1.0,19.0,33.0,3.0,7.0,13.0,60.0,53.0,23.0,25.0,30,2017-18,87.3,57.6
237268,M. Grujić,MF,1996-04-13,Premier League,13.0,2.0,14.0,12.0,0.0,0.0,0.0,0.0,2.0,70.35,0.0,1.0,0.0,0.0,0.0,0.0,2.0,1.0,0.0,1.0,5.0,1.0,0.0,0.0,21,2017-18,85.7,0.0
3802,Philippe Coutinho,FW,1992-06-12,La Liga,2418.0,32.0,1461.0,1235.0,18.0,8.0,31.0,114.0,203.0,7961.100000000002,32.0,99.0,89.0,38.0,15.0,234.0,419.0,34.0,157.0,24.0,124.0,65.0,2.0,6.0,25,2017-18,84.5,55.8
7899,Oriol Romeu,MF,1991-09-24,Premier League,2904.0,34.0,1755.0,1512.0,9.0,0.0,6.0,29.0,238.0,10949.399999999992,6.0,156.0,24.0,4.0,1.0,61.0,115.0,9.0,45.0,79.0,345.0,194.0,37.0,89.0,26,2017-18,86.2,53.0
77536,M. Vorm,GK,1983-10-20,Premier League,90.0,1.0,12.0,11.0,0.0,0.0,0.0,0.0,3.0,140.7,0.0,3.0,0.0,0.0,0.0,0.0,0.0,0.0,0.0,0.0,0.0,3.0,1.0,0.0,34,2017-18,91.7,
7905,R. Lukaku,FW,1993-05-13,Premier League,2869.0,34.0,618.0,446.0,10.0,7.0,13.0,57.0,42.0,1873.1999999999998,47.0,18.0,80.0,41.0,16.0,160.0,383.0,15.0,250.0,6.0,65.0,36.0,13.0,116.0,24,2017-18,72.2,41.8
7906,Juan Mata,MF,1988-04-28,Premier League,1932.0,28.0,1215.0,1049.0,15.0,4.0,14.0,62.0,116.0,5255.250000000004,73.0,62.0,26.0,9.0,3.0,54.0,110.0,10.0,114.0,13.0,75.0,48.0,6.0,3.0,29,2017-18,86.3,49.1
7907,D. Sturridge,FW,1989-09-01,Premier League,545.0,15.0,146.0,118.0,2.0,1.0,9.0,16.0,16.0,630.0000000000002,6.0,1.0,25.0,8.0,2.0,45.0,89.0,2.0,50.0,2.0,7.0,4.0,0.0,3.0,28,2017-18,80.8,50.6
257762,D. Sánchez,DF,1996-06-12,Premier League,2571.0,30.0,1803.0,1643.0,0.0,0.0,1.0,2.0,347.0,15130.499999999998,4.0,135.0,6.0,0.0,0.0,22.0,38.0,2.0,20.0,54.0,179.0,130.0,80.0,77.0,21,2017-18,91.1,57.9
77541,Àngel Rangel,DF,1982-10-28,Premier League,158.0,4.0,96.0,83.0,0.0,0.0,0.0,3.0,17.0,618.4499999999999,6.0,6.0,0.0,0.0,0.0,1.0,5.0,3.0,2.0,3.0,16.0,6.0,1.0,2.0,35,2017-18,86.5,20.0
7910,David de Gea,GK,1990-11-07,Premier League,3330.0,37.0,621.0,504.0,0.0,0.0,0.0,1.0,333.0,13492.499999999995,0.0,281.0,0.0,0.0,0.0,1.0,1.0,0.0,1.0,0.0,2.0,41.0,4.0,3.0,27,2017-18,81.2,100.0
65254,K. Wimmer,DF,1992-11-15,Premier League,1323.0,17.0,488.0,402.0,0.0,0.0,0.0,2.0,113.0,4259.849999999997,4.0,78.0,1.0,0.0,0.0,11.0,15.0,0.0,7.0,24.0,105.0,102.0,49.0,21.0,25,2017-18,82.4,73.3
7914,J. Evans,DF,1988-01-02,Premier League,2271.0,27.0,911.0,778.0,1.0,1.0,2.0,9.0,160.0,7318.499999999996,5.0,126.0,8.0,4.0,2.0,39.0,62.0,1.0,28.0,33.0,139.0,168.0,80.0,57.0,30,2017-18,85.4,62.9
7915,P. Evra,DF,1981-05-15,Ligue 1,579.0,8.0,218.0,167.0,1.0,0.0,1.0,3.0,23.0,1038.4499999999998,9.0,18.0,2.0,0.0,0.0,16.0,29.0,3.0,5.0,8.0,30.0,28.0,10.0,12.0,36,2017-18,76.6,55.2
77548,J. Allen,MF,1990-03-14,Premier League,3142.0,36.0,1302.0,1081.0,4.0,3.0,14.0,45.0,166.0,7317.450000000005,32.0,88.0,24.0,5.0,2.0,131.0,250.0,21.0,77.0,65.0,328.0,193.0,35.0,34.0,27,2017-18,83.0,52.4
77546,A. Williams,DF,1984-08-23,Premier League,1836.0,24.0,718.0,604.0,1.0,0.0,1.0,3.0,138.0,5937.749999999996,1.0,102.0,8.0,3.0,1.0,10.0,15.0,0.0,51.0,47.0,150.0,156.0,103.0,65.0,33,2017-18,84.1,66.7
77550,L. Britton,MF,1982-09-16,Premier League,306.0,5.0,128.0,119.0,0.0,0.0,0.0,1.0,10.0,598.5000000000001,1.0,0.0,0.0,0.0,0.0,1.0,5.0,2.0,1.0,2.0,29.0,10.0,1.0,0.0,35,2017-18,93.0,20.0
7919,M. Keane,DF,1993-01-11,Premier League,2561.0,30.0,1090.0,910.0,0.0,0.0,3.0,3.0,248.0,10293.149999999994,6.0,175.0,12.0,1.0,0.0,17.0,24.0,3.0,75.0,53.0,189.0,219.0,108.0,167.0,24,2017-18,83.5,70.8
77552,N. Dyer,MF,1987-11-29,Premier League,1314.0,24.0,535.0,425.0,2.0,0.0,6.0,24.0,24.0,1376.5500000000004,38.0,7.0,10.0,2.0,0.0,77.0,178.0,29.0,48.0,10.0,86.0,47.0,3.0,4.0,30,2017-18,79.4,43.3
7918,P. Jones,DF,1992-02-21,Premier League,1975.0,23.0,1057.0,992.0,0.0,0.0,1.0,1.0,170.0,7815.150000000004,1.0,44.0,2.0,0.0,0.0,18.0,31.0,4.0,4.0,34.0,146.0,138.0,79.0,68.0,25,2017-18,93.9,58.1
7922,C. Smalling,DF,1989-11-22,Premier League,2535.0,29.0,1071.0,976.0,0.0,0.0,0.0,3.0,155.0,7227.150000000005,0.0,64.0,12.0,6.0,4.0,14.0,23.0,1.0,52.0,81.0,213.0,137.0,84.0,132.0,28,2017-18,91.1,60.9
77557,W. Routledge,MF,1985-01-07,Premier League,421.0,13.0,165.0,115.0,5.0,0.0,1.0,11.0,21.0,677.2499999999999,16.0,10.0,5.0,2.0,0.0,10.0,46.0,3.0,21.0,3.0,31.0,19.0,4.0,5.0,33,2017-18,69.7,21.7
77558,G. Sigurðsson,MF,1989-09-08,Premier League,2261.0,27.0,702.0,539.0,8.0,2.0,6.0,41.0,85.0,3392.5500000000015,42.0,36.0,37.0,12.0,4.0,94.0,182.0,7.0,83.0,24.0,168.0,106.0,24.0,19.0,28,2017-18,76.8,51.6
7928,M. Carrick,MF,1981-07-28,Premier League,109.0,2.0,96.0,83.0,0.0,0.0,0.0,3.0,33.0,1077.3,0.0,19.0,2.0,1.0,0.0,4.0,6.0,0.0,3.0,1.0,7.0,8.0,4.0,1.0,36,2017-18,86.5,66.7
7929,T. Cleverley,MF,1989-08-12,Premier League,1908.0,23.0,1081.0,922.0,4.0,0.0,5.0,40.0,161.0,6625.500000000004,44.0,115.0,16.0,2.0,1.0,27.0,66.0,10.0,26.0,39.0,168.0,74.0,23.0,21.0,28,2017-18,85.3,40.9
16122,E. Kachunga,FW,1992-04-22,Premier League,1338.0,19.0,335.0,240.0,5.0,1.0,2.0,17.0,24.0,1039.4999999999993,32.0,7.0,11.0,5.0,1.0,84.0,173.0,22.0,61.0,16.0,82.0,34.0,9.0,21.0,25,2017-18,71.6,48.6
7932,D. Fletcher,MF,1984-02-01,Premier League,2223.0,27.0,1005.0,821.0,1.0,0.0,4.0,25.0,169.0,6702.149999999997,19.0,154.0,12.0,2.0,1.0,50.0,82.0,8.0,10.0,30.0,182.0,92.0,22.0,23.0,33,2017-18,81.7,61.0
7934,J. Lingard,MF,1992-12-15,Premier League,1819.0,33.0,917.0,800.0,5.0,3.0,10.0,39.0,67.0,3460.7999999999993,36.0,23.0,55.0,24.0,8.0,86.0,170.0,43.0,112.0,15.0,109.0,44.0,7.0,5.0,25,2017-18,87.2,50.6
7936,P. Pogba,MF,1993-03-15,Premier League,2167.0,27.0,1661.0,1438.0,16.0,8.0,19.0,78.0,284.0,11417.699999999993,46.0,171.0,75.0,20.0,6.0,204.0,359.0,31.0,114.0,19.0,134.0,72.0,12.0,52.0,24,2017-18,86.6,56.8
7938,A. Valencia,DF,1985-08-04,Premier League,2743.0,31.0,1643.0,1395.0,10.0,1.0,9.0,50.0,201.0,8602.650000000001,91.0,162.0,14.0,3.0,3.0,93.0,166.0,28.0,62.0,58.0,215.0,158.0,40.0,22.0,32,2017-18,84.9,56.0
7939,A. Young,DF,1985-07-09,Premier League,2447.0,29.0,1360.0,1076.0,7.0,4.0,12.0,57.0,233.0,8958.600000000008,102.0,182.0,17.0,4.0,2.0,112.0,165.0,22.0,29.0,35.0,213.0,138.0,58.0,22.0,32,2017-18,79.1,67.9
7941,J. Hernández,FW,1988-06-01,Premier League,1544.0,28.0,340.0,258.0,7.0,0.0,3.0,32.0,24.0,1011.1499999999999,28.0,21.0,28.0,16.0,8.0,92.0,185.0,6.0,87.0,7.0,47.0,15.0,1.0,16.0,29,2017-18,75.9,49.7
7944,W. Rooney,FW,1985-10-24,Premier League,2282.0,31.0,1120.0,904.0,6.0,1.0,10.0,42.0,153.0,6245.399999999999,29.0,146.0,44.0,14.0,10.0,47.0,155.0,6.0,73.0,24.0,148.0,85.0,21.0,28.0,32,2017-18,80.7,30.3
7945,D. Welbeck,FW,1990-11-26,Premier League,1186.0,28.0,368.0,313.0,4.0,2.0,3.0,19.0,17.0,931.3499999999998,5.0,1.0,30.0,13.0,5.0,69.0,141.0,8.0,109.0,14.0,62.0,47.0,9.0,23.0,27,2017-18,85.1,48.9
7957,G. Johnson,DF,1984-08-23,Premier League,549.0,8.0,188.0,128.0,2.0,0.0,0.0,13.0,38.0,1476.3000000000002,13.0,50.0,5.0,1.0,0.0,8.0,17.0,0.0,8.0,10.0,35.0,28.0,13.0,4.0,33,2017-18,68.1,47.1
7958,M. Kelly,DF,1990-04-27,Premier League,1196.0,15.0,334.0,265.0,1.0,0.0,0.0,1.0,70.0,3021.8999999999983,4.0,78.0,5.0,2.0,0.0,3.0,8.0,2.0,18.0,20.0,90.0,66.0,43.0,38.0,27,2017-18,79.3,37.5
5911,Sandro,FW,1995-07-09,La Liga,989.0,21.0,317.0,255.0,3.0,0.0,2.0,18.0,25.0,868.3499999999999,25.0,7.0,33.0,11.0,0.0,61.0,110.0,12.0,65.0,7.0,46.0,14.0,3.0,6.0,22,2017-18,80.4,55.5
7961,C. Adam,MF,1985-12-10,Premier League,466.0,11.0,251.0,163.0,3.0,0.0,1.0,12.0,52.0,1846.9500000000003,23.0,65.0,10.0,2.0,0.0,23.0,33.0,1.0,7.0,7.0,35.0,28.0,6.0,8.0,32,2017-18,64.9,69.7
7964,J. Henderson,MF,1990-06-17,Premier League,2171.0,27.0,1991.0,1728.0,8.0,1.0,10.0,59.0,319.0,13225.800000000005,30.0,235.0,15.0,3.0,1.0,26.0,48.0,7.0,23.0,37.0,163.0,148.0,25.0,26.0,27,2017-18,86.8,54.2
7967,J. Shelvey,MF,1992-02-27,Premier League,2309.0,30.0,1267.0,982.0,9.0,1.0,10.0,47.0,280.0,10664.850000000002,37.0,291.0,41.0,9.0,1.0,46.0,88.0,10.0,16.0,25.0,125.0,116.0,30.0,17.0,25,2017-18,77.5,52.3
7970,A. Carroll,FW,1989-01-06,Premier League,809.0,16.0,183.0,129.0,3.0,0.0,1.0,5.0,13.0,611.1000000000001,11.0,15.0,23.0,7.0,3.0,33.0,91.0,1.0,85.0,2.0,15.0,17.0,8.0,77.0,29,2017-18,70.5,36.3
7974,R. Elliot,GK,1986-04-30,Premier League,1440.0,16.0,283.0,224.0,0.0,0.0,0.0,1.0,175.0,7529.549999999998,0.0,176.0,0.0,0.0,0.0,1.0,1.0,0.0,0.0,0.0,1.0,29.0,2.0,8.0,31,2017-18,79.2,100.0
7978,P. Dummett,DF,1991-09-26,Premier League,1603.0,20.0,597.0,461.0,4.0,0.0,2.0,11.0,121.0,4670.4,25.0,118.0,4.0,0.0,0.0,8.0,16.0,1.0,6.0,27.0,115.0,129.0,64.0,50.0,26,2017-18,77.2,50.0
397098,R. Nelson,MF,1999-12-10,Premier League,148.0,3.0,80.0,74.0,0.0,0.0,0.0,3.0,8.0,360.1500000000001,1.0,1.0,2.0,1.0,0.0,5.0,23.0,5.0,4.0,2.0,8.0,10.0,0.0,0.0,18,2017-18,92.5,21.7
239411,T. Mings,DF,1993-03-19,Premier League,201.0,3.0,112.0,90.0,1.0,0.0,0.0,2.0,23.0,927.1500000000001,1.0,20.0,1.0,0.0,0.0,1.0,6.0,0.0,6.0,1.0,5.0,11.0,10.0,3.0,24,2017-18,80.4,16.7
7988,Y. Cabaye,MF,1986-01-14,Premier League,2382.0,31.0,1250.0,1050.0,7.0,1.0,8.0,37.0,206.0,8272.95000000001,20.0,123.0,37.0,11.0,0.0,49.0,113.0,3.0,37.0,53.0,241.0,152.0,18.0,6.0,31,2017-18,84.0,43.4
7989,D. Gosling,MF,1990-02-02,Premier League,1942.0,27.0,979.0,792.0,0.0,0.0,4.0,24.0,141.0,5940.900000000004,9.0,77.0,21.0,8.0,2.0,60.0,124.0,7.0,46.0,36.0,224.0,137.0,17.0,63.0,27,2017-18,80.9,48.4
284476,N. Vlašić,MF,1997-10-04,Premier League,575.0,11.0,202.0,153.0,3.0,0.0,3.0,10.0,15.0,712.9499999999999,11.0,3.0,5.0,1.0,0.0,46.0,115.0,9.0,31.0,11.0,50.0,26.0,1.0,5.0,20,2017-18,75.7,40.0
40765,Lucas Moura,FW,1992-08-13,Ligue 1,281.0,11.0,142.0,121.0,2.0,1.0,5.0,14.0,14.0,491.4,5.0,5.0,8.0,4.0,1.0,24.0,52.0,10.0,21.0,2.0,16.0,9.0,2.0,7.0,25,2017-18,85.2,46.2
8004,C. Clark,DF,1989-09-26,Premier League,1745.0,20.0,668.0,529.0,0.0,1.0,1.0,7.0,140.0,6065.849999999996,3.0,152.0,11.0,4.0,2.0,12.0,21.0,2.0,48.0,23.0,125.0,121.0,92.0,48.0,28,2017-18,79.2,57.1
8005,J. Collins,DF,1983-08-23,Premier League,1050.0,13.0,378.0,300.0,0.0,0.0,0.0,3.0,83.0,3364.2000000000007,0.0,86.0,3.0,1.0,1.0,1.0,3.0,0.0,41.0,12.0,46.0,89.0,60.0,67.0,34,2017-18,79.4,33.3
339789,Mikel Merino,MF,1996-06-22,Premier League,1344.0,24.0,744.0,608.0,4.0,0.0,8.0,20.0,119.0,4789.049999999998,7.0,72.0,15.0,6.0,1.0,83.0,147.0,13.0,22.0,46.0,167.0,105.0,14.0,34.0,21,2017-18,81.7,56.5
8013,M. Albrighton,MF,1989-11-18,Premier League,2577.0,34.0,1107.0,729.0,14.0,6.0,11.0,67.0,179.0,6755.700000000002,177.0,184.0,19.0,7.0,2.0,138.0,252.0,21.0,48.0,37.0,198.0,94.0,19.0,15.0,28,2017-18,65.9,54.8
8017,S. Ireland,MF,1986-08-22,Premier League,129.0,4.0,67.0,55.0,0.0,0.0,0.0,0.0,7.0,323.40000000000003,1.0,6.0,3.0,0.0,0.0,3.0,5.0,0.0,2.0,2.0,13.0,5.0,0.0,0.0,31,2017-18,82.1,60.0
40787,Emerson,DF,1994-08-03,Serie A,294.0,6.0,156.0,132.0,0.0,1.0,0.0,6.0,8.0,506.1,16.0,9.0,2.0,2.0,0.0,21.0,26.0,4.0,10.0,3.0,16.0,13.0,8.0,3.0,23,2017-18,84.6,80.8
3928,Vicente Iborra,MF,1988-01-16,Premier League,1415.0,18.0,820.0,693.0,1.0,0.0,5.0,7.0,98.0,4267.2,3.0,54.0,10.0,4.0,3.0,30.0,56.0,1.0,32.0,24.0,113.0,116.0,36.0,38.0,29,2017-18,84.5,53.6
8032,Marcos Alonso,DF,1990-12-28,Premier League,2860.0,33.0,1368.0,1082.0,6.0,2.0,9.0,56.0,133.0,5596.499999999998,119.0,104.0,59.0,21.0,7.0,94.0,170.0,14.0,140.0,41.0,190.0,159.0,48.0,67.0,27,2017-18,79.1,55.3
442211,A. Sabiri,MF,1996-11-28,Premier League,219.0,5.0,81.0,62.0,0.0,1.0,2.0,3.0,9.0,388.5,1.0,6.0,5.0,0.0,0.0,11.0,19.0,2.0,14.0,1.0,11.0,8.0,1.0,20.0,21,2017-18,76.5,57.9
257899,J. Gomez,DF,1997-05-23,Premier League,1900.0,22.0,1328.0,1146.0,6.0,1.0,4.0,31.0,216.0,8333.849999999991,56.0,72.0,5.0,0.0,0.0,41.0,76.0,26.0,16.0,40.0,180.0,110.0,33.0,39.0,20,2017-18,86.3,53.9
397168,T. Fosu-Mensah,DF,1998-01-02,Premier League,1594.0,21.0,628.0,479.0,4.0,0.0,3.0,17.0,118.0,4653.599999999999,20.0,109.0,8.0,0.0,0.0,35.0,62.0,6.0,8.0,35.0,134.0,96.0,39.0,21.0,20,2017-18,76.3,56.5
8049,Lee Chung-Yong,MF,1988-07-02,Premier League,130.0,6.0,72.0,54.0,0.0,0.0,1.0,1.0,1.0,160.65000000000006,7.0,3.0,1.0,0.0,0.0,4.0,12.0,1.0,9.0,2.0,8.0,6.0,1.0,3.0,29,2017-18,75.0,33.3
397174,S. McTominay,MF,1996-12-08,Premier League,630.0,12.0,337.0,300.0,0.0,0.0,1.0,5.0,44.0,2138.8500000000004,6.0,17.0,1.0,0.0,0.0,29.0,42.0,2.0,9.0,12.0,47.0,22.0,2.0,10.0,21,2017-18,89.0,69.0
397178,M. Rashford,FW,1997-10-31,Premier League,1805.0,34.0,586.0,453.0,9.0,4.0,14.0,43.0,39.0,1584.4499999999994,56.0,18.0,59.0,21.0,7.0,119.0,273.0,40.0,153.0,11.0,71.0,47.0,12.0,17.0,20,2017-18,77.3,43.6
10108,K. Long,DF,1990-08-18,Premier League,1440.0,16.0,513.0,405.0,1.0,1.0,0.0,2.0,106.0,4321.799999999999,2.0,96.0,7.0,1.0,1.0,14.0,21.0,0.0,47.0,33.0,122.0,108.0,69.0,70.0,27,2017-18,78.9,66.7
32636,C. Tosun,FW,1991-06-07,Premier League,991.0,14.0,227.0,168.0,4.0,0.0,2.0,9.0,11.0,526.05,8.0,2.0,18.0,8.0,5.0,33.0,93.0,1.0,69.0,4.0,47.0,28.0,10.0,31.0,26,2017-18,74.0,35.5
26495,G. Bong,DF,1988-04-25,Premier League,2238.0,25.0,804.0,589.0,1.0,0.0,1.0,18.0,160.0,5602.8,55.0,142.0,4.0,1.0,0.0,40.0,79.0,17.0,6.0,41.0,182.0,138.0,50.0,36.0,29,2017-18,73.3,50.6
8066,B. Hamer,GK,1987-11-20,Premier League,274.0,4.0,54.0,45.0,0.0,0.0,0.0,0.0,31.0,1257.9,0.0,25.0,0.0,0.0,0.0,0.0,0.0,0.0,0.0,0.0,1.0,5.0,1.0,2.0,30,2017-18,83.3,
26499,A. Masuaku,DF,1993-11-07,Premier League,1872.0,27.0,749.0,564.0,7.0,3.0,2.0,31.0,78.0,3335.850000000001,103.0,40.0,11.0,4.0,0.0,194.0,332.0,42.0,39.0,42.0,183.0,74.0,19.0,25.0,24,2017-18,75.3,58.4
343951,T. Abraham,FW,1997-10-02,Premier League,1717.0,31.0,241.0,178.0,3.0,1.0,6.0,11.0,12.0,636.3000000000001,16.0,7.0,39.0,16.0,5.0,93.0,256.0,9.0,132.0,10.0,45.0,20.0,5.0,52.0,20,2017-18,73.9,36.3
10131,J. Pickford,GK,1994-03-07,Premier League,3420.0,38.0,777.0,585.0,0.0,0.0,0.0,1.0,461.0,20721.750000000007,0.0,482.0,0.0,0.0,0.0,3.0,4.0,0.0,1.0,1.0,5.0,69.0,17.0,26.0,23,2017-18,75.3,75.0
8086,D. Stephens,MF,1989-12-12,Premier League,3240.0,36.0,1715.0,1483.0,1.0,3.0,10.0,27.0,303.0,11854.5,8.0,180.0,19.0,3.0,0.0,39.0,81.0,4.0,32.0,59.0,301.0,225.0,40.0,28.0,28,2017-18,86.5,48.1
241564,O. Zinchenko,MF,1996-12-15,Premier League,533.0,8.0,666.0,620.0,1.0,0.0,2.0,14.0,53.0,2932.650000000001,11.0,20.0,5.0,2.0,0.0,6.0,11.0,1.0,3.0,8.0,51.0,25.0,1.0,15.0,21,2017-18,93.1,54.5
8094,J. Butland,GK,1993-03-10,Premier League,3150.0,35.0,666.0,495.0,0.0,0.0,0.0,1.0,410.0,18810.749999999996,0.0,470.0,0.0,0.0,0.0,2.0,4.0,0.0,1.0,1.0,3.0,61.0,23.0,11.0,24,2017-18,74.3,50.0
8096,G. Myhill,GK,1982-11-09,Premier League,90.0,1.0,8.0,7.0,0.0,0.0,0.0,0.0,6.0,301.35,0.0,7.0,0.0,0.0,0.0,0.0,0.0,0.0,0.0,0.0,1.0,0.0,1.0,0.0,35,2017-18,87.5,
8116,N. Redmond,MF,1994-03-06,Premier League,1944.0,31.0,822.0,626.0,7.0,2.0,15.0,61.0,78.0,3117.4499999999966,58.0,60.0,44.0,15.0,1.0,127.0,260.0,29.0,93.0,17.0,115.0,61.0,8.0,3.0,23,2017-18,76.2,48.8
282550,F. Hadergjonaj,DF,1994-07-31,Premier League,1673.0,23.0,696.0,475.0,15.0,1.0,3.0,45.0,119.0,4483.500000000002,108.0,105.0,8.0,2.0,0.0,38.0,69.0,15.0,17.0,17.0,125.0,85.0,30.0,20.0,23,2017-18,68.2,55.1
55224,A. Sørloth,FW,1995-12-05,Premier League,360.0,4.0,85.0,53.0,1.0,0.0,1.0,4.0,5.0,163.8,9.0,5.0,6.0,2.0,0.0,25.0,47.0,1.0,32.0,3.0,19.0,11.0,2.0,22.0,22,2017-18,62.4,53.2
8125,J. Cork,MF,1989-06-25,Premier League,3420.0,38.0,1532.0,1297.0,2.0,1.0,5.0,32.0,205.0,8592.149999999998,23.0,137.0,15.0,4.0,2.0,91.0,193.0,10.0,30.0,45.0,237.0,186.0,50.0,63.0,28,2017-18,84.7,47.2
8126,José Fonte,DF,1983-12-22,Premier League,690.0,8.0,330.0,275.0,0.0,1.0,0.0,5.0,79.0,2897.999999999999,2.0,51.0,5.0,0.0,0.0,10.0,11.0,0.0,21.0,8.0,37.0,46.0,13.0,24.0,34,2017-18,83.3,90.9
135103,A. Christensen,DF,1996-04-10,Premier League,2072.0,27.0,1288.0,1211.0,0.0,0.0,1.0,3.0,257.0,10889.550000000003,1.0,37.0,10.0,1.0,0.0,16.0,26.0,6.0,37.0,28.0,115.0,129.0,50.0,65.0,21,2017-18,94.0,61.5
255935,I. Brown,FW,1997-01-07,Premier League,307.0,13.0,118.0,88.0,2.0,0.0,0.0,4.0,7.0,369.59999999999997,8.0,8.0,2.0,1.0,0.0,17.0,35.0,5.0,12.0,5.0,21.0,8.0,3.0,14.0,20,2017-18,74.6,48.6
20420,Z. Ibrahimović,FW,1981-10-03,Premier League,103.0,5.0,73.0,60.0,0.0,0.0,0.0,7.0,10.0,382.2,3.0,7.0,4.0,1.0,0.0,6.0,12.0,1.0,17.0,0.0,5.0,3.0,0.0,5.0,36,2017-18,82.2,50.0
8135,L. Shaw,DF,1995-07-12,Premier League,788.0,11.0,487.0,407.0,1.0,0.0,1.0,16.0,70.0,2677.5000000000023,31.0,28.0,11.0,3.0,0.0,30.0,48.0,10.0,20.0,18.0,67.0,51.0,8.0,13.0,22,2017-18,83.6,62.5
419784,H. Choudhury,MF,1997-10-01,Premier League,376.0,7.0,165.0,141.0,0.0,1.0,0.0,2.0,20.0,1097.2499999999998,2.0,13.0,2.0,0.0,0.0,6.0,14.0,0.0,0.0,9.0,39.0,30.0,5.0,4.0,20,2017-18,85.5,42.9
8136,J. Stephens,DF,1994-01-27,Premier League,1980.0,22.0,889.0,728.0,1.0,0.0,2.0,1.0,201.0,7821.45,10.0,145.0,10.0,5.0,2.0,38.0,55.0,12.0,28.0,28.0,109.0,145.0,66.0,44.0,23,2017-18,81.9,69.1
135114,P. Højbjerg,MF,1995-08-05,Premier League,1671.0,23.0,1064.0,948.0,3.0,0.0,5.0,13.0,123.0,5324.550000000004,14.0,72.0,16.0,6.0,0.0,81.0,156.0,10.0,18.0,42.0,165.0,107.0,24.0,23.0,22,2017-18,89.1,51.9
8140,A. Lallana,MF,1988-05-10,Premier League,256.0,12.0,216.0,187.0,1.0,0.0,2.0,14.0,17.0,995.3999999999997,9.0,6.0,9.0,0.0,0.0,17.0,35.0,3.0,21.0,1.0,21.0,7.0,1.0,0.0,29,2017-18,86.6,48.6
61390,M. Ryan,GK,1992-04-08,Premier League,3420.0,38.0,645.0,529.0,0.0,0.0,0.0,0.0,402.0,17611.65000000002,0.0,410.0,0.0,0.0,0.0,0.0,1.0,0.0,0.0,0.0,6.0,34.0,10.0,17.0,25,2017-18,82.0,0.0
8143,M. Schneiderlin,MF,1989-11-08,Premier League,2129.0,30.0,1074.0,926.0,0.0,0.0,0.0,7.0,148.0,6575.100000000004,4.0,114.0,5.0,0.0,0.0,36.0,72.0,2.0,20.0,46.0,219.0,152.0,30.0,46.0,28,2017-18,86.2,50.0
8144,J. Ward-Prowse,MF,1994-11-01,Premier League,1716.0,29.0,746.0,603.0,5.0,1.0,2.0,25.0,71.0,3253.950000000004,49.0,44.0,26.0,14.0,3.0,25.0,60.0,4.0,35.0,18.0,117.0,73.0,17.0,18.0,23,2017-18,80.8,41.7
8142,J. Puncheon,MF,1986-06-26,Premier League,571.0,10.0,228.0,199.0,0.0,0.0,3.0,13.0,27.0,1173.9000000000005,4.0,16.0,9.0,2.0,0.0,15.0,41.0,1.0,17.0,7.0,34.0,19.0,2.0,5.0,31,2017-18,87.3,36.6
12242,N. Pope,GK,1992-04-19,Premier League,3114.0,35.0,624.0,471.0,1.0,0.0,0.0,1.0,410.0,20148.450000000004,0.0,476.0,0.0,0.0,0.0,0.0,0.0,0.0,1.0,1.0,4.0,80.0,13.0,21.0,25,2017-18,75.5,
346071,O. Burke,MF,1997-04-07,Premier League,356.0,14.0,140.0,110.0,0.0,2.0,1.0,9.0,4.0,299.25000000000006,11.0,1.0,4.0,0.0,0.0,22.0,52.0,6.0,26.0,4.0,31.0,16.0,3.0,5.0,20,2017-18,78.6,42.3
20441,E. Lamela,MF,1992-03-04,Premier League,832.0,25.0,427.0,355.0,3.0,1.0,6.0,23.0,35.0,1373.3999999999996,12.0,14.0,19.0,5.0,2.0,53.0,131.0,11.0,63.0,13.0,62.0,22.0,3.0,7.0,25,2017-18,83.1,40.5
20450,Bojan,FW,1990-08-28,La Liga,508.0,14.0,162.0,128.0,1.0,0.0,2.0,4.0,16.0,700.3499999999999,8.0,6.0,6.0,4.0,0.0,46.0,80.0,6.0,20.0,3.0,14.0,13.0,1.0,2.0,27,2017-18,79.0,57.5
71654,Ederson,GK,1993-08-17,Premier League,3195.0,36.0,829.0,773.0,0.0,0.0,0.0,0.0,329.0,12445.649999999994,0.0,114.0,0.0,0.0,0.0,3.0,5.0,0.0,0.0,1.0,1.0,67.0,18.0,18.0,24,2017-18,93.2,60.0
434159,S. Field,MF,1998-05-08,Premier League,539.0,10.0,160.0,124.0,1.0,0.0,0.0,9.0,25.0,1024.7999999999995,5.0,25.0,5.0,1.0,1.0,10.0,35.0,0.0,10.0,9.0,46.0,30.0,4.0,11.0,19,2017-18,77.5,28.6
26610,D. Sakho,FW,1989-12-24,Ligue 1,1066.0,26.0,171.0,129.0,1.0,0.0,2.0,9.0,15.0,528.1500000000001,6.0,4.0,28.0,10.0,4.0,30.0,135.0,1.0,91.0,4.0,29.0,15.0,7.0,31.0,28,2017-18,75.4,22.2
346101,T. Alexander-Arnold,DF,1998-10-07,Premier League,1576.0,19.0,1074.0,827.0,10.0,1.0,10.0,54.0,153.0,5959.800000000002,101.0,151.0,11.0,5.0,1.0,32.0,76.0,13.0,28.0,25.0,145.0,99.0,33.0,8.0,19,2017-18,77.0,42.1
217078,D. Amartey,MF,1994-12-21,Premier League,505.0,8.0,234.0,199.0,0.0,0.0,0.0,2.0,38.0,1604.3999999999999,1.0,31.0,0.0,0.0,0.0,11.0,24.0,2.0,3.0,3.0,42.0,39.0,11.0,16.0,23,2017-18,85.0,45.8
8186,S. Dann,DF,1987-02-14,Premier League,1435.0,17.0,543.0,451.0,0.0,0.0,1.0,4.0,116.0,4848.899999999999,4.0,82.0,14.0,6.0,1.0,12.0,16.0,0.0,65.0,22.0,73.0,101.0,47.0,57.0,30,2017-18,83.1,75.0
344065,Andoni López,DF,1996-04-05,La Liga,90.0,1.0,32.0,25.0,0.0,0.0,0.0,0.0,5.0,170.1,1.0,4.0,0.0,0.0,0.0,2.0,3.0,0.0,1.0,1.0,8.0,7.0,2.0,4.0,21,2017-18,78.1,66.7
274435,E. Ünal,FW,1997-05-10,La Liga,1717.0,30.0,346.0,273.0,0.0,2.0,8.0,14.0,20.0,1018.4999999999997,7.0,1.0,43.0,22.0,6.0,83.0,263.0,12.0,127.0,10.0,83.0,40.0,13.0,65.0,20,2017-18,78.9,31.6
344068,Unai Núñez,DF,1997-01-30,La Liga,2942.0,33.0,1380.0,1187.0,0.0,0.0,3.0,6.0,297.0,11952.150000000005,2.0,200.0,11.0,2.0,1.0,29.0,58.0,15.0,57.0,82.0,232.0,205.0,101.0,94.0,20,2017-18,86.0,50.0
485383,Álex Mula,MF,1996-07-23,La Liga,563.0,11.0,206.0,159.0,2.0,0.0,1.0,6.0,22.0,906.1500000000001,26.0,17.0,18.0,6.0,0.0,31.0,63.0,13.0,24.0,6.0,33.0,18.0,1.0,4.0,21,2017-18,77.2,49.2
8200,S. N'Zonzi,MF,1988-12-15,La Liga,2216.0,27.0,1720.0,1584.0,1.0,2.0,6.0,23.0,247.0,10791.899999999992,13.0,76.0,18.0,5.0,1.0,32.0,60.0,10.0,66.0,24.0,100.0,115.0,21.0,122.0,29,2017-18,92.1,53.3
344075,Iñigo Córdoba,MF,1997-03-13,La Liga,1464.0,29.0,504.0,356.0,11.0,1.0,8.0,43.0,52.0,2022.299999999999,82.0,10.0,18.0,4.0,1.0,125.0,229.0,32.0,42.0,30.0,155.0,74.0,13.0,18.0,20,2017-18,70.6,54.6
372752,Carlos Soler,MF,1997-01-02,La Liga,2375.0,33.0,954.0,794.0,7.0,4.0,15.0,50.0,134.0,4926.600000000001,68.0,55.0,43.0,16.0,1.0,106.0,216.0,32.0,75.0,26.0,192.0,67.0,14.0,8.0,21,2017-18,83.2,49.1
4113,Etxeita,DF,1987-10-31,La Liga,376.0,5.0,161.0,137.0,0.0,0.0,0.0,0.0,43.0,1448.9999999999993,0.0,28.0,4.0,1.0,1.0,1.0,1.0,2.0,7.0,4.0,19.0,35.0,15.0,8.0,30,2017-18,85.1,100.0
489488,Martín,DF,1996-05-10,La Liga,1828.0,21.0,659.0,479.0,4.0,5.0,4.0,23.0,108.0,4151.699999999999,58.0,81.0,4.0,2.0,0.0,54.0,101.0,11.0,10.0,32.0,153.0,121.0,46.0,21.0,21,2017-18,72.7,53.5
372753,Francis Guerrero,FW,1996-03-11,La Liga,992.0,14.0,494.0,400.0,6.0,0.0,4.0,16.0,37.0,1655.8500000000001,39.0,17.0,4.0,1.0,1.0,60.0,110.0,9.0,25.0,24.0,105.0,58.0,17.0,15.0,21,2017-18,81.0,54.5
8213,Rubén Rochina,MF,1991-03-23,La Liga,146.0,5.0,81.0,64.0,0.0,0.0,3.0,7.0,20.0,689.85,1.0,10.0,7.0,1.0,1.0,13.0,27.0,3.0,7.0,7.0,17.0,2.0,0.0,0.0,26,2017-18,79.0,48.1
6165,F. Andone,FW,1993-04-11,La Liga,1630.0,29.0,265.0,176.0,3.0,3.0,1.0,15.0,9.0,504.0000000000001,35.0,6.0,48.0,20.0,7.0,74.0,211.0,18.0,151.0,10.0,92.0,23.0,5.0,40.0,24,2017-18,66.4,35.1
32793,A. N'Diaye,MF,1990-03-06,La Liga,100.0,2.0,33.0,31.0,0.0,0.0,0.0,0.0,7.0,333.90000000000003,0.0,4.0,0.0,0.0,0.0,5.0,7.0,0.0,3.0,5.0,15.0,5.0,3.0,3.0,27,2017-18,93.9,71.4
26652,D. Wass,MF,1989-05-31,La Liga,2939.0,35.0,1462.0,1173.0,14.0,4.0,13.0,76.0,158.0,6685.350000000001,97.0,93.0,47.0,12.0,4.0,89.0,166.0,15.0,84.0,19.0,109.0,133.0,32.0,44.0,28,2017-18,80.2,53.6
33,J. Cillessen,GK,1989-04-22,La Liga,90.0,1.0,19.0,14.0,0.0,0.0,0.0,0.0,3.0,176.39999999999995,0.0,5.0,0.0,0.0,0.0,0.0,0.0,0.0,0.0,0.0,0.0,1.0,1.0,0.0,28,2017-18,73.7,
4131,Ángel,FW,1987-04-26,La Liga,2299.0,33.0,357.0,252.0,9.0,2.0,6.0,32.0,22.0,1061.5500000000002,36.0,23.0,66.0,29.0,13.0,94.0,188.0,10.0,177.0,19.0,107.0,47.0,12.0,32.0,30,2017-18,70.6,50.0
43051,Gabriel,MF,1993-09-18,La Liga,2388.0,29.0,1025.0,770.0,6.0,1.0,10.0,22.0,138.0,5714.099999999999,23.0,107.0,39.0,16.0,5.0,145.0,290.0,5.0,102.0,61.0,235.0,131.0,18.0,119.0,24,2017-18,75.1,50.0
22578,N. Sansone,FW,1991-09-10,La Liga,627.0,18.0,215.0,162.0,1.0,1.0,2.0,18.0,11.0,526.0500000000001,20.0,3.0,13.0,7.0,5.0,36.0,84.0,12.0,43.0,6.0,32.0,7.0,2.0,3.0,26,2017-18,75.3,42.9
20536,G. Pazzini,FW,1984-08-02,Serie A,1374.0,28.0,197.0,140.0,2.0,0.0,2.0,4.0,15.0,534.4499999999999,8.0,10.0,25.0,11.0,5.0,57.0,138.0,3.0,76.0,2.0,37.0,19.0,9.0,28.0,33,2017-18,71.1,41.3
344120,Borja Mayoral,FW,1997-04-05,La Liga,341.0,12.0,113.0,98.0,0.0,1.0,0.0,5.0,7.0,287.70000000000005,1.0,1.0,14.0,11.0,3.0,15.0,36.0,2.0,36.0,4.0,14.0,5.0,0.0,5.0,20,2017-18,86.7,41.7
6210,Aday,DF,1987-12-16,La Liga,1830.0,29.0,822.0,610.0,11.0,0.0,2.0,55.0,86.0,3460.7999999999984,137.0,71.0,34.0,13.0,2.0,152.0,217.0,31.0,62.0,19.0,126.0,76.0,26.0,43.0,30,2017-18,74.2,70.0
344132,T. Hernández,DF,1997-10-06,La Liga,961.0,13.0,570.0,492.0,2.0,0.0,1.0,26.0,46.0,2359.3500000000004,37.0,12.0,2.0,2.0,0.0,48.0,100.0,24.0,30.0,20.0,89.0,45.0,9.0,11.0,20,2017-18,86.3,48.0
352328,E. Demirović,FW,1998-03-25,La Liga,181.0,3.0,23.0,15.0,0.0,1.0,0.0,1.0,0.0,13.65,1.0,3.0,5.0,2.0,1.0,10.0,25.0,0.0,13.0,2.0,11.0,5.0,2.0,6.0,19,2017-18,65.2,40.0
266312,E. Cecchini,MF,1996-12-24,La Liga,28.0,2.0,16.0,15.0,0.0,0.0,1.0,0.0,2.0,129.15,0.0,2.0,1.0,0.0,0.0,1.0,2.0,0.0,0.0,3.0,8.0,3.0,1.0,0.0,21,2017-18,93.8,50.0
344140,A. Ndiaye,FW,1996-07-16,La Liga,2883.0,37.0,553.0,385.0,6.0,0.0,11.0,34.0,57.0,2259.5999999999995,38.0,28.0,40.0,14.0,3.0,162.0,369.0,46.0,109.0,48.0,275.0,100.0,17.0,18.0,21,2017-18,69.6,43.9
346195,Fabián,MF,1996-04-03,La Liga,2662.0,34.0,2034.0,1780.0,4.0,5.0,18.0,47.0,236.0,10493.700000000013,21.0,77.0,39.0,17.0,3.0,115.0,228.0,28.0,49.0,54.0,223.0,139.0,30.0,31.0,21,2017-18,87.5,50.4
4180,Lombán,DF,1987-06-05,La Liga,995.0,13.0,414.0,360.0,0.0,0.0,0.0,1.0,104.0,4036.200000000001,0.0,83.0,3.0,1.0,1.0,1.0,4.0,0.0,14.0,14.0,51.0,66.0,41.0,43.0,30,2017-18,87.0,25.0
8278,G. Bale,FW,1989-07-16,La Liga,1801.0,26.0,728.0,598.0,26.0,2.0,9.0,84.0,65.0,2813.999999999999,78.0,43.0,71.0,32.0,16.0,96.0,180.0,22.0,185.0,9.0,75.0,38.0,10.0,45.0,28,2017-18,82.1,53.3
8287,L. Modrić,MF,1985-09-09,La Liga,1975.0,26.0,1511.0,1367.0,12.0,4.0,30.0,82.0,298.0,11642.400000000005,27.0,140.0,36.0,9.0,1.0,107.0,175.0,28.0,59.0,17.0,114.0,64.0,4.0,10.0,32,2017-18,90.5,61.1
99,P. Tytoń,GK,1987-01-04,La Liga,97.0,2.0,13.0,12.0,0.0,0.0,0.0,0.0,8.0,312.90000000000003,0.0,7.0,0.0,0.0,0.0,0.0,0.0,0.0,0.0,0.0,0.0,1.0,0.0,0.0,31,2017-18,92.3,
8303,C. Pantilimon,GK,1987-02-01,La Liga,540.0,6.0,83.0,64.0,0.0,0.0,0.0,1.0,39.0,1785.0,0.0,41.0,0.0,0.0,0.0,1.0,1.0,0.0,0.0,0.0,1.0,7.0,0.0,2.0,30,2017-18,77.1,100.0
209012,Kévin Rodrigues,DF,1994-03-05,La Liga,1633.0,20.0,764.0,620.0,5.0,2.0,1.0,30.0,91.0,4025.7000000000035,81.0,31.0,13.0,3.0,1.0,49.0,95.0,16.0,22.0,25.0,162.0,88.0,25.0,21.0,23,2017-18,81.2,51.6
8311,S. Savić,DF,1991-01-08,La Liga,2299.0,27.0,975.0,841.0,0.0,0.0,1.0,6.0,197.0,8174.25,3.0,164.0,1.0,0.0,0.0,6.0,13.0,1.0,18.0,36.0,143.0,145.0,92.0,59.0,27,2017-18,86.3,46.2
292991,M. Lemos,DF,1995-12-28,Serie A,1964.0,24.0,1005.0,880.0,0.0,0.0,1.0,1.0,187.0,8277.15,3.0,163.0,24.0,6.0,1.0,17.0,33.0,0.0,32.0,42.0,155.0,105.0,55.0,33.0,22,2017-18,87.6,51.5
8323,Denis Suárez,MF,1994-01-06,La Liga,580.0,18.0,346.0,299.0,2.0,1.0,4.0,21.0,22.0,1240.0500000000006,10.0,7.0,11.0,5.0,2.0,54.0,86.0,16.0,55.0,5.0,30.0,14.0,1.0,3.0,24,2017-18,86.4,62.8
213124,Chema,DF,1992-03-03,La Liga,2078.0,25.0,652.0,531.0,1.0,0.0,0.0,4.0,171.0,6113.100000000003,0.0,122.0,7.0,3.0,1.0,8.0,18.0,0.0,24.0,20.0,83.0,142.0,74.0,41.0,25,2017-18,81.4,44.4
499843,Edu Expósito,MF,1996-08-01,La Liga,93.0,3.0,51.0,47.0,0.0,0.0,0.0,1.0,4.0,242.55,1.0,2.0,0.0,0.0,0.0,3.0,5.0,1.0,0.0,2.0,7.0,3.0,1.0,0.0,21,2017-18,92.2,60.0
4232,Pedro Alcalá,DF,1989-03-19,La Liga,690.0,8.0,274.0,208.0,1.0,0.0,0.0,4.0,53.0,2183.999999999999,4.0,70.0,6.0,3.0,1.0,5.0,7.0,0.0,17.0,6.0,27.0,50.0,26.0,25.0,28,2017-18,75.9,71.4
6281,Zaldúa,DF,1992-06-24,La Liga,2593.0,30.0,880.0,670.0,12.0,0.0,8.0,42.0,156.0,5517.750000000004,86.0,118.0,10.0,3.0,1.0,91.0,161.0,35.0,38.0,49.0,267.0,148.0,63.0,58.0,25,2017-18,76.1,56.5
4238,Míchel,DF,1990-02-15,La Liga,2139.0,28.0,954.0,790.0,12.0,1.0,3.0,40.0,110.0,4821.600000000006,72.0,72.0,6.0,3.0,0.0,58.0,97.0,10.0,34.0,34.0,162.0,98.0,32.0,38.0,27,2017-18,82.8,59.8
20623,R. Soriano,MF,1991-02-08,La Liga,1136.0,22.0,490.0,395.0,3.0,0.0,3.0,20.0,37.0,1835.4,22.0,12.0,20.0,6.0,0.0,70.0,129.0,24.0,40.0,21.0,98.0,31.0,3.0,10.0,26,2017-18,80.6,54.3
151,J. Guidetti,FW,1992-04-15,La Liga,1339.0,25.0,360.0,266.0,4.0,3.0,6.0,25.0,40.0,1584.4499999999991,23.0,21.0,32.0,14.0,3.0,48.0,115.0,5.0,86.0,6.0,43.0,25.0,4.0,33.0,25,2017-18,73.9,41.7
207001,J. Correa,MF,1994-08-13,La Liga,1200.0,21.0,447.0,382.0,4.0,1.0,14.0,36.0,41.0,1808.0999999999992,10.0,16.0,22.0,6.0,1.0,110.0,202.0,13.0,84.0,13.0,99.0,32.0,7.0,17.0,23,2017-18,85.5,54.5
4256,Aleix Vidal,MF,1989-08-21,La Liga,453.0,14.0,249.0,200.0,2.0,1.0,7.0,16.0,24.0,844.2,9.0,9.0,8.0,6.0,1.0,15.0,36.0,1.0,37.0,7.0,39.0,22.0,4.0,4.0,28,2017-18,80.3,41.7
41124,Naldo,DF,1988-08-25,La Liga,920.0,11.0,412.0,351.0,1.0,0.0,0.0,1.0,56.0,2585.1000000000004,0.0,44.0,1.0,0.0,0.0,0.0,3.0,0.0,6.0,13.0,45.0,67.0,38.0,23.0,29,2017-18,85.2,0.0
86183,F. Roncaglia,DF,1987-02-10,La Liga,1492.0,21.0,1032.0,922.0,1.0,0.0,0.0,7.0,201.0,8217.300000000012,6.0,119.0,4.0,1.0,0.0,18.0,36.0,3.0,13.0,46.0,129.0,98.0,32.0,30.0,30,2017-18,89.3,50.0
4272,Ximo Navarro,DF,1990-01-23,La Liga,2607.0,31.0,1236.0,1092.0,1.0,1.0,5.0,5.0,220.0,9549.749999999989,10.0,132.0,3.0,1.0,0.0,73.0,114.0,18.0,9.0,52.0,228.0,186.0,102.0,45.0,27,2017-18,88.3,64.0
4278,Borja García,MF,1990-11-02,La Liga,2813.0,37.0,1303.0,1112.0,13.0,3.0,16.0,63.0,176.0,6577.200000000005,77.0,118.0,53.0,12.0,2.0,214.0,389.0,17.0,63.0,19.0,132.0,103.0,11.0,18.0,27,2017-18,85.3,55.0
86200,S. Araújo,FW,1992-01-28,La Liga,37.0,2.0,20.0,19.0,0.0,0.0,0.0,0.0,4.0,152.25000000000003,1.0,0.0,2.0,0.0,0.0,3.0,5.0,0.0,3.0,0.0,2.0,0.0,0.0,0.0,25,2017-18,95.0,60.0
86212,G. Rulli,GK,1992-05-20,La Liga,2340.0,26.0,827.0,726.0,0.0,0.0,0.0,0.0,430.0,15449.699999999995,0.0,263.0,0.0,0.0,0.0,0.0,0.0,0.0,0.0,0.0,5.0,44.0,6.0,6.0,25,2017-18,87.8,
86220,G. Mercado,DF,1987-03-18,La Liga,2125.0,26.0,935.0,795.0,3.0,1.0,2.0,14.0,148.0,6555.149999999999,27.0,100.0,14.0,5.0,0.0,21.0,48.0,2.0,55.0,58.0,201.0,136.0,41.0,59.0,30,2017-18,85.0,43.8
4303,David López,DF,1989-10-09,La Liga,3330.0,37.0,1789.0,1540.0,2.0,0.0,5.0,13.0,416.0,16556.399999999983,7.0,301.0,13.0,6.0,1.0,36.0,67.0,6.0,54.0,59.0,235.0,228.0,97.0,82.0,28,2017-18,86.1,53.7
6363,Serantes,GK,1989-01-04,La Liga,90.0,1.0,17.0,8.0,0.0,0.0,0.0,0.0,6.0,274.05,0.0,15.0,0.0,0.0,0.0,0.0,0.0,0.0,0.0,0.0,0.0,2.0,0.0,0.0,29,2017-18,47.1,
6365,Bustinza,DF,1992-02-02,La Liga,1636.0,20.0,596.0,496.0,1.0,0.0,1.0,5.0,118.0,4699.800000000003,9.0,88.0,13.0,9.0,2.0,10.0,22.0,2.0,38.0,34.0,131.0,109.0,44.0,51.0,25,2017-18,83.2,45.5
4319,Dani Giménez,GK,1983-07-30,La Liga,309.0,4.0,78.0,64.0,0.0,0.0,0.0,0.0,40.0,1582.3499999999997,0.0,31.0,0.0,0.0,0.0,1.0,2.0,0.0,0.0,1.0,1.0,1.0,2.0,2.0,34,2017-18,82.1,50.0
450784,Óscar Melendo,MF,1997-08-23,La Liga,679.0,18.0,255.0,219.0,3.0,1.0,2.0,8.0,26.0,1190.6999999999996,7.0,14.0,6.0,2.0,0.0,36.0,55.0,8.0,11.0,3.0,29.0,7.0,1.0,2.0,20,2017-18,85.9,65.5
215265,Jaume,GK,1990-11-05,La Liga,450.0,5.0,86.0,76.0,0.0,0.0,0.0,0.0,45.0,1475.2500000000002,0.0,24.0,0.0,0.0,0.0,0.0,0.0,0.0,0.0,0.0,0.0,6.0,0.0,2.0,27,2017-18,88.4,
6370,Eraso,MF,1990-03-22,La Liga,2542.0,33.0,776.0,609.0,5.0,1.0,6.0,18.0,66.0,2989.35,35.0,39.0,30.0,14.0,4.0,75.0,161.0,11.0,94.0,35.0,167.0,72.0,10.0,22.0,27,2017-18,78.5,46.6
239843,Z. Bakkali,FW,1996-01-26,La Liga,908.0,23.0,281.0,216.0,2.0,0.0,2.0,10.0,23.0,911.4,40.0,11.0,23.0,5.0,0.0,78.0,139.0,24.0,43.0,8.0,59.0,22.0,5.0,4.0,21,2017-18,76.9,56.1
4326,Tito,DF,1985-07-11,La Liga,607.0,9.0,235.0,178.0,1.0,0.0,0.0,7.0,44.0,1704.1499999999994,16.0,37.0,1.0,0.0,0.0,9.0,14.0,3.0,3.0,8.0,63.0,30.0,8.0,7.0,32,2017-18,75.7,64.3
4329,A. Arribas,DF,1989-05-01,La Liga,270.0,3.0,113.0,98.0,0.0,0.0,0.0,1.0,22.0,897.7500000000001,0.0,20.0,1.0,0.0,0.0,2.0,5.0,0.0,4.0,8.0,26.0,18.0,6.0,6.0,28,2017-18,86.7,40.0
4332,Javi Fuego,MF,1984-01-04,La Liga,1881.0,28.0,875.0,729.0,0.0,0.0,1.0,9.0,127.0,5358.1500000000015,1.0,85.0,6.0,2.0,0.0,39.0,65.0,0.0,12.0,40.0,175.0,105.0,21.0,46.0,34,2017-18,83.3,60.0
254189,Ivi,FW,1994-06-29,La Liga,1755.0,29.0,615.0,431.0,7.0,2.0,19.0,44.0,78.0,2803.499999999998,78.0,60.0,37.0,9.0,3.0,135.0,256.0,18.0,75.0,33.0,202.0,64.0,9.0,14.0,23,2017-18,70.1,52.7
254188,Matías Nahuel,MF,1996-11-22,La Liga,250.0,7.0,115.0,93.0,1.0,0.0,0.0,3.0,9.0,299.25000000000006,6.0,5.0,2.0,1.0,0.0,26.0,41.0,4.0,12.0,3.0,23.0,14.0,0.0,2.0,21,2017-18,80.9,63.4
4338,Diego Costa,FW,1988-10-07,La Liga,1069.0,15.0,293.0,233.0,2.0,3.0,7.0,25.0,8.0,539.7000000000003,7.0,7.0,21.0,11.0,3.0,72.0,191.0,12.0,86.0,12.0,56.0,24.0,5.0,27.0,29,2017-18,79.5,37.7
286963,Vesga,MF,1993-04-08,La Liga,808.0,12.0,361.0,312.0,2.0,1.0,3.0,12.0,41.0,1807.0499999999995,4.0,24.0,7.0,3.0,1.0,22.0,56.0,4.0,18.0,13.0,71.0,40.0,10.0,25.0,24,2017-18,86.4,39.3
4343,Dani Pacheco,MF,1991-01-05,La Liga,168.0,10.0,91.0,63.0,4.0,0.0,1.0,7.0,9.0,349.65000000000003,14.0,10.0,1.0,0.0,0.0,10.0,18.0,2.0,5.0,2.0,8.0,5.0,2.0,0.0,27,2017-18,69.2,55.6
385273,Charles,FW,1984-04-04,La Liga,1586.0,30.0,362.0,271.0,2.0,1.0,4.0,23.0,26.0,1139.2500000000002,15.0,7.0,40.0,15.0,8.0,37.0,88.0,5.0,159.0,4.0,41.0,22.0,4.0,69.0,33,2017-18,74.9,42.0
4348,M. Barbosa,GK,1984-07-27,La Liga,1124.0,13.0,183.0,164.0,0.0,0.0,0.0,0.0,80.0,3309.6,0.0,51.0,0.0,0.0,0.0,3.0,3.0,0.0,0.0,0.0,0.0,19.0,5.0,3.0,33,2017-18,89.6,100.0
254,R. Rosales,DF,1988-11-20,La Liga,3125.0,35.0,1475.0,1132.0,12.0,0.0,6.0,57.0,289.0,11060.699999999995,111.0,201.0,17.0,5.0,1.0,53.0,105.0,7.0,29.0,73.0,319.0,191.0,62.0,62.0,29,2017-18,76.7,50.5
4350,Raúl Lizoáin,GK,1991-01-27,La Liga,990.0,11.0,230.0,208.0,0.0,0.0,0.0,0.0,104.0,3465.0000000000023,0.0,59.0,0.0,0.0,0.0,2.0,2.0,0.0,0.0,1.0,3.0,10.0,2.0,2.0,26,2017-18,90.4,100.0
4355,David García,DF,1982-02-25,La Liga,858.0,11.0,435.0,364.0,0.0,0.0,1.0,2.0,98.0,3818.85,6.0,62.0,5.0,3.0,1.0,12.0,15.0,5.0,16.0,18.0,63.0,47.0,24.0,14.0,35,2017-18,83.7,80.0
286981,Antonio Sivera,GK,1996-08-11,La Liga,63.0,1.0,8.0,6.0,0.0,0.0,0.0,0.0,5.0,226.80000000000004,0.0,6.0,0.0,0.0,0.0,0.0,0.0,0.0,0.0,0.0,0.0,0.0,0.0,0.0,21,2017-18,75.0,
4358,Laguardia,DF,1989-11-05,La Liga,1530.0,17.0,513.0,417.0,1.0,0.0,1.0,8.0,163.0,6351.450000000001,2.0,161.0,5.0,2.0,2.0,4.0,5.0,1.0,21.0,24.0,65.0,121.0,70.0,43.0,28,2017-18,81.3,80.0
4360,Juanpe,DF,1991-06-30,La Liga,3064.0,35.0,1225.0,1023.0,3.0,0.0,2.0,11.0,335.0,12492.899999999985,5.0,256.0,18.0,11.0,5.0,13.0,18.0,1.0,72.0,54.0,197.0,193.0,99.0,81.0,26,2017-18,83.5,72.2
4361,Javi Castellano,MF,1987-11-02,La Liga,1567.0,23.0,997.0,909.0,0.0,0.0,1.0,5.0,112.0,5594.399999999999,6.0,40.0,4.0,2.0,0.0,35.0,53.0,1.0,6.0,30.0,111.0,97.0,13.0,32.0,30,2017-18,91.2,66.0
4362,Momo,MF,1982-07-15,La Liga,672.0,13.0,359.0,293.0,2.0,1.0,4.0,15.0,34.0,1606.4999999999993,22.0,26.0,7.0,1.0,0.0,32.0,58.0,4.0,14.0,8.0,48.0,14.0,1.0,4.0,35,2017-18,81.6,55.2
4363,Vicente Gómez,MF,1988-08-31,La Liga,1522.0,24.0,835.0,740.0,3.0,0.0,4.0,14.0,67.0,3498.5999999999995,12.0,38.0,12.0,0.0,0.0,42.0,93.0,3.0,37.0,11.0,87.0,62.0,10.0,39.0,29,2017-18,88.6,45.2
4366,Hernán,MF,1990-08-26,La Liga,351.0,7.0,228.0,207.0,0.0,0.0,0.0,2.0,24.0,1112.9999999999998,1.0,3.0,4.0,2.0,0.0,6.0,9.0,1.0,9.0,11.0,32.0,9.0,1.0,8.0,27,2017-18,90.8,66.7
286994,Adrián Marín,DF,1997-01-09,La Liga,232.0,3.0,93.0,79.0,0.0,0.0,2.0,2.0,14.0,600.6,1.0,5.0,0.0,0.0,0.0,3.0,7.0,2.0,0.0,5.0,27.0,13.0,3.0,2.0,20,2017-18,84.9,42.9
4371,Dani Castellano,DF,1987-11-02,La Liga,2027.0,24.0,840.0,699.0,2.0,1.0,3.0,16.0,115.0,4944.450000000002,40.0,80.0,4.0,0.0,0.0,82.0,147.0,15.0,22.0,31.0,184.0,141.0,43.0,29.0,30,2017-18,83.2,55.8
364820,Loren Morón,FW,1993-12-30,La Liga,1063.0,15.0,174.0,124.0,5.0,0.0,6.0,13.0,11.0,541.7999999999998,5.0,3.0,28.0,13.0,7.0,53.0,155.0,9.0,76.0,7.0,56.0,28.0,7.0,19.0,24,2017-18,71.3,34.2
4375,Vitolo,MF,1989-11-02,La Liga,1308.0,23.0,624.0,521.0,3.0,2.0,10.0,38.0,50.0,2417.1000000000004,22.0,9.0,15.0,7.0,2.0,123.0,224.0,24.0,78.0,16.0,104.0,51.0,6.0,15.0,28,2017-18,83.5,54.9
338201,E. Boateng,FW,1996-05-23,La Liga,1266.0,25.0,162.0,125.0,3.0,0.0,5.0,13.0,13.0,523.95,6.0,5.0,35.0,14.0,6.0,65.0,137.0,5.0,111.0,8.0,56.0,25.0,9.0,67.0,21,2017-18,77.2,47.4
241945,P. Sisto,MF,1995-02-04,La Liga,2534.0,34.0,1006.0,850.0,13.0,6.0,17.0,89.0,102.0,4058.2500000000023,66.0,77.0,49.0,19.0,5.0,272.0,499.0,41.0,124.0,18.0,125.0,50.0,2.0,4.0,22,2017-18,84.5,54.5
287003,Benito Ramírez,MF,1995-07-11,La Liga,163.0,4.0,67.0,44.0,0.0,0.0,1.0,7.0,1.0,112.35000000000001,16.0,2.0,1.0,1.0,0.0,10.0,20.0,1.0,4.0,1.0,19.0,4.0,2.0,2.0,22,2017-18,65.7,50.0
20764,L. Muriel,FW,1991-04-16,La Liga,1605.0,29.0,390.0,311.0,7.0,0.0,10.0,36.0,35.0,1249.5,28.0,7.0,56.0,22.0,7.0,84.0,198.0,26.0,149.0,7.0,67.0,22.0,1.0,29.0,26,2017-18,79.7,42.4
4379,Jonathan Viera,MF,1989-09-21,La Liga,1994.0,23.0,1380.0,1209.0,16.0,1.0,39.0,85.0,161.0,7099.050000000008,23.0,76.0,39.0,15.0,4.0,196.0,350.0,31.0,52.0,23.0,125.0,43.0,1.0,10.0,28,2017-18,87.6,56.0
86307,L. Vietto,FW,1993-12-05,La Liga,792.0,20.0,264.0,223.0,5.0,2.0,4.0,22.0,23.0,1058.4,12.0,4.0,11.0,4.0,2.0,42.0,108.0,14.0,42.0,9.0,39.0,23.0,4.0,3.0,24,2017-18,84.5,38.9
516397,Mujaid Sadick,DF,2000-03-14,La Liga,105.0,2.0,42.0,36.0,0.0,0.0,0.0,0.0,3.0,172.2,1.0,1.0,0.0,0.0,0.0,1.0,2.0,0.0,0.0,1.0,8.0,8.0,2.0,0.0,17,2017-18,85.7,50.0
86319,L. Chichizola,GK,1990-03-27,La Liga,2430.0,27.0,766.0,641.0,0.0,0.0,0.0,1.0,362.0,13752.900000000007,0.0,276.0,0.0,0.0,0.0,9.0,10.0,0.0,0.0,2.0,9.0,75.0,25.0,16.0,27,2017-18,83.7,90.0
364850,J. Firpo,DF,1996-08-22,La Liga,1190.0,14.0,559.0,479.0,3.0,2.0,2.0,15.0,61.0,2468.5500000000006,24.0,22.0,11.0,4.0,2.0,33.0,61.0,10.0,31.0,23.0,100.0,73.0,24.0,24.0,21,2017-18,85.7,54.1
399673,E. Rolón,MF,1995-03-25,La Liga,421.0,7.0,131.0,101.0,0.0,0.0,1.0,1.0,13.0,594.3000000000001,3.0,14.0,2.0,0.0,0.0,9.0,17.0,3.0,5.0,6.0,30.0,21.0,9.0,4.0,22,2017-18,77.1,52.9
399676,Pablo Fornals,MF,1996-02-22,La Liga,2622.0,35.0,1299.0,1049.0,13.0,10.0,37.0,71.0,164.0,6727.350000000009,39.0,86.0,49.0,15.0,3.0,90.0,198.0,40.0,77.0,40.0,191.0,77.0,16.0,34.0,21,2017-18,80.8,45.5
364860,Rodri,MF,1996-06-22,La Liga,3228.0,37.0,2338.0,2145.0,2.0,1.0,3.0,17.0,297.0,13767.59999999999,5.0,135.0,28.0,9.0,1.0,107.0,184.0,14.0,55.0,90.0,345.0,223.0,63.0,89.0,21,2017-18,91.7,58.2
125250,Ó. Duarte,DF,1989-06-03,La Liga,990.0,11.0,442.0,368.0,0.0,0.0,0.0,3.0,91.0,3844.0500000000006,1.0,96.0,5.0,0.0,0.0,3.0,6.0,0.0,12.0,9.0,42.0,48.0,38.0,38.0,28,2017-18,83.3,50.0
20803,M. Aguirregaray,DF,1989-04-01,La Liga,1156.0,15.0,542.0,433.0,2.0,0.0,9.0,27.0,84.0,3294.899999999999,27.0,70.0,6.0,0.0,0.0,53.0,103.0,11.0,13.0,23.0,102.0,66.0,20.0,12.0,28,2017-18,79.9,51.5
364870,Adrián Diéguez,DF,1996-02-04,La Liga,438.0,6.0,134.0,110.0,0.0,0.0,1.0,4.0,26.0,1164.4499999999998,1.0,22.0,3.0,0.0,0.0,10.0,19.0,0.0,2.0,16.0,60.0,28.0,13.0,5.0,21,2017-18,82.1,52.6
20808,E. Muñoz,DF,1990-10-08,La Liga,1407.0,19.0,476.0,392.0,1.0,1.0,0.0,2.0,65.0,3267.600000000001,2.0,58.0,3.0,1.0,0.0,11.0,20.0,1.0,22.0,38.0,109.0,87.0,53.0,57.0,27,2017-18,82.4,55.0
4424,Jonny,DF,1994-03-03,La Liga,3201.0,36.0,1723.0,1469.0,7.0,1.0,12.0,50.0,276.0,10628.099999999991,63.0,146.0,13.0,4.0,2.0,128.0,227.0,36.0,48.0,92.0,374.0,208.0,45.0,44.0,23,2017-18,85.3,56.4
86350,N. Champagne,GK,1985-01-20,La Liga,180.0,2.0,27.0,20.0,0.0,0.0,0.0,0.0,15.0,698.2500000000001,0.0,20.0,0.0,0.0,0.0,0.0,0.0,0.0,0.0,0.0,0.0,0.0,2.0,1.0,32,2017-18,74.1,
20823,F. Vázquez,MF,1989-02-22,La Liga,1844.0,30.0,844.0,637.0,12.0,5.0,15.0,64.0,96.0,4001.550000000001,49.0,34.0,55.0,15.0,4.0,146.0,283.0,13.0,143.0,33.0,138.0,45.0,7.0,37.0,28,2017-18,75.5,51.6
4440,Borja Valle,FW,1992-07-09,La Liga,475.0,17.0,123.0,101.0,4.0,2.0,0.0,13.0,9.0,431.5499999999999,11.0,4.0,14.0,7.0,3.0,23.0,50.0,4.0,44.0,7.0,28.0,12.0,4.0,6.0,25,2017-18,82.1,46.0
6513,Raúl García,DF,1989-04-30,La Liga,1388.0,19.0,471.0,341.0,1.0,2.0,1.0,15.0,77.0,3036.6,39.0,69.0,8.0,2.0,0.0,31.0,52.0,6.0,5.0,21.0,130.0,94.0,40.0,14.0,28,2017-18,72.4,59.6
395636,Maxi Gómez,FW,1996-08-14,La Liga,3076.0,36.0,554.0,426.0,7.0,2.0,8.0,35.0,39.0,1704.1499999999992,27.0,31.0,78.0,40.0,18.0,128.0,290.0,10.0,209.0,5.0,58.0,44.0,19.0,89.0,21,2017-18,76.9,44.1
4476,Iago Herrerín,GK,1988-01-25,La Liga,720.0,8.0,189.0,150.0,0.0,0.0,0.0,0.0,122.0,5033.700000000001,0.0,126.0,0.0,0.0,0.0,0.0,0.0,0.0,0.0,0.0,3.0,8.0,6.0,2.0,29,2017-18,79.4,
14723,T. Kroos,MF,1990-01-04,La Liga,2268.0,27.0,1958.0,1834.0,12.0,3.0,12.0,67.0,341.0,14239.050000000017,30.0,143.0,40.0,17.0,5.0,73.0,101.0,21.0,39.0,37.0,165.0,58.0,4.0,10.0,28,2017-18,93.7,72.3
4488,Saúl,MF,1994-11-21,La Liga,3157.0,36.0,1647.0,1395.0,7.0,3.0,8.0,27.0,225.0,9446.850000000004,24.0,126.0,51.0,10.0,2.0,149.0,259.0,15.0,104.0,80.0,331.0,215.0,46.0,82.0,23,2017-18,84.7,57.5
4498,Lucas Vázquez,FW,1991-07-01,La Liga,1666.0,32.0,944.0,787.0,23.0,5.0,12.0,96.0,66.0,3006.1499999999983,107.0,42.0,34.0,16.0,4.0,134.0,245.0,12.0,155.0,33.0,154.0,51.0,7.0,5.0,26,2017-18,83.4,54.7
41363,Gabriel,DF,1990-11-26,La Liga,2622.0,30.0,1270.0,1133.0,0.0,0.0,3.0,2.0,272.0,11535.300000000001,0.0,116.0,14.0,3.0,0.0,18.0,28.0,3.0,34.0,37.0,142.0,175.0,107.0,80.0,27,2017-18,89.2,64.3
4501,Daniel Carvajal,DF,1992-01-11,La Liga,2250.0,25.0,1609.0,1371.0,17.0,2.0,7.0,72.0,189.0,7657.650000000007,125.0,90.0,14.0,7.0,0.0,83.0,135.0,21.0,75.0,48.0,203.0,125.0,22.0,30.0,25,2017-18,85.2,61.5
4511,Pedro Mosquera,MF,1988-04-21,La Liga,1398.0,22.0,688.0,563.0,2.0,2.0,2.0,20.0,121.0,5037.900000000004,19.0,104.0,11.0,3.0,0.0,38.0,70.0,4.0,17.0,44.0,167.0,89.0,24.0,20.0,29,2017-18,81.8,54.3
4513,D. Cheryshev,MF,1990-12-26,La Liga,920.0,24.0,317.0,227.0,5.0,1.0,5.0,21.0,35.0,1355.5500000000002,36.0,15.0,29.0,9.0,2.0,50.0,88.0,26.0,62.0,10.0,93.0,43.0,7.0,15.0,27,2017-18,71.6,56.8
485794,Sergio Arribas,MF,1995-07-07,La Liga,22.0,1.0,10.0,8.0,0.0,0.0,0.0,0.0,1.0,55.650000000000006,0.0,0.0,0.0,0.0,0.0,0.0,1.0,0.0,0.0,2.0,2.0,1.0,0.0,0.0,22,2017-18,80.0,0.0
14757,Z. Kuzmanović,MF,1987-09-22,La Liga,520.0,8.0,316.0,286.0,3.0,1.0,1.0,6.0,48.0,2106.299999999999,4.0,22.0,3.0,0.0,0.0,8.0,22.0,1.0,1.0,4.0,24.0,14.0,5.0,8.0,30,2017-18,90.5,36.4
6577,Pedro López,GK,1995-01-21,La Liga,411.0,5.0,119.0,106.0,0.0,0.0,0.0,0.0,64.0,2118.9000000000005,0.0,37.0,0.0,0.0,0.0,0.0,0.0,0.0,0.0,0.0,0.0,6.0,4.0,0.0,22,2017-18,89.1,
20922,Neto,GK,1989-07-19,La Liga,2970.0,33.0,359.0,294.0,0.0,0.0,0.0,0.0,200.0,8123.849999999998,0.0,160.0,1.0,0.0,0.0,0.0,0.0,0.0,1.0,1.0,3.0,27.0,7.0,11.0,28,2017-18,81.9,
410055,Rober,DF,1995-02-16,La Liga,1904.0,25.0,649.0,556.0,1.0,0.0,1.0,4.0,140.0,5452.650000000006,3.0,81.0,7.0,1.0,0.0,21.0,37.0,1.0,17.0,35.0,134.0,132.0,53.0,22.0,22,2017-18,85.7,56.8
254408,Á. Correa,FW,1995-03-09,La Liga,2267.0,37.0,857.0,642.0,8.0,3.0,12.0,53.0,71.0,3197.249999999998,61.0,39.0,45.0,27.0,8.0,215.0,437.0,40.0,179.0,26.0,154.0,88.0,12.0,13.0,22,2017-18,74.9,49.2
405972,Alex Robles,DF,1999-01-28,La Liga,90.0,1.0,24.0,19.0,0.0,0.0,0.0,0.0,5.0,191.1,1.0,4.0,0.0,0.0,0.0,1.0,2.0,0.0,0.0,5.0,11.0,7.0,4.0,1.0,18,2017-18,79.2,50.0
70112,E. Garay,DF,1986-10-10,La Liga,2031.0,24.0,1022.0,904.0,3.0,0.0,0.0,7.0,207.0,8629.950000000008,2.0,132.0,6.0,1.0,0.0,11.0,17.0,0.0,18.0,23.0,96.0,161.0,102.0,51.0,31,2017-18,88.5,64.7
551398,David Alba,DF,1999-05-05,La Liga,63.0,1.0,10.0,7.0,0.0,0.0,0.0,0.0,4.0,121.80000000000001,0.0,2.0,0.0,0.0,0.0,1.0,1.0,0.0,0.0,2.0,6.0,2.0,3.0,1.0,18,2017-18,70.0,100.0
70120,Javi García,MF,1987-02-08,La Liga,2410.0,32.0,1579.0,1487.0,1.0,0.0,1.0,5.0,210.0,9356.550000000003,0.0,61.0,10.0,1.0,1.0,48.0,90.0,5.0,21.0,25.0,145.0,114.0,48.0,63.0,30,2017-18,94.2,53.3
500200,Miguel,DF,1998-03-11,La Liga,27.0,1.0,6.0,2.0,0.0,0.0,0.0,0.0,1.0,33.6,0.0,3.0,0.0,0.0,0.0,0.0,0.0,0.0,0.0,2.0,4.0,1.0,1.0,4.0,19,2017-18,33.3,
70121,N. Gaitán,MF,1988-02-23,La Liga,215.0,6.0,91.0,69.0,1.0,0.0,1.0,4.0,11.0,444.15000000000003,5.0,7.0,6.0,2.0,0.0,7.0,18.0,2.0,8.0,5.0,17.0,9.0,0.0,4.0,29,2017-18,75.8,38.9
352748,Iván Rodríguez,DF,1996-04-30,La Liga,20.0,1.0,12.0,11.0,0.0,0.0,0.0,0.0,2.0,80.85,0.0,1.0,0.0,0.0,0.0,0.0,1.0,0.0,0.0,0.0,3.0,1.0,0.0,0.0,21,2017-18,91.7,0.0
70125,Nolito,FW,1986-10-15,La Liga,1597.0,30.0,604.0,451.0,9.0,5.0,20.0,70.0,68.0,2764.650000000001,40.0,46.0,36.0,17.0,4.0,103.0,228.0,5.0,137.0,23.0,118.0,52.0,9.0,15.0,31,2017-18,74.7,45.2
70129,Rodrigo,FW,1991-03-06,La Liga,2697.0,37.0,882.0,685.0,13.0,2.0,19.0,65.0,83.0,3226.650000000002,48.0,26.0,85.0,41.0,16.0,150.0,322.0,40.0,215.0,9.0,73.0,40.0,11.0,42.0,26,2017-18,77.7,46.6
4593,Sergio Mora,MF,1979-08-30,La Liga,800.0,24.0,375.0,304.0,1.0,0.0,1.0,7.0,65.0,2719.5000000000005,5.0,27.0,6.0,0.0,0.0,8.0,16.0,0.0,7.0,19.0,65.0,61.0,9.0,11.0,38,2017-18,81.1,50.0
336371,Guilherme Arana,DF,1997-04-14,La Liga,192.0,3.0,100.0,83.0,0.0,0.0,0.0,1.0,5.0,381.15,4.0,4.0,0.0,0.0,0.0,6.0,6.0,1.0,2.0,4.0,13.0,12.0,4.0,2.0,20,2017-18,83.0,100.0
14836,T. Inui,MF,1988-06-02,La Liga,2637.0,34.0,868.0,699.0,7.0,2.0,7.0,44.0,73.0,2758.3499999999976,74.0,50.0,60.0,22.0,5.0,171.0,326.0,35.0,122.0,22.0,163.0,78.0,9.0,9.0,29,2017-18,80.5,52.5
70140,Daniel Carriço,DF,1988-08-04,La Liga,459.0,6.0,229.0,207.0,0.0,0.0,0.0,1.0,47.0,2073.750000000001,0.0,28.0,1.0,0.0,0.0,3.0,6.0,1.0,4.0,14.0,45.0,33.0,14.0,12.0,29,2017-18,90.4,50.0
14852,Sergio Escudero,DF,1989-09-02,La Liga,2332.0,27.0,1273.0,1058.0,4.0,0.0,4.0,44.0,197.0,8012.5500000000075,54.0,105.0,20.0,4.0,0.0,79.0,120.0,29.0,43.0,56.0,274.0,162.0,38.0,62.0,28,2017-18,83.1,65.8
14866,Jurado,MF,1986-06-29,La Liga,1511.0,29.0,599.0,490.0,2.0,3.0,6.0,26.0,55.0,2368.800000000001,29.0,31.0,14.0,4.0,0.0,99.0,165.0,26.0,29.0,11.0,59.0,36.0,3.0,0.0,31,2017-18,81.8,60.0
6684,Jony,MF,1991-07-09,La Liga,213.0,5.0,90.0,50.0,1.0,0.0,2.0,8.0,16.0,523.9499999999999,26.0,9.0,4.0,1.0,0.0,21.0,45.0,3.0,6.0,2.0,9.0,1.0,0.0,1.0,26,2017-18,55.6,46.7
227894,J. Giménez,DF,1995-01-20,La Liga,1684.0,23.0,684.0,578.0,0.0,0.0,0.0,1.0,154.0,6433.349999999998,2.0,122.0,10.0,2.0,1.0,22.0,32.0,2.0,45.0,28.0,110.0,110.0,54.0,67.0,22,2017-18,84.5,68.8
264778,M. El Id,MF,1997-12-31,La Liga,81.0,2.0,34.0,27.0,0.0,0.0,0.0,0.0,4.0,168.00000000000003,0.0,3.0,0.0,0.0,0.0,1.0,2.0,0.0,0.0,0.0,2.0,9.0,0.0,2.0,20,2017-18,79.4,50.0
4683,A. Szymanowski,MF,1988-10-13,La Liga,1064.0,13.0,294.0,214.0,6.0,2.0,4.0,21.0,15.0,851.5499999999997,36.0,8.0,19.0,6.0,2.0,46.0,91.0,6.0,54.0,8.0,52.0,47.0,3.0,3.0,29,2017-18,72.8,50.5
86623,A. Fernández,MF,1986-04-10,La Liga,103.0,4.0,70.0,58.0,0.0,0.0,0.0,2.0,12.0,413.70000000000005,0.0,9.0,1.0,0.0,0.0,3.0,5.0,0.0,0.0,1.0,8.0,8.0,0.0,2.0,31,2017-18,82.9,60.0
94828,G. Shibasaki,MF,1992-05-25,La Liga,1001.0,22.0,317.0,245.0,2.0,0.0,4.0,12.0,27.0,1225.35,21.0,18.0,8.0,2.0,1.0,30.0,73.0,4.0,28.0,14.0,76.0,30.0,8.0,11.0,25,2017-18,77.3,41.1
256634,Y. Mina,DF,1994-09-23,La Liga,370.0,5.0,228.0,216.0,1.0,0.0,1.0,2.0,44.0,1866.8999999999996,0.0,12.0,3.0,1.0,0.0,5.0,7.0,1.0,12.0,5.0,23.0,21.0,12.0,13.0,23,2017-18,94.7,71.4
70273,J. Oblak,GK,1993-01-07,La Liga,3330.0,37.0,460.0,353.0,0.0,0.0,0.0,0.0,235.0,9918.300000000012,0.0,249.0,0.0,0.0,0.0,5.0,5.0,0.0,0.0,0.0,3.0,28.0,7.0,6.0,25,2017-18,76.7,100.0
266885,M. Olunga,FW,1994-03-26,La Liga,428.0,14.0,85.0,67.0,0.0,0.0,1.0,4.0,5.0,187.95,4.0,0.0,17.0,6.0,3.0,16.0,41.0,1.0,42.0,8.0,25.0,8.0,4.0,21.0,23,2017-18,78.8,39.0
393881,H. Toledo,FW,1996-01-17,La Liga,618.0,15.0,172.0,126.0,3.0,1.0,2.0,12.0,14.0,571.1999999999999,30.0,4.0,2.0,1.0,0.0,62.0,115.0,7.0,29.0,4.0,34.0,15.0,2.0,0.0,21,2017-18,73.3,53.9
225946,A. Sanabria,FW,1996-04-04,La Liga,847.0,17.0,141.0,111.0,0.0,0.0,0.0,4.0,8.0,331.80000000000007,4.0,1.0,20.0,12.0,8.0,33.0,70.0,2.0,58.0,6.0,29.0,8.0,3.0,27.0,21,2017-18,78.7,47.1
225948,Rubén Peña,MF,1991-07-18,La Liga,1730.0,27.0,776.0,573.0,6.0,1.0,4.0,33.0,117.0,4639.950000000003,77.0,102.0,12.0,2.0,1.0,75.0,142.0,14.0,26.0,23.0,144.0,88.0,21.0,13.0,26,2017-18,73.8,52.8
15008,M. ter Stegen,GK,1992-04-30,La Liga,3330.0,37.0,921.0,809.0,0.0,0.0,0.0,0.0,403.0,13660.500000000005,0.0,245.0,0.0,0.0,0.0,2.0,3.0,1.0,0.0,1.0,5.0,59.0,11.0,7.0,25,2017-18,87.8,66.7
281255,E. Mor,FW,1997-07-24,La Liga,648.0,23.0,273.0,198.0,5.0,2.0,3.0,21.0,17.0,649.95,50.0,12.0,12.0,5.0,1.0,94.0,162.0,29.0,44.0,7.0,45.0,24.0,2.0,1.0,20,2017-18,72.5,58.0
4780,David Juncà,DF,1993-11-16,La Liga,900.0,14.0,504.0,381.0,2.0,2.0,1.0,30.0,91.0,3324.2999999999984,59.0,88.0,4.0,0.0,0.0,27.0,45.0,7.0,4.0,17.0,70.0,61.0,17.0,10.0,24,2017-18,75.6,60.0
424624,O. Etebo,FW,1995-11-09,La Liga,1216.0,14.0,604.0,529.0,1.0,0.0,6.0,9.0,87.0,3483.899999999998,4.0,42.0,19.0,3.0,0.0,78.0,126.0,27.0,11.0,16.0,82.0,62.0,8.0,18.0,22,2017-18,87.6,61.9
4789,Carles Planas,DF,1991-03-04,La Liga,190.0,5.0,88.0,67.0,1.0,1.0,0.0,7.0,11.0,406.35,10.0,8.0,1.0,0.0,0.0,2.0,3.0,0.0,6.0,3.0,17.0,11.0,2.0,4.0,26,2017-18,76.1,66.7
86716,M. Dos Santos,DF,1989-07-07,La Liga,980.0,14.0,294.0,242.0,0.0,0.0,0.0,1.0,62.0,2536.8000000000006,3.0,70.0,1.0,1.0,0.0,4.0,15.0,0.0,8.0,21.0,76.0,63.0,37.0,26.0,28,2017-18,82.3,26.7
4805,Arbilla,DF,1987-05-15,La Liga,2411.0,29.0,1446.0,1211.0,0.0,0.0,7.0,18.0,366.0,14342.99999999997,7.0,297.0,15.0,4.0,2.0,36.0,63.0,24.0,12.0,30.0,131.0,208.0,80.0,51.0,30,2017-18,83.7,57.1
56009,R. Durmisi,DF,1994-01-08,La Liga,2082.0,24.0,879.0,717.0,6.0,2.0,1.0,25.0,84.0,3603.6000000000013,77.0,75.0,17.0,6.0,2.0,41.0,74.0,24.0,42.0,23.0,117.0,86.0,37.0,4.0,23,2017-18,81.6,55.4
225996,Diego Llorente,DF,1993-08-16,La Liga,2330.0,27.0,1452.0,1310.0,0.0,0.0,4.0,7.0,275.0,11378.849999999988,6.0,145.0,18.0,7.0,3.0,34.0,50.0,5.0,56.0,58.0,171.0,164.0,70.0,74.0,24,2017-18,90.2,68.0
226005,Burgui,MF,1993-10-29,La Liga,1036.0,23.0,337.0,259.0,5.0,0.0,5.0,26.0,48.0,1919.4,18.0,14.0,15.0,4.0,1.0,67.0,111.0,15.0,39.0,7.0,41.0,19.0,0.0,4.0,24,2017-18,76.9,60.4
56025,M. Krohn-Dehli,MF,1983-06-06,La Liga,1266.0,24.0,709.0,608.0,3.0,0.0,14.0,19.0,99.0,3691.800000000001,18.0,36.0,12.0,3.0,1.0,31.0,54.0,8.0,21.0,19.0,87.0,46.0,7.0,4.0,34,2017-18,85.8,57.4
352985,L. Zidane,GK,1998-05-13,La Liga,90.0,1.0,23.0,23.0,0.0,0.0,0.0,0.0,10.0,322.3499999999999,0.0,3.0,0.0,0.0,0.0,0.0,0.0,0.0,0.0,0.0,1.0,2.0,0.0,2.0,19,2017-18,100.0,
135903,João Cancelo,DF,1994-05-27,Serie A,1934.0,27.0,1389.0,1120.0,13.0,1.0,13.0,68.0,210.0,8198.400000000005,132.0,102.0,17.0,3.0,1.0,121.0,212.0,30.0,41.0,45.0,180.0,91.0,22.0,14.0,23,2017-18,80.6,57.1
408293,Javi Ontiveros,MF,1997-09-09,La Liga,381.0,12.0,153.0,114.0,4.0,0.0,2.0,12.0,17.0,639.45,20.0,13.0,7.0,2.0,0.0,46.0,87.0,5.0,13.0,9.0,33.0,12.0,2.0,10.0,20,2017-18,74.5,52.9
127719,A. Katai,MF,1991-02-06,La Liga,52.0,3.0,10.0,8.0,0.0,0.0,1.0,1.0,5.0,130.20000000000002,0.0,0.0,2.0,0.0,0.0,6.0,12.0,2.0,0.0,2.0,8.0,0.0,0.0,0.0,26,2017-18,80.0,50.0
6914,Álex Alegría,FW,1992-10-10,La Liga,632.0,9.0,128.0,100.0,1.0,0.0,2.0,3.0,5.0,213.15000000000003,2.0,2.0,13.0,2.0,0.0,41.0,106.0,0.0,54.0,3.0,23.0,17.0,6.0,34.0,25,2017-18,78.1,38.7
269060,P. Hernández,MF,1986-10-24,La Liga,1811.0,30.0,1131.0,985.0,3.0,2.0,4.0,20.0,184.0,7522.199999999993,12.0,100.0,15.0,3.0,3.0,89.0,153.0,7.0,47.0,31.0,154.0,135.0,35.0,84.0,31,2017-18,87.1,58.2
6925,Héctor,DF,1991-05-23,La Liga,15.0,1.0,1.0,1.0,0.0,0.0,0.0,0.0,1.0,25.200000000000003,0.0,1.0,0.0,0.0,0.0,0.0,0.0,0.0,0.0,0.0,3.0,2.0,1.0,0.0,26,2017-18,100.0,
140046,M. Dmitrović,GK,1992-01-24,La Liga,3240.0,36.0,731.0,562.0,0.0,0.0,0.0,1.0,452.0,22255.800000000007,0.0,514.0,0.0,0.0,0.0,6.0,8.0,0.0,1.0,4.0,13.0,82.0,24.0,19.0,25,2017-18,76.9,75.0
4879,Carles Gil,MF,1992-11-22,La Liga,478.0,10.0,206.0,183.0,0.0,1.0,7.0,13.0,27.0,995.4,6.0,4.0,10.0,2.0,0.0,34.0,68.0,4.0,11.0,3.0,31.0,18.0,2.0,1.0,25,2017-18,88.8,50.0
786,R. Mazáň,DF,1994-02-09,La Liga,83.0,2.0,75.0,67.0,0.0,0.0,0.0,2.0,10.0,434.70000000000005,3.0,5.0,1.0,0.0,0.0,2.0,3.0,0.0,1.0,0.0,9.0,4.0,0.0,1.0,23,2017-18,89.3,66.7
4892,José Gayá,DF,1995-05-25,La Liga,2920.0,34.0,1419.0,1155.0,14.0,2.0,13.0,65.0,198.0,8411.55000000001,127.0,130.0,13.0,3.0,0.0,111.0,182.0,16.0,80.0,48.0,219.0,170.0,63.0,27.0,22,2017-18,81.4,61.0
367391,Toni Moya,MF,1998-03-20,La Liga,2.0,1.0,1.0,1.0,0.0,0.0,0.0,0.0,0.0,4.2,0.0,0.0,0.0,0.0,0.0,0.0,0.0,0.0,0.0,0.0,0.0,0.0,0.0,0.0,19,2017-18,100.0,
86828,G. Pizarro,MF,1990-02-26,La Liga,1752.0,23.0,1170.0,1034.0,1.0,0.0,4.0,8.0,175.0,7424.5500000000075,5.0,56.0,11.0,4.0,1.0,51.0,81.0,15.0,33.0,47.0,201.0,105.0,25.0,50.0,27,2017-18,88.4,63.0
4911,Jozabed,MF,1991-03-08,La Liga,1481.0,22.0,874.0,761.0,5.0,3.0,9.0,31.0,120.0,4784.85,8.0,64.0,18.0,5.0,0.0,19.0,59.0,7.0,28.0,16.0,84.0,58.0,12.0,9.0,26,2017-18,87.1,32.2
70451,Luisinho,DF,1985-05-05,La Liga,2622.0,30.0,1258.0,992.0,9.0,1.0,2.0,39.0,240.0,9257.850000000019,100.0,154.0,14.0,4.0,1.0,108.0,170.0,30.0,21.0,53.0,264.0,145.0,84.0,18.0,32,2017-18,78.9,63.5
285491,F. Uzoho,GK,1998-10-28,La Liga,180.0,2.0,22.0,17.0,0.0,0.0,0.0,0.0,13.0,573.3000000000001,0.0,14.0,0.0,0.0,0.0,1.0,1.0,0.0,0.0,0.0,0.0,1.0,0.0,0.0,19,2017-18,77.3,100.0
25397,S. Umtiti,DF,1993-11-14,La Liga,2189.0,25.0,1539.0,1437.0,1.0,0.0,3.0,9.0,287.0,12114.899999999983,1.0,79.0,7.0,5.0,1.0,36.0,55.0,7.0,25.0,65.0,146.0,139.0,46.0,57.0,24,2017-18,93.4,65.5
404285,Víctor López,DF,1997-05-12,La Liga,61.0,1.0,17.0,8.0,1.0,1.0,0.0,3.0,2.0,68.25,5.0,2.0,1.0,0.0,0.0,3.0,9.0,2.0,4.0,1.0,7.0,2.0,2.0,0.0,20,2017-18,47.1,33.3
240445,Andreas Pereira,MF,1996-01-01,La Liga,1079.0,23.0,383.0,266.0,6.0,3.0,7.0,36.0,42.0,1621.2,62.0,20.0,14.0,6.0,1.0,83.0,152.0,19.0,40.0,14.0,103.0,34.0,4.0,13.0,22,2017-18,69.5,54.6
285509,I. Success,FW,1996-01-07,La Liga,493.0,9.0,130.0,87.0,4.0,1.0,4.0,12.0,5.0,303.45,17.0,5.0,9.0,2.0,0.0,71.0,125.0,9.0,35.0,7.0,30.0,12.0,0.0,3.0,22,2017-18,66.9,56.8
93000,Antunes,DF,1987-04-01,La Liga,2796.0,33.0,937.0,596.0,7.0,1.0,7.0,46.0,198.0,7109.549999999999,108.0,226.0,27.0,3.0,0.0,73.0,144.0,8.0,12.0,51.0,253.0,183.0,47.0,24.0,30,2017-18,63.6,50.7
4936,David Simón,DF,1989-12-31,La Liga,719.0,11.0,428.0,358.0,9.0,0.0,3.0,20.0,45.0,2086.3499999999995,35.0,40.0,2.0,1.0,0.0,30.0,64.0,5.0,19.0,26.0,95.0,45.0,10.0,9.0,28,2017-18,83.6,46.9
93003,D. Siovas,DF,1988-09-16,La Liga,2068.0,24.0,671.0,551.0,0.0,1.0,0.0,4.0,138.0,5213.25,2.0,116.0,11.0,2.0,1.0,24.0,36.0,6.0,65.0,72.0,164.0,147.0,59.0,89.0,29,2017-18,82.1,66.7
224080,G. Maripán,DF,1994-05-06,La Liga,1527.0,19.0,436.0,359.0,0.0,0.0,1.0,1.0,101.0,3921.750000000001,0.0,75.0,2.0,0.0,0.0,10.0,18.0,2.0,22.0,33.0,130.0,121.0,77.0,43.0,23,2017-18,82.3,55.6
256854,L. Suárez,MF,1996-03-03,La Liga,28.0,1.0,14.0,9.0,0.0,0.0,0.0,0.0,0.0,25.2,2.0,1.0,0.0,0.0,0.0,2.0,2.0,1.0,0.0,1.0,2.0,0.0,1.0,0.0,21,2017-18,64.3,100.0
140125,N. Radoja,MF,1993-02-06,La Liga,1098.0,26.0,571.0,508.0,1.0,0.0,1.0,13.0,61.0,2579.85,6.0,24.0,4.0,2.0,0.0,34.0,73.0,5.0,20.0,11.0,55.0,38.0,6.0,22.0,24,2017-18,89.0,46.6
275293,Samu García,MF,1990-07-13,La Liga,419.0,17.0,118.0,79.0,1.0,1.0,0.0,4.0,8.0,397.9500000000001,11.0,5.0,2.0,0.0,0.0,15.0,35.0,0.0,17.0,8.0,52.0,19.0,3.0,4.0,27,2017-18,66.9,42.9
25445,K. Gameiro,FW,1987-05-09,La Liga,1121.0,25.0,218.0,177.0,2.0,2.0,2.0,15.0,3.0,428.4,11.0,1.0,20.0,14.0,7.0,30.0,100.0,14.0,88.0,6.0,51.0,26.0,4.0,10.0,30,2017-18,81.2,30.0
4969,Tana,MF,1990-09-20,La Liga,1555.0,24.0,753.0,658.0,3.0,1.0,11.0,33.0,93.0,3838.8000000000025,16.0,27.0,13.0,5.0,1.0,81.0,186.0,5.0,28.0,19.0,117.0,52.0,4.0,4.0,27,2017-18,87.4,43.5
70507,Paulo Oliveira,DF,1991-01-08,La Liga,2214.0,26.0,869.0,692.0,1.0,0.0,0.0,4.0,197.0,7547.400000000009,2.0,168.0,10.0,3.0,0.0,10.0,14.0,1.0,39.0,48.0,143.0,182.0,75.0,83.0,27,2017-18,79.6,71.4
25452,S. Corchia,DF,1990-11-01,La Liga,822.0,12.0,308.0,247.0,3.0,1.0,1.0,16.0,40.0,1721.9999999999989,28.0,28.0,5.0,3.0,0.0,30.0,47.0,3.0,15.0,15.0,79.0,53.0,13.0,20.0,27,2017-18,80.2,63.8
15214,A. Rukavina,DF,1984-01-26,La Liga,1270.0,17.0,495.0,416.0,2.0,0.0,4.0,15.0,80.0,3231.9000000000015,33.0,53.0,1.0,0.0,0.0,10.0,17.0,6.0,5.0,12.0,90.0,86.0,42.0,12.0,33,2017-18,84.0,58.8
25461,R. Boudebouz,MF,1990-02-19,La Liga,1361.0,27.0,796.0,643.0,8.0,3.0,20.0,35.0,72.0,2956.8,27.0,42.0,17.0,12.0,2.0,76.0,166.0,22.0,37.0,14.0,98.0,48.0,4.0,13.0,27,2017-18,80.8,45.8
326523,Dani Ceballos,MF,1996-08-07,La Liga,397.0,11.0,353.0,330.0,1.0,0.0,1.0,7.0,52.0,1907.8499999999997,6.0,8.0,6.0,4.0,2.0,33.0,64.0,2.0,14.0,9.0,36.0,13.0,0.0,1.0,21,2017-18,93.5,51.6
267134,R. Martínez,FW,1994-06-23,La Liga,225.0,7.0,59.0,46.0,0.0,0.0,0.0,3.0,3.0,153.3,4.0,2.0,11.0,3.0,1.0,25.0,34.0,0.0,27.0,1.0,8.0,3.0,1.0,4.0,23,2017-18,78.0,73.5
25472,C. Bakambu,FW,1991-04-11,La Liga,1269.0,15.0,262.0,201.0,1.0,0.0,5.0,17.0,18.0,848.4000000000002,20.0,4.0,30.0,15.0,9.0,61.0,148.0,13.0,97.0,6.0,74.0,38.0,22.0,21.0,26,2017-18,76.7,41.2
326535,Toni Lato,DF,1997-11-21,La Liga,792.0,15.0,341.0,270.0,1.0,1.0,1.0,8.0,64.0,2181.899999999999,19.0,42.0,1.0,0.0,0.0,18.0,31.0,1.0,13.0,14.0,95.0,43.0,8.0,9.0,20,2017-18,79.2,58.1
211853,Rúben Vezo,DF,1994-04-25,La Liga,1557.0,19.0,718.0,576.0,1.0,0.0,1.0,8.0,154.0,5743.5000000000055,19.0,83.0,3.0,1.0,0.0,29.0,49.0,9.0,20.0,35.0,151.0,100.0,54.0,39.0,23,2017-18,80.2,59.2
211885,André Gomes,MF,1993-07-30,La Liga,629.0,16.0,342.0,313.0,0.0,0.0,1.0,4.0,34.0,1553.9999999999993,6.0,9.0,6.0,0.0,0.0,25.0,74.0,4.0,32.0,10.0,60.0,24.0,5.0,14.0,24,2017-18,91.5,33.8
263091,Gumbau,MF,1994-12-18,La Liga,1431.0,22.0,500.0,411.0,2.0,0.0,2.0,3.0,86.0,3617.2499999999995,2.0,86.0,16.0,6.0,1.0,12.0,28.0,4.0,8.0,24.0,136.0,67.0,23.0,22.0,23,2017-18,82.2,42.9
263092,Borja Lasso,MF,1994-01-01,La Liga,54.0,1.0,31.0,24.0,0.0,0.0,1.0,2.0,5.0,159.6,0.0,2.0,0.0,0.0,0.0,2.0,3.0,0.0,0.0,1.0,7.0,3.0,0.0,0.0,24,2017-18,77.4,66.7
250805,Djené,DF,1991-12-31,La Liga,3240.0,36.0,956.0,737.0,2.0,0.0,1.0,9.0,224.0,8336.999999999998,12.0,203.0,8.0,2.0,1.0,76.0,130.0,4.0,41.0,91.0,283.0,234.0,116.0,83.0,26,2017-18,77.1,58.5
50102,F. Schär,DF,1991-12-20,La Liga,2220.0,25.0,870.0,717.0,2.0,2.0,6.0,11.0,191.0,7878.150000000004,3.0,157.0,16.0,6.0,2.0,36.0,52.0,9.0,38.0,49.0,187.0,173.0,91.0,60.0,26,2017-18,82.4,69.2
91064,D. Torres,MF,1989-11-15,La Liga,1217.0,17.0,489.0,411.0,2.0,0.0,0.0,5.0,97.0,3476.5500000000015,2.0,59.0,3.0,2.0,0.0,24.0,38.0,3.0,9.0,18.0,113.0,81.0,18.0,9.0,28,2017-18,84.0,63.2
127928,D. Brašanac,MF,1992-02-12,La Liga,1200.0,23.0,385.0,306.0,1.0,0.0,3.0,13.0,46.0,1859.5499999999997,16.0,17.0,9.0,4.0,2.0,55.0,87.0,7.0,34.0,17.0,108.0,44.0,10.0,20.0,25,2017-18,79.5,63.2
406460,Alberto Redondo,DF,1997-05-22,La Liga,90.0,1.0,22.0,12.0,0.0,0.0,0.0,1.0,0.0,61.95000000000001,2.0,2.0,0.0,0.0,0.0,0.0,2.0,0.0,0.0,5.0,18.0,10.0,0.0,2.0,20,2017-18,54.5,0.0
443324,Douglas Luiz,MF,1998-05-09,La Liga,297.0,15.0,129.0,106.0,0.0,0.0,1.0,4.0,14.0,711.9,2.0,8.0,10.0,5.0,0.0,16.0,40.0,6.0,14.0,8.0,43.0,8.0,0.0,5.0,19,2017-18,82.2,40.0
263105,Pablo Maffeo,DF,1997-07-12,La Liga,2650.0,33.0,902.0,707.0,8.0,0.0,8.0,60.0,113.0,4321.8,123.0,101.0,24.0,7.0,0.0,136.0,252.0,19.0,68.0,56.0,240.0,166.0,44.0,62.0,20,2017-18,78.4,54.0
37831,C. Bacca,FW,1986-09-08,La Liga,2511.0,35.0,494.0,371.0,9.0,5.0,9.0,46.0,37.0,1452.1500000000008,28.0,16.0,73.0,36.0,15.0,95.0,214.0,12.0,203.0,5.0,42.0,42.0,13.0,21.0,31,2017-18,75.1,44.4
29642,G. Peñalba,MF,1984-09-23,La Liga,572.0,7.0,343.0,301.0,0.0,0.0,1.0,3.0,34.0,1849.049999999999,1.0,22.0,5.0,0.0,0.0,18.0,25.0,0.0,2.0,10.0,41.0,40.0,14.0,14.0,33,2017-18,87.8,72.0
37836,M. Lestienne,MF,1992-06-17,La Liga,668.0,12.0,224.0,160.0,1.0,1.0,1.0,14.0,14.0,728.6999999999999,28.0,15.0,9.0,1.0,0.0,25.0,44.0,10.0,27.0,5.0,35.0,20.0,5.0,1.0,25,2017-18,71.4,56.8
373713,Christian Rivera,MF,1997-07-09,La Liga,241.0,7.0,125.0,109.0,0.0,0.0,0.0,0.0,14.0,512.4000000000001,0.0,6.0,2.0,0.0,0.0,7.0,15.0,1.0,4.0,6.0,27.0,15.0,3.0,2.0,20,2017-18,87.2,46.7
375771,M. Olivera,DF,1997-10-31,La Liga,101.0,2.0,24.0,13.0,1.0,0.0,0.0,1.0,2.0,72.45,1.0,2.0,1.0,1.0,1.0,2.0,7.0,0.0,5.0,2.0,13.0,6.0,3.0,8.0,20,2017-18,54.2,28.6
293856,Dani Molina,MF,1996-03-14,La Liga,4.0,1.0,3.0,2.0,0.0,0.0,0.0,0.0,1.0,19.95,0.0,0.0,0.0,0.0,0.0,0.0,0.0,0.0,0.0,0.0,0.0,0.0,0.0,0.0,21,2017-18,66.7,
334817,L. Boyé,FW,1996-02-28,Serie A,413.0,23.0,219.0,149.0,1.0,0.0,4.0,8.0,12.0,619.5,18.0,8.0,8.0,2.0,0.0,41.0,103.0,6.0,29.0,9.0,58.0,29.0,4.0,4.0,21,2017-18,68.0,39.8
293857,Nano,FW,1995-02-05,La Liga,274.0,9.0,52.0,33.0,0.0,0.0,1.0,2.0,4.0,184.8,1.0,0.0,5.0,2.0,0.0,6.0,19.0,1.0,18.0,5.0,20.0,4.0,0.0,4.0,22,2017-18,63.5,31.6
293862,Nacho Gil,FW,1995-09-09,La Liga,955.0,20.0,322.0,258.0,2.0,0.0,7.0,19.0,41.0,1465.8,15.0,19.0,9.0,3.0,0.0,55.0,115.0,6.0,27.0,14.0,95.0,32.0,4.0,9.0,22,2017-18,80.1,47.8
25577,L. Rémy,FW,1987-01-02,La Liga,1262.0,23.0,345.0,271.0,2.0,0.0,3.0,10.0,16.0,919.7999999999997,15.0,13.0,43.0,21.0,8.0,85.0,164.0,5.0,80.0,4.0,31.0,18.0,3.0,20.0,31,2017-18,78.6,51.8
279533,Mario Hermoso,DF,1995-06-18,La Liga,1980.0,22.0,896.0,712.0,1.0,0.0,1.0,5.0,226.0,8742.300000000001,1.0,220.0,10.0,4.0,1.0,13.0,20.0,1.0,24.0,26.0,86.0,137.0,71.0,57.0,22,2017-18,79.5,65.0
257006,Mario González,FW,1996-02-25,La Liga,17.0,2.0,5.0,2.0,0.0,0.0,0.0,0.0,0.0,0.0,2.0,0.0,0.0,0.0,0.0,1.0,3.0,0.0,3.0,0.0,0.0,1.0,0.0,3.0,21,2017-18,40.0,33.3
279538,Marcos Llorente,MF,1995-01-30,La Liga,542.0,13.0,407.0,384.0,1.0,0.0,2.0,4.0,52.0,2401.35,1.0,15.0,6.0,0.0,0.0,19.0,30.0,4.0,2.0,8.0,50.0,24.0,5.0,7.0,22,2017-18,94.3,63.3
91122,J. Narváez,MF,1995-02-12,La Liga,304.0,7.0,154.0,136.0,1.0,0.0,2.0,5.0,18.0,683.5500000000002,6.0,7.0,3.0,0.0,0.0,19.0,32.0,1.0,2.0,10.0,30.0,11.0,0.0,3.0,22,2017-18,88.3,59.4
279541,E. Zidane,MF,1995-03-24,La Liga,71.0,2.0,29.0,19.0,0.0,0.0,0.0,0.0,3.0,124.95000000000002,0.0,1.0,0.0,0.0,0.0,7.0,11.0,0.0,1.0,3.0,6.0,1.0,0.0,0.0,22,2017-18,65.5,63.6
279545,L. Hernández,DF,1996-02-14,La Liga,2187.0,26.0,907.0,757.0,0.0,0.0,3.0,11.0,122.0,5613.2999999999965,21.0,93.0,3.0,0.0,0.0,52.0,93.0,18.0,34.0,66.0,233.0,117.0,48.0,51.0,21,2017-18,83.5,55.9
279555,Iván Alejo,MF,1995-02-10,La Liga,1128.0,22.0,312.0,186.0,4.0,3.0,1.0,42.0,19.0,872.55,116.0,7.0,14.0,3.0,1.0,131.0,221.0,18.0,59.0,12.0,76.0,29.0,0.0,13.0,22,2017-18,59.6,59.3
279556,A. Sané,MF,1995-06-21,La Liga,64.0,1.0,12.0,10.0,0.0,0.0,0.0,0.0,0.0,61.95,0.0,0.0,1.0,1.0,0.0,2.0,10.0,1.0,4.0,0.0,5.0,0.0,0.0,2.0,22,2017-18,83.3,20.0
250885,Santi Mina,FW,1995-12-07,La Liga,1548.0,32.0,432.0,350.0,3.0,1.0,4.0,22.0,34.0,1452.15,15.0,14.0,43.0,20.0,12.0,81.0,191.0,12.0,103.0,6.0,68.0,46.0,16.0,33.0,22,2017-18,81.0,42.4
261127,A. Januzaj,MF,1995-02-05,La Liga,1579.0,28.0,484.0,382.0,11.0,5.0,20.0,48.0,52.0,2139.899999999999,50.0,25.0,56.0,14.0,3.0,237.0,458.0,26.0,131.0,14.0,88.0,32.0,4.0,3.0,22,2017-18,78.9,51.7
279560,Andoni Gorosabel,DF,1996-08-04,La Liga,76.0,2.0,41.0,34.0,0.0,0.0,0.0,1.0,4.0,151.2,3.0,1.0,0.0,0.0,0.0,2.0,5.0,1.0,0.0,4.0,17.0,6.0,1.0,1.0,21,2017-18,82.9,40.0
279566,Jon Guridi,MF,1995-02-28,La Liga,51.0,4.0,21.0,20.0,0.0,0.0,0.0,1.0,5.0,132.30000000000004,0.0,1.0,0.0,0.0,0.0,3.0,5.0,0.0,5.0,0.0,4.0,2.0,0.0,0.0,22,2017-18,95.2,60.0
279570,Imanol Sarriegi,MF,1995-04-27,La Liga,39.0,3.0,25.0,22.0,0.0,0.0,0.0,0.0,2.0,134.4,0.0,1.0,0.0,0.0,0.0,0.0,1.0,0.0,0.0,1.0,7.0,4.0,0.0,0.0,22,2017-18,88.0,0.0
279571,Jon Bautista,FW,1995-07-03,La Liga,173.0,10.0,30.0,24.0,0.0,0.0,0.0,2.0,2.0,73.5,1.0,0.0,5.0,3.0,1.0,8.0,19.0,0.0,22.0,0.0,6.0,1.0,0.0,5.0,22,2017-18,80.0,42.1
545811,Hugo Duro,FW,1999-11-10,La Liga,18.0,2.0,7.0,7.0,0.0,0.0,0.0,0.0,0.0,24.15,0.0,0.0,1.0,1.0,0.0,0.0,3.0,1.0,3.0,0.0,1.0,0.0,0.0,1.0,18,2017-18,100.0,0.0
250899,Carlos Vigaray,DF,1994-09-07,La Liga,896.0,12.0,237.0,177.0,1.0,0.0,1.0,3.0,34.0,1439.5499999999995,18.0,30.0,3.0,0.0,0.0,23.0,40.0,7.0,8.0,20.0,86.0,28.0,15.0,12.0,23,2017-18,74.7,57.5
25623,G. Kondogbia,MF,1993-02-15,La Liga,2629.0,31.0,1506.0,1331.0,1.0,4.0,6.0,26.0,229.0,9506.699999999995,6.0,141.0,26.0,8.0,4.0,163.0,276.0,25.0,50.0,74.0,265.0,178.0,43.0,51.0,24,2017-18,88.4,59.1
5147,Choco Lozano,FW,1993-04-25,La Liga,464.0,14.0,103.0,76.0,2.0,0.0,2.0,5.0,9.0,380.09999999999997,13.0,1.0,14.0,7.0,1.0,33.0,64.0,7.0,43.0,2.0,29.0,8.0,1.0,23.0,24,2017-18,73.8,51.6
134174,Samu Castillejo,MF,1995-01-18,La Liga,2084.0,30.0,869.0,700.0,9.0,3.0,15.0,57.0,108.0,3958.4999999999995,57.0,55.0,55.0,19.0,6.0,189.0,340.0,45.0,114.0,30.0,243.0,104.0,13.0,20.0,22,2017-18,80.6,55.6
234527,A. Halilović,MF,1996-06-18,La Liga,1363.0,20.0,449.0,353.0,1.0,1.0,3.0,29.0,49.0,1896.2999999999997,50.0,25.0,38.0,15.0,2.0,113.0,162.0,38.0,41.0,9.0,32.0,23.0,8.0,1.0,21,2017-18,78.6,69.8
275497,Gerard Valentín,DF,1993-07-28,La Liga,158.0,3.0,36.0,28.0,0.0,0.0,0.0,0.0,8.0,279.3,1.0,6.0,2.0,0.0,0.0,6.0,17.0,2.0,6.0,7.0,24.0,6.0,2.0,2.0,24,2017-18,77.8,35.3
169002,Diego Rico,DF,1993-02-23,La Liga,2296.0,26.0,953.0,677.0,7.0,2.0,3.0,46.0,165.0,6543.600000000008,110.0,104.0,25.0,9.0,2.0,78.0,134.0,11.0,42.0,51.0,233.0,172.0,42.0,30.0,24,2017-18,71.0,58.2
214062,Álex Granell,MF,1988-08-02,La Liga,2854.0,34.0,1552.0,1255.0,9.0,1.0,15.0,46.0,277.0,10994.550000000005,69.0,219.0,43.0,8.0,1.0,106.0,181.0,14.0,16.0,49.0,310.0,161.0,17.0,34.0,29,2017-18,80.9,58.6
105541,Lucas Pérez,FW,1988-09-10,La Liga,2794.0,35.0,796.0,568.0,18.0,3.0,28.0,73.0,81.0,3080.699999999999,86.0,29.0,51.0,25.0,8.0,110.0,250.0,14.0,168.0,20.0,126.0,41.0,2.0,6.0,29,2017-18,71.4,44.0
5195,Omar Ramos,MF,1988-01-26,La Liga,1457.0,23.0,445.0,348.0,10.0,1.0,7.0,25.0,51.0,1947.7500000000002,42.0,24.0,11.0,2.0,0.0,105.0,210.0,11.0,27.0,8.0,88.0,71.0,14.0,16.0,29,2017-18,78.2,50.0
15455,J. Geis,MF,1993-08-17,La Liga,671.0,14.0,358.0,312.0,0.0,0.0,0.0,3.0,82.0,3334.8,4.0,59.0,6.0,2.0,0.0,3.0,6.0,1.0,2.0,15.0,60.0,53.0,15.0,7.0,24,2017-18,87.2,50.0
50272,O. Kayode,FW,1993-05-08,La Liga,374.0,12.0,47.0,32.0,1.0,0.0,0.0,2.0,1.0,131.25,4.0,1.0,8.0,3.0,0.0,16.0,37.0,3.0,15.0,2.0,18.0,9.0,0.0,7.0,24,2017-18,68.1,43.2
25701,L. Digne,DF,1993-07-20,La Liga,703.0,12.0,471.0,416.0,2.0,2.0,2.0,12.0,43.0,2045.3999999999996,22.0,20.0,2.0,1.0,0.0,21.0,38.0,5.0,21.0,20.0,61.0,43.0,14.0,10.0,24,2017-18,88.3,55.3
134249,Rubén Sobrino,FW,1992-02-16,La Liga,1457.0,27.0,353.0,274.0,2.0,2.0,2.0,17.0,18.0,890.3999999999997,17.0,3.0,23.0,12.0,3.0,73.0,177.0,23.0,86.0,22.0,137.0,51.0,9.0,51.0,25,2017-18,77.6,41.2
105587,M. Koval,GK,1992-12-09,La Liga,173.0,2.0,24.0,20.0,0.0,0.0,0.0,0.0,10.0,517.6500000000001,0.0,8.0,0.0,0.0,0.0,0.0,0.0,0.0,0.0,0.0,2.0,1.0,0.0,0.0,25,2017-18,83.3,
222324,A. Werner,GK,1996-02-28,La Liga,90.0,1.0,10.0,7.0,0.0,0.0,0.0,0.0,6.0,278.25,0.0,8.0,0.0,0.0,0.0,0.0,0.0,0.0,0.0,0.0,0.0,0.0,0.0,0.0,21,2017-18,70.0,
85113,A. Toșca,DF,1992-03-14,Serie A,1593.0,18.0,892.0,786.0,1.0,0.0,0.0,8.0,169.0,6995.100000000006,12.0,76.0,4.0,0.0,0.0,20.0,30.0,11.0,12.0,20.0,99.0,79.0,42.0,35.0,25,2017-18,88.1,66.7
7302,Albentosa,DF,1988-09-07,La Liga,1747.0,20.0,722.0,604.0,1.0,0.0,0.0,4.0,165.0,6947.850000000001,4.0,119.0,7.0,2.0,1.0,4.0,5.0,0.0,44.0,18.0,89.0,104.0,67.0,52.0,29,2017-18,83.7,80.0
105616,B. Ideye,FW,1988-10-10,La Liga,732.0,13.0,135.0,102.0,1.0,0.0,2.0,2.0,6.0,326.55,4.0,5.0,8.0,3.0,1.0,27.0,104.0,0.0,44.0,2.0,10.0,12.0,10.0,16.0,29,2017-18,75.6,26.0
5268,Sergio León,FW,1989-01-06,La Liga,1981.0,31.0,332.0,235.0,2.0,1.0,8.0,18.0,16.0,742.3500000000003,13.0,29.0,59.0,28.0,11.0,74.0,202.0,15.0,122.0,9.0,53.0,25.0,1.0,25.0,29,2017-18,70.8,36.6
400549,Pau Torres,DF,1997-01-16,La Liga,50.0,2.0,29.0,18.0,0.0,0.0,0.0,0.0,7.0,191.1,0.0,7.0,0.0,0.0,0.0,0.0,0.0,0.0,2.0,0.0,5.0,4.0,1.0,3.0,20,2017-18,62.1,
5290,Mikel Rico,MF,1984-11-04,La Liga,1170.0,17.0,537.0,444.0,2.0,0.0,1.0,12.0,64.0,2913.749999999997,15.0,53.0,13.0,1.0,0.0,46.0,83.0,3.0,20.0,17.0,86.0,61.0,7.0,11.0,33,2017-18,82.7,55.4
400558,Chuca,MF,1997-06-10,La Liga,87.0,4.0,47.0,35.0,0.0,0.0,1.0,1.0,3.0,163.8,4.0,1.0,1.0,0.0,0.0,6.0,8.0,0.0,1.0,0.0,5.0,3.0,0.0,0.0,20,2017-18,74.5,75.0
400564,Darío Poveda,FW,1997-03-13,La Liga,1.0,1.0,1.0,1.0,0.0,0.0,0.0,0.0,1.0,16.8,0.0,0.0,0.0,0.0,0.0,0.0,2.0,0.0,1.0,0.0,0.0,0.0,0.0,0.0,20,2017-18,100.0,0.0
396475,A. Hakimi,DF,1998-11-04,La Liga,758.0,9.0,432.0,360.0,1.0,0.0,3.0,15.0,40.0,1767.1500000000003,35.0,16.0,4.0,4.0,2.0,37.0,68.0,11.0,25.0,16.0,88.0,35.0,8.0,9.0,19,2017-18,83.3,54.4
167104,Eloi Amagat,MF,1985-05-21,La Liga,13.0,2.0,7.0,6.0,0.0,0.0,0.0,0.0,2.0,76.65,1.0,0.0,1.0,0.0,0.0,1.0,1.0,0.0,2.0,1.0,2.0,0.0,0.0,0.0,32,2017-18,85.7,100.0
25795,W. Ben Yedder,FW,1990-08-12,La Liga,1727.0,25.0,444.0,354.0,7.0,3.0,12.0,47.0,33.0,1399.6499999999996,20.0,9.0,46.0,30.0,9.0,82.0,186.0,7.0,166.0,8.0,54.0,21.0,1.0,17.0,27,2017-18,79.7,44.1
3267,Guaita,GK,1987-01-10,La Liga,2970.0,33.0,519.0,397.0,1.0,0.0,0.0,0.0,318.0,15050.699999999992,0.0,365.0,0.0,0.0,0.0,2.0,2.0,0.0,0.0,0.0,0.0,62.0,11.0,10.0,30,2017-18,76.5,100.0
3269,Jordi Alba,DF,1989-03-21,La Liga,2744.0,33.0,2089.0,1799.0,18.0,8.0,17.0,96.0,206.0,9183.300000000003,90.0,104.0,15.0,4.0,2.0,50.0,92.0,18.0,119.0,42.0,203.0,168.0,36.0,20.0,28,2017-18,86.1,54.3
3270,Barragán,DF,1987-06-12,La Liga,2377.0,29.0,1350.0,1114.0,10.0,6.0,6.0,50.0,163.0,6763.0499999999965,100.0,63.0,6.0,2.0,0.0,45.0,92.0,7.0,33.0,31.0,175.0,111.0,36.0,48.0,30,2017-18,82.5,48.9
396484,Carlos Isaac,DF,1998-04-30,La Liga,64.0,1.0,34.0,27.0,0.0,0.0,0.0,1.0,1.0,76.64999999999999,6.0,1.0,0.0,0.0,0.0,2.0,3.0,0.0,1.0,0.0,7.0,1.0,0.0,2.0,19,2017-18,79.4,66.7
3277,Víctor Ruíz,DF,1989-01-25,La Liga,2430.0,27.0,1333.0,1180.0,1.0,0.0,0.0,7.0,298.0,13003.19999999999,3.0,185.0,5.0,2.0,2.0,18.0,26.0,3.0,25.0,32.0,147.0,162.0,83.0,81.0,28,2017-18,88.5,69.2
38094,I. Ezekiel,FW,1993-10-24,La Liga,469.0,10.0,120.0,96.0,0.0,0.0,4.0,8.0,7.0,327.6000000000001,16.0,1.0,6.0,3.0,0.0,26.0,66.0,6.0,34.0,9.0,24.0,5.0,3.0,3.0,24,2017-18,80.0,39.4
167119,Sabin Merino,FW,1992-01-04,La Liga,372.0,11.0,86.0,64.0,0.0,0.0,0.0,2.0,8.0,292.95,8.0,1.0,7.0,3.0,0.0,18.0,38.0,0.0,25.0,2.0,27.0,21.0,7.0,10.0,26,2017-18,74.4,47.4
3280,É. Banega,MF,1988-06-29,La Liga,2402.0,31.0,2038.0,1767.0,9.0,1.0,22.0,73.0,443.0,16473.450000000015,35.0,199.0,37.0,13.0,3.0,179.0,336.0,29.0,44.0,47.0,181.0,79.0,16.0,12.0,29,2017-18,86.7,53.3
167118,Erik Morán,MF,1991-05-25,La Liga,225.0,6.0,108.0,82.0,0.0,0.0,1.0,1.0,14.0,645.7499999999999,1.0,9.0,0.0,0.0,0.0,2.0,3.0,0.0,0.0,4.0,17.0,6.0,0.0,2.0,26,2017-18,75.9,66.7
3282,Canales,MF,1991-02-16,La Liga,1923.0,36.0,1129.0,966.0,6.0,3.0,17.0,66.0,133.0,5236.35,53.0,84.0,63.0,17.0,4.0,139.0,271.0,48.0,82.0,20.0,115.0,51.0,6.0,2.0,26,2017-18,85.6,51.3
167117,Ager Aketxe,MF,1993-12-30,La Liga,34.0,3.0,38.0,33.0,1.0,0.0,0.0,2.0,6.0,204.75,3.0,2.0,2.0,0.0,0.0,3.0,5.0,0.0,2.0,1.0,5.0,2.0,0.0,0.0,24,2017-18,86.8,60.0
5327,Miguel Cifuentes,DF,1990-10-05,La Liga,107.0,2.0,62.0,43.0,2.0,0.0,0.0,4.0,4.0,242.54999999999998,13.0,3.0,0.0,0.0,0.0,5.0,9.0,1.0,1.0,3.0,16.0,6.0,0.0,2.0,27,2017-18,69.4,55.6
3286,Dani Parejo,MF,1989-04-16,La Liga,3011.0,34.0,2153.0,1885.0,4.0,0.0,18.0,48.0,456.0,17894.1,19.0,215.0,44.0,20.0,7.0,149.0,247.0,6.0,33.0,68.0,269.0,129.0,17.0,22.0,28,2017-18,87.6,60.3
3287,Portu,MF,1992-05-21,La Liga,3012.0,37.0,619.0,470.0,19.0,4.0,15.0,64.0,60.0,2406.5999999999995,99.0,12.0,43.0,24.0,11.0,175.0,394.0,60.0,227.0,26.0,155.0,41.0,1.0,20.0,25,2017-18,75.9,44.4
3290,Aduriz,FW,1981-02-11,La Liga,2145.0,33.0,426.0,307.0,2.0,1.0,7.0,27.0,27.0,1315.649999999999,25.0,13.0,56.0,26.0,9.0,70.0,162.0,6.0,187.0,6.0,41.0,27.0,11.0,115.0,36,2017-18,72.1,43.2
3291,Paco Alcácer,FW,1993-08-30,La Liga,693.0,16.0,223.0,190.0,3.0,3.0,6.0,18.0,6.0,493.5000000000002,5.0,6.0,16.0,8.0,4.0,21.0,49.0,0.0,47.0,0.0,21.0,23.0,2.0,5.0,24,2017-18,85.2,42.9
3293,P. Piatti,FW,1989-03-31,La Liga,1749.0,30.0,551.0,397.0,8.0,2.0,5.0,44.0,42.0,1910.999999999999,89.0,27.0,28.0,6.0,2.0,110.0,204.0,23.0,82.0,28.0,154.0,72.0,7.0,24.0,28,2017-18,72.1,53.9
3296,Adán,GK,1987-05-13,La Liga,2700.0,30.0,872.0,733.0,2.0,1.0,0.0,0.0,419.0,16111.199999999984,0.0,327.0,0.0,0.0,0.0,5.0,5.0,0.0,1.0,1.0,4.0,39.0,14.0,12.0,30,2017-18,84.1,100.0
412897,Dani Raba,MF,1995-10-29,La Liga,1143.0,21.0,455.0,358.0,6.0,3.0,8.0,33.0,44.0,1729.3500000000004,28.0,35.0,19.0,6.0,2.0,88.0,200.0,11.0,53.0,20.0,109.0,48.0,8.0,7.0,22,2017-18,78.7,44.0
3299,Fernando Pacheco,GK,1992-05-18,La Liga,3357.0,38.0,497.0,391.0,0.0,0.0,0.0,0.0,290.0,12435.149999999989,0.0,321.0,0.0,0.0,0.0,2.0,2.0,0.0,0.0,0.0,1.0,51.0,10.0,9.0,25,2017-18,78.7,100.0
3304,Nacho,DF,1990-01-18,La Liga,2070.0,26.0,1082.0,979.0,2.0,0.0,1.0,15.0,170.0,7177.800000000001,27.0,45.0,10.0,4.0,3.0,32.0,54.0,4.0,46.0,45.0,153.0,91.0,31.0,36.0,27,2017-18,90.5,59.3
3306,Sergio Ramos,DF,1986-03-30,La Liga,2296.0,26.0,1777.0,1625.0,6.0,0.0,4.0,21.0,469.0,18301.49999999997,14.0,192.0,27.0,14.0,4.0,34.0,48.0,5.0,95.0,40.0,145.0,133.0,46.0,94.0,31,2017-18,91.4,70.8
3309,R. Varane,DF,1993-04-25,La Liga,2324.0,27.0,1264.0,1157.0,2.0,0.0,2.0,8.0,255.0,10508.400000000003,1.0,105.0,7.0,2.0,0.0,25.0,42.0,5.0,45.0,22.0,108.0,145.0,69.0,57.0,24,2017-18,91.5,59.5
3310,Marcelo,DF,1988-05-12,La Liga,2264.0,28.0,1704.0,1381.0,31.0,6.0,32.0,132.0,287.0,11447.099999999995,188.0,167.0,32.0,9.0,2.0,137.0,217.0,14.0,129.0,35.0,161.0,98.0,18.0,12.0,29,2017-18,81.0,63.1
3317,Granero,MF,1987-07-02,La Liga,1222.0,24.0,634.0,559.0,4.0,2.0,6.0,19.0,74.0,3356.8500000000026,15.0,46.0,11.0,2.0,1.0,58.0,112.0,1.0,19.0,13.0,115.0,64.0,14.0,14.0,30,2017-18,88.2,51.8
3321,K. Benzema,FW,1987-12-19,La Liga,2153.0,32.0,834.0,699.0,12.0,9.0,12.0,77.0,78.0,3018.7499999999995,29.0,20.0,56.0,19.0,5.0,86.0,193.0,20.0,218.0,5.0,54.0,43.0,18.0,12.0,30,2017-18,83.8,44.6
3322,Cristiano Ronaldo,FW,1985-02-05,La Liga,2297.0,27.0,727.0,595.0,14.0,5.0,16.0,71.0,67.0,2665.95,50.0,9.0,170.0,76.0,26.0,138.0,219.0,30.0,363.0,6.0,35.0,34.0,7.0,44.0,32,2017-18,81.8,63.0
396539,Jaime Sierra,MF,1998-03-18,La Liga,26.0,2.0,5.0,3.0,0.0,0.0,0.0,0.0,0.0,7.3500000000000005,0.0,0.0,0.0,0.0,0.0,0.0,0.0,0.0,0.0,1.0,5.0,0.0,0.0,1.0,19,2017-18,60.0,
3325,Juanfran,DF,1988-09-11,La Liga,3059.0,35.0,1517.0,1144.0,17.0,1.0,14.0,71.0,249.0,10426.500000000005,185.0,141.0,22.0,7.0,0.0,131.0,209.0,35.0,58.0,40.0,258.0,208.0,81.0,43.0,29,2017-18,75.4,62.7
3330,Oier,GK,1989-09-14,La Liga,2340.0,26.0,360.0,272.0,0.0,0.0,0.0,0.0,230.0,9087.750000000002,0.0,230.0,0.0,0.0,0.0,3.0,4.0,0.0,2.0,1.0,3.0,44.0,9.0,14.0,28,2017-18,75.6,75.0
568583,Juan Cruz,FW,2000-04-25,La Liga,8.0,1.0,3.0,3.0,0.0,0.0,0.0,0.0,1.0,33.6,0.0,0.0,0.0,0.0,0.0,0.0,1.0,0.0,0.0,1.0,1.0,0.0,0.0,0.0,17,2017-18,100.0,0.0
3335,Bartra,DF,1991-01-15,Bundesliga,2227.0,28.0,1639.0,1416.0,3.0,3.0,8.0,18.0,332.0,13761.300000000003,14.0,188.0,15.0,7.0,3.0,53.0,84.0,11.0,40.0,54.0,197.0,180.0,83.0,98.0,26,2017-18,86.4,63.1
3337,Fontàs,DF,1989-11-14,La Liga,884.0,12.0,694.0,631.0,0.0,0.0,1.0,4.0,153.0,5672.099999999995,0.0,83.0,1.0,0.0,0.0,3.0,6.0,1.0,5.0,20.0,74.0,48.0,14.0,14.0,28,2017-18,90.9,50.0
3338,Sergi Gómez,DF,1992-07-28,La Liga,2682.0,33.0,1574.0,1445.0,1.0,0.0,0.0,10.0,317.0,12627.3,2.0,151.0,9.0,2.0,1.0,6.0,19.0,4.0,34.0,46.0,192.0,159.0,81.0,64.0,25,2017-18,91.8,31.6
3339,Montoya,DF,1991-04-14,La Liga,2152.0,25.0,1006.0,814.0,6.0,3.0,4.0,37.0,155.0,5757.150000000002,64.0,90.0,8.0,6.0,0.0,53.0,83.0,16.0,33.0,41.0,245.0,138.0,47.0,44.0,26,2017-18,80.9,63.9
3340,Muniesa,DF,1992-03-27,La Liga,1129.0,13.0,589.0,494.0,0.0,1.0,0.0,1.0,140.0,5512.500000000003,3.0,96.0,3.0,1.0,0.0,17.0,31.0,4.0,12.0,31.0,110.0,98.0,24.0,26.0,25,2017-18,83.9,54.8
3341,Piqué,DF,1987-02-02,La Liga,2633.0,30.0,1718.0,1579.0,3.0,0.0,2.0,9.0,326.0,13809.599999999982,3.0,164.0,16.0,5.0,2.0,34.0,64.0,11.0,54.0,33.0,163.0,177.0,79.0,87.0,30,2017-18,91.9,53.1
5383,Toño,DF,1989-11-07,La Liga,1080.0,12.0,467.0,357.0,3.0,1.0,1.0,25.0,69.0,2972.5500000000015,51.0,68.0,1.0,1.0,0.0,49.0,78.0,22.0,7.0,7.0,59.0,40.0,12.0,2.0,28,2017-18,76.4,62.8
355599,Mikel Oyarzabal,MF,1997-04-21,La Liga,2782.0,35.0,875.0,692.0,8.0,3.0,15.0,58.0,81.0,3161.5500000000015,60.0,22.0,58.0,32.0,12.0,130.0,313.0,40.0,206.0,25.0,155.0,84.0,9.0,33.0,20,2017-18,79.1,41.5
101649,N. Pareja,DF,1984-01-19,La Liga,406.0,5.0,209.0,189.0,0.0,0.0,0.0,1.0,45.0,1907.8499999999997,1.0,33.0,2.0,0.0,0.0,3.0,7.0,1.0,3.0,12.0,51.0,26.0,12.0,14.0,33,2017-18,90.4,42.9
3346,Sergio Busquets,MF,1988-07-16,La Liga,2600.0,31.0,2068.0,1901.0,2.0,4.0,10.0,26.0,336.0,14454.299999999988,1.0,138.0,5.0,4.0,1.0,79.0,129.0,0.0,31.0,53.0,251.0,125.0,5.0,52.0,29,2017-18,91.9,61.2
3347,Sergi Roberto,DF,1992-02-07,La Liga,2291.0,30.0,1615.0,1462.0,7.0,7.0,11.0,67.0,187.0,7839.300000000004,50.0,46.0,7.0,3.0,1.0,105.0,188.0,43.0,61.0,49.0,194.0,112.0,14.0,20.0,25,2017-18,90.5,55.9
5400,Gerard Moreno,FW,1992-04-07,La Liga,3412.0,38.0,1087.0,809.0,18.0,1.0,19.0,63.0,119.0,4701.900000000002,62.0,66.0,100.0,47.0,16.0,201.0,430.0,10.0,303.0,30.0,162.0,96.0,39.0,130.0,25,2017-18,74.4,46.7
3353,Iniesta,MF,1984-05-11,La Liga,1850.0,30.0,1506.0,1331.0,9.0,2.0,27.0,99.0,181.0,8682.45,32.0,130.0,16.0,6.0,1.0,145.0,237.0,13.0,49.0,19.0,103.0,56.0,8.0,2.0,33,2017-18,88.4,61.2
3355,J. Mascherano,DF,1984-06-08,La Liga,540.0,6.0,421.0,386.0,2.0,0.0,1.0,7.0,106.0,4128.6,0.0,59.0,0.0,0.0,0.0,3.0,6.0,2.0,2.0,13.0,39.0,29.0,17.0,6.0,33,2017-18,91.7,50.0
50461,A. Sadiku,FW,1991-05-27,La Liga,268.0,6.0,60.0,48.0,0.0,0.0,1.0,0.0,6.0,215.25,3.0,1.0,3.0,2.0,0.0,5.0,17.0,0.0,18.0,1.0,14.0,8.0,1.0,7.0,26,2017-18,80.0,29.4
3358,Cristian Tello,FW,1991-08-11,La Liga,1687.0,32.0,691.0,541.0,4.0,1.0,10.0,31.0,43.0,2148.2999999999997,35.0,28.0,33.0,16.0,4.0,90.0,154.0,24.0,76.0,24.0,103.0,52.0,1.0,4.0,26,2017-18,78.3,58.4
3359,L. Messi,FW,1987-06-24,La Liga,2996.0,36.0,1787.0,1468.0,34.0,11.0,60.0,225.0,254.0,10444.349999999997,34.0,134.0,193.0,92.0,34.0,479.0,741.0,64.0,357.0,17.0,63.0,41.0,0.0,9.0,30,2017-18,82.1,64.6
25888,F. Fajr,MF,1988-08-01,La Liga,2383.0,31.0,902.0,674.0,9.0,1.0,6.0,42.0,136.0,5142.899999999999,71.0,189.0,22.0,9.0,1.0,60.0,111.0,8.0,20.0,43.0,190.0,110.0,22.0,30.0,29,2017-18,74.7,54.1
70956,Rúben Semedo,DF,1994-04-04,La Liga,231.0,4.0,86.0,76.0,0.0,0.0,0.0,0.0,11.0,609.0,0.0,7.0,1.0,0.0,0.0,2.0,5.0,1.0,3.0,5.0,16.0,17.0,8.0,6.0,23,2017-18,88.4,40.0
3372,Aythami Artiles,DF,1986-04-02,La Liga,183.0,3.0,80.0,74.0,0.0,0.0,0.0,0.0,20.0,718.2000000000002,0.0,11.0,0.0,0.0,0.0,0.0,1.0,0.0,3.0,2.0,12.0,18.0,14.0,6.0,31,2017-18,92.5,0.0
488750,Mozo,MF,1995-04-22,La Liga,44.0,1.0,14.0,12.0,0.0,0.0,0.0,0.0,1.0,76.65,0.0,0.0,0.0,0.0,0.0,2.0,3.0,1.0,0.0,2.0,11.0,3.0,0.0,1.0,22,2017-18,85.7,66.7
3384,A. Guardado,MF,1986-09-28,La Liga,2264.0,29.0,1420.0,1235.0,15.0,5.0,15.0,52.0,192.0,7964.250000000005,49.0,120.0,29.0,9.0,2.0,85.0,161.0,16.0,24.0,32.0,167.0,87.0,11.0,18.0,31,2017-18,87.0,52.8
3394,Bruno Gama,MF,1987-11-15,La Liga,111.0,5.0,44.0,36.0,1.0,0.0,1.0,5.0,4.0,144.9,6.0,1.0,1.0,0.0,0.0,12.0,23.0,0.0,12.0,2.0,17.0,0.0,2.0,0.0,30,2017-18,81.8,52.2
329026,Carlos Calderón,MF,1995-04-14,La Liga,3.0,1.0,1.0,1.0,0.0,0.0,0.0,0.0,0.0,0.0,0.0,0.0,0.0,0.0,0.0,0.0,0.0,0.0,0.0,1.0,2.0,0.0,0.0,0.0,22,2017-18,100.0,
3397,Arrizabalaga,GK,1994-10-03,La Liga,2700.0,30.0,698.0,598.0,0.0,0.0,0.0,2.0,450.0,19386.150000000005,0.0,400.0,0.0,0.0,0.0,2.0,2.0,0.0,0.0,2.0,4.0,36.0,8.0,10.0,23,2017-18,85.7,100.0
3398,Raúl Fernández,GK,1988-03-13,La Liga,990.0,11.0,144.0,116.0,0.0,0.0,0.0,0.0,97.0,4541.250000000002,0.0,103.0,0.0,0.0,0.0,0.0,0.0,0.0,0.0,0.0,0.0,28.0,10.0,5.0,29,2017-18,80.6,
3399,Iraizoz,GK,1981-03-06,La Liga,764.0,9.0,139.0,115.0,0.0,0.0,0.0,0.0,91.0,3623.5499999999993,0.0,76.0,0.0,0.0,0.0,0.0,0.0,0.0,0.0,2.0,3.0,22.0,4.0,1.0,36,2017-18,82.7,
519496,Fabio González,MF,1997-02-12,La Liga,65.0,1.0,41.0,40.0,0.0,0.0,0.0,2.0,5.0,218.40000000000003,0.0,1.0,0.0,0.0,0.0,1.0,1.0,0.0,0.0,1.0,8.0,6.0,3.0,0.0,20,2017-18,97.6,100.0
447821,Y. En-Nesyri,FW,1997-06-01,La Liga,1596.0,25.0,280.0,183.0,3.0,0.0,1.0,12.0,18.0,858.9,25.0,10.0,41.0,11.0,4.0,69.0,200.0,14.0,132.0,18.0,96.0,41.0,21.0,89.0,20,2017-18,65.4,34.5
3407,Ramalho,DF,1993-06-10,La Liga,2297.0,26.0,852.0,720.0,2.0,0.0,0.0,12.0,208.0,8135.400000000003,10.0,134.0,7.0,2.0,0.0,29.0,46.0,6.0,34.0,27.0,133.0,155.0,82.0,46.0,24,2017-18,84.5,63.0
3408,Saborit,DF,1992-04-27,La Liga,1430.0,19.0,539.0,420.0,3.0,1.0,5.0,13.0,65.0,2746.8,41.0,41.0,7.0,2.0,0.0,24.0,37.0,10.0,8.0,39.0,149.0,94.0,49.0,26.0,25,2017-18,77.9,64.9
3409,San José,MF,1989-05-30,La Liga,2157.0,26.0,939.0,783.0,6.0,0.0,10.0,18.0,146.0,5968.199999999993,18.0,72.0,18.0,6.0,1.0,32.0,68.0,4.0,46.0,49.0,210.0,135.0,25.0,71.0,28,2017-18,83.4,47.1
3414,Iturraspe,MF,1989-03-08,La Liga,1903.0,30.0,1096.0,939.0,2.0,0.0,8.0,28.0,184.0,7078.050000000002,17.0,102.0,7.0,1.0,0.0,36.0,65.0,1.0,3.0,29.0,147.0,154.0,41.0,42.0,28,2017-18,85.7,55.4
288091,Marco Asensio,MF,1996-01-21,La Liga,1839.0,32.0,1160.0,1009.0,13.0,6.0,19.0,83.0,120.0,5044.200000000001,96.0,34.0,54.0,23.0,6.0,96.0,175.0,61.0,116.0,18.0,69.0,33.0,2.0,3.0,21,2017-18,87.0,54.9
3420,Susaeta,MF,1987-12-14,La Liga,2268.0,34.0,854.0,692.0,13.0,0.0,8.0,42.0,73.0,3207.750000000001,76.0,27.0,25.0,12.0,3.0,117.0,233.0,30.0,83.0,23.0,167.0,72.0,9.0,10.0,30,2017-18,81.0,50.2
3421,De Marcos,DF,1989-04-14,La Liga,1660.0,21.0,749.0,571.0,12.0,2.0,5.0,45.0,88.0,3552.1500000000024,81.0,65.0,13.0,6.0,1.0,24.0,53.0,10.0,50.0,20.0,129.0,78.0,19.0,16.0,28,2017-18,76.2,45.3
3423,Ibai Gómez,MF,1989-11-11,La Liga,2326.0,34.0,791.0,599.0,6.0,4.0,16.0,42.0,110.0,4502.399999999999,59.0,100.0,50.0,22.0,7.0,95.0,245.0,14.0,66.0,15.0,110.0,72.0,14.0,4.0,28,2017-18,75.7,38.8
5472,Luis Hernández,DF,1989-04-14,La Liga,3240.0,36.0,1362.0,1153.0,3.0,2.0,1.0,18.0,389.0,14679.000000000007,11.0,254.0,3.0,0.0,0.0,9.0,21.0,4.0,20.0,62.0,199.0,236.0,106.0,64.0,28,2017-18,84.7,42.9
3425,Muniain,FW,1992-12-19,La Liga,776.0,14.0,422.0,356.0,8.0,2.0,23.0,31.0,55.0,2236.5000000000005,9.0,17.0,17.0,10.0,4.0,81.0,126.0,12.0,33.0,10.0,41.0,11.0,2.0,3.0,25,2017-18,84.4,64.3
3428,Sergio Asenjo,GK,1989-06-28,La Liga,2070.0,23.0,334.0,273.0,0.0,0.0,0.0,0.0,163.0,6641.249999999995,0.0,155.0,0.0,0.0,0.0,2.0,2.0,0.0,0.0,2.0,7.0,46.0,8.0,14.0,28,2017-18,81.7,100.0
247141,Iñaki Williams,FW,1994-06-15,La Liga,2847.0,38.0,712.0,530.0,18.0,6.0,13.0,67.0,40.0,1928.849999999998,87.0,18.0,71.0,27.0,7.0,202.0,409.0,32.0,270.0,19.0,139.0,57.0,6.0,36.0,23,2017-18,74.4,49.4
134503,C. Lenglet,DF,1995-06-17,La Liga,3001.0,35.0,1639.0,1428.0,1.0,2.0,0.0,7.0,383.0,15552.600000000026,2.0,219.0,11.0,4.0,3.0,32.0,52.0,4.0,70.0,84.0,263.0,174.0,88.0,85.0,22,2017-18,87.1,61.5
5481,Guerrero,FW,1990-07-12,La Liga,1437.0,22.0,314.0,265.0,2.0,2.0,2.0,12.0,16.0,726.5999999999999,3.0,3.0,27.0,12.0,4.0,48.0,137.0,5.0,77.0,3.0,48.0,35.0,15.0,47.0,27,2017-18,84.4,35.0
3434,Filipe Luis,DF,1985-08-09,La Liga,1659.0,20.0,974.0,816.0,4.0,2.0,4.0,32.0,127.0,5658.450000000001,49.0,77.0,5.0,2.0,1.0,78.0,148.0,8.0,35.0,45.0,153.0,101.0,25.0,20.0,32,2017-18,83.8,52.7
3433,D. Godín,DF,1986-02-16,La Liga,2553.0,30.0,1145.0,1018.0,1.0,0.0,2.0,2.0,258.0,10612.349999999982,0.0,149.0,12.0,4.0,0.0,20.0,33.0,3.0,92.0,55.0,185.0,156.0,94.0,80.0,31,2017-18,88.9,60.6
247150,One,DF,1996-01-05,La Liga,90.0,1.0,23.0,19.0,0.0,0.0,0.0,0.0,4.0,185.85000000000002,0.0,3.0,0.0,0.0,0.0,0.0,1.0,0.0,0.0,1.0,5.0,5.0,3.0,1.0,22,2017-18,82.6,0.0
3441,Gabi,MF,1983-07-10,La Liga,2347.0,34.0,1609.0,1396.0,0.0,0.0,8.0,22.0,267.0,11281.199999999997,13.0,176.0,10.0,1.0,0.0,40.0,77.0,3.0,4.0,68.0,260.0,134.0,24.0,23.0,34,2017-18,86.8,51.9
3443,Koke,MF,1992-01-08,La Liga,2764.0,35.0,1935.0,1658.0,9.0,2.0,21.0,72.0,254.0,11268.600000000004,45.0,185.0,29.0,13.0,4.0,100.0,195.0,11.0,41.0,43.0,223.0,125.0,20.0,16.0,26,2017-18,85.7,51.3
3447,Juanfran,DF,1985-01-09,La Liga,1308.0,17.0,534.0,440.0,3.0,1.0,2.0,24.0,81.0,3073.350000000001,46.0,25.0,3.0,0.0,0.0,28.0,57.0,4.0,16.0,19.0,140.0,84.0,19.0,6.0,33,2017-18,82.4,49.1
3451,Adrián López,FW,1988-01-08,La Liga,2347.0,30.0,843.0,628.0,7.0,3.0,18.0,63.0,73.0,3013.499999999998,53.0,38.0,55.0,19.0,9.0,120.0,254.0,20.0,178.0,13.0,107.0,81.0,27.0,72.0,30,2017-18,74.5,47.2
247169,Diego González,DF,1995-01-28,La Liga,1434.0,18.0,455.0,370.0,1.0,0.0,0.0,7.0,81.0,3199.3500000000017,9.0,72.0,13.0,4.0,1.0,2.0,20.0,0.0,33.0,36.0,149.0,108.0,47.0,44.0,22,2017-18,81.3,10.0
3458,Sergio Rico,GK,1993-09-01,La Liga,2155.0,24.0,391.0,331.0,0.0,0.0,0.0,0.0,183.0,7534.800000000002,0.0,146.0,0.0,0.0,0.0,1.0,1.0,0.0,0.0,0.0,4.0,28.0,4.0,16.0,24,2017-18,84.7,100.0
3460,Coke,DF,1987-04-26,Bundesliga,1391.0,18.0,540.0,414.0,2.0,0.0,9.0,29.0,101.0,3744.3,36.0,73.0,10.0,5.0,3.0,42.0,82.0,8.0,40.0,21.0,127.0,95.0,33.0,25.0,30,2017-18,76.7,51.2
247173,Andrés,GK,1993-10-17,La Liga,360.0,4.0,50.0,34.0,0.0,0.0,0.0,0.0,30.0,1308.2999999999997,0.0,37.0,0.0,0.0,0.0,1.0,1.0,0.0,0.0,0.0,0.0,2.0,1.0,1.0,24,2017-18,68.0,100.0
21894,Keko,MF,1991-12-27,La Liga,1219.0,21.0,371.0,271.0,5.0,2.0,4.0,18.0,25.0,1179.1499999999994,47.0,18.0,19.0,7.0,0.0,61.0,134.0,10.0,42.0,19.0,150.0,52.0,5.0,10.0,26,2017-18,73.0,45.5
114055,Óscar Romero,MF,1992-07-04,La Liga,248.0,5.0,57.0,39.0,0.0,0.0,0.0,1.0,6.0,271.95000000000005,4.0,10.0,6.0,2.0,0.0,17.0,38.0,0.0,3.0,3.0,22.0,8.0,3.0,8.0,25,2017-18,68.4,44.7
3464,Luna,DF,1991-03-17,La Liga,2021.0,23.0,766.0,552.0,6.0,2.0,6.0,39.0,139.0,5454.749999999997,67.0,116.0,4.0,0.0,0.0,33.0,67.0,5.0,24.0,30.0,155.0,144.0,42.0,20.0,26,2017-18,72.1,49.3
3465,Fernando Navarro,DF,1982-06-25,La Liga,1042.0,15.0,429.0,354.0,1.0,0.0,1.0,6.0,96.0,3409.3500000000004,14.0,50.0,0.0,0.0,0.0,18.0,26.0,1.0,4.0,25.0,98.0,77.0,30.0,20.0,35,2017-18,82.5,69.2
3466,Alexis,DF,1985-08-04,La Liga,2181.0,28.0,590.0,473.0,1.0,0.0,3.0,5.0,122.0,5156.550000000003,9.0,94.0,13.0,4.0,1.0,16.0,32.0,1.0,42.0,28.0,117.0,150.0,73.0,32.0,32,2017-18,80.2,50.0
3468,Juan Cala,DF,1989-11-26,La Liga,1800.0,20.0,551.0,402.0,0.0,1.0,0.0,2.0,160.0,6137.250000000002,1.0,184.0,12.0,5.0,2.0,15.0,27.0,2.0,46.0,42.0,122.0,122.0,72.0,73.0,28,2017-18,73.0,55.6
3470,Campaña,MF,1993-05-31,La Liga,2743.0,35.0,1518.0,1295.0,6.0,4.0,19.0,52.0,267.0,10356.150000000007,39.0,76.0,23.0,8.0,1.0,98.0,184.0,16.0,40.0,45.0,206.0,152.0,22.0,32.0,24,2017-18,85.3,53.3
298385,Borja Herrera,DF,1993-01-08,La Liga,242.0,3.0,155.0,131.0,0.0,0.0,0.0,3.0,12.0,730.8,13.0,9.0,1.0,0.0,0.0,10.0,18.0,1.0,2.0,2.0,12.0,9.0,3.0,5.0,24,2017-18,84.5,55.6
3474,Jesús Navas,MF,1985-11-21,La Liga,1761.0,25.0,858.0,639.0,16.0,0.0,13.0,78.0,105.0,3908.1000000000004,123.0,57.0,21.0,7.0,1.0,120.0,172.0,38.0,83.0,27.0,118.0,79.0,33.0,10.0,32,2017-18,74.5,69.8
3476,I. Rakitić,MF,1988-03-10,La Liga,2838.0,35.0,2417.0,2205.0,10.0,4.0,17.0,63.0,350.0,15544.199999999983,29.0,170.0,30.0,11.0,1.0,87.0,145.0,11.0,61.0,40.0,164.0,147.0,10.0,30.0,29,2017-18,91.2,60.0
3486,Andrés Fernández,GK,1986-12-17,La Liga,226.0,3.0,37.0,31.0,0.0,0.0,0.0,0.0,19.0,678.2999999999998,0.0,15.0,0.0,0.0,0.0,0.0,0.0,0.0,0.0,0.0,0.0,3.0,2.0,2.0,31,2017-18,83.8,
3488,Asier Riesgo,GK,1983-10-06,La Liga,90.0,1.0,13.0,8.0,0.0,0.0,0.0,0.0,8.0,408.44999999999993,0.0,12.0,0.0,0.0,0.0,0.0,0.0,0.0,0.0,0.0,0.0,1.0,0.0,1.0,34,2017-18,61.5,
7585,Manu García,MF,1986-04-26,La Liga,2438.0,30.0,914.0,724.0,4.0,0.0,4.0,17.0,133.0,5667.900000000002,17.0,98.0,24.0,8.0,3.0,94.0,158.0,3.0,63.0,71.0,303.0,138.0,53.0,88.0,31,2017-18,79.2,59.5
5542,Dani García,MF,1990-05-24,La Liga,2782.0,32.0,1549.0,1307.0,2.0,1.0,1.0,21.0,261.0,10170.30000000001,12.0,227.0,20.0,3.0,0.0,41.0,77.0,4.0,9.0,54.0,211.0,205.0,19.0,40.0,27,2017-18,84.4,53.2
247207,Joan Jordán,MF,1994-07-06,La Liga,2403.0,34.0,1131.0,971.0,4.0,1.0,5.0,42.0,142.0,5443.199999999999,32.0,98.0,39.0,17.0,6.0,87.0,174.0,16.0,79.0,31.0,192.0,94.0,8.0,35.0,23,2017-18,85.9,50.0
3496,Sergio Postigo,DF,1988-11-04,La Liga,2425.0,30.0,917.0,778.0,2.0,0.0,1.0,13.0,244.0,9375.449999999997,8.0,175.0,6.0,2.0,1.0,14.0,23.0,1.0,34.0,38.0,131.0,179.0,92.0,33.0,29,2017-18,84.8,60.9
472489,Lara,MF,2000-03-07,La Liga,9.0,1.0,4.0,3.0,0.0,0.0,0.0,0.0,0.0,3.1500000000000004,0.0,1.0,0.0,0.0,0.0,3.0,4.0,1.0,1.0,1.0,1.0,0.0,0.0,0.0,17,2017-18,75.0,75.0
359847,Alfonso Pedraza,MF,1996-04-09,La Liga,2442.0,33.0,653.0,434.0,12.0,3.0,8.0,35.0,78.0,2785.6500000000005,98.0,45.0,40.0,14.0,3.0,143.0,256.0,41.0,113.0,30.0,202.0,100.0,25.0,19.0,21,2017-18,66.5,55.9
247206,Pau López,GK,1994-12-13,La Liga,2566.0,29.0,426.0,346.0,0.0,0.0,0.0,0.0,251.0,10171.34999999999,0.0,210.0,0.0,0.0,0.0,2.0,2.0,0.0,0.0,0.0,1.0,43.0,12.0,10.0,23,2017-18,81.2,100.0
247212,Rafa Navarro,DF,1994-02-23,La Liga,133.0,3.0,73.0,68.0,0.0,0.0,0.0,3.0,13.0,448.35,3.0,2.0,1.0,1.0,0.0,8.0,12.0,0.0,3.0,2.0,17.0,6.0,5.0,2.0,23,2017-18,93.2,66.7
3503,Raúl García,MF,1986-07-11,La Liga,2634.0,34.0,764.0,476.0,15.0,1.0,14.0,50.0,90.0,3458.7000000000016,52.0,80.0,76.0,33.0,10.0,102.0,204.0,7.0,199.0,41.0,235.0,112.0,19.0,155.0,31,2017-18,62.3,50.0
26032,C. Doukouré,MF,1992-09-11,La Liga,1021.0,19.0,295.0,256.0,0.0,0.0,0.0,4.0,33.0,1535.1,4.0,15.0,16.0,1.0,1.0,22.0,57.0,3.0,42.0,17.0,112.0,40.0,3.0,20.0,25,2017-18,86.8,38.6
247219,Víctor Camarasa,MF,1994-05-28,La Liga,1252.0,24.0,609.0,542.0,5.0,0.0,8.0,12.0,59.0,2705.849999999999,7.0,27.0,20.0,4.0,1.0,56.0,122.0,21.0,35.0,15.0,85.0,40.0,5.0,9.0,23,2017-18,89.0,45.9
247220,Jason,MF,1994-07-06,La Liga,1795.0,27.0,518.0,375.0,14.0,2.0,11.0,43.0,42.0,1831.199999999999,62.0,19.0,31.0,9.0,1.0,102.0,229.0,17.0,79.0,18.0,116.0,63.0,13.0,21.0,23,2017-18,72.4,44.5
3510,Timor,MF,1989-10-17,La Liga,922.0,16.0,442.0,367.0,0.0,0.0,2.0,3.0,80.0,3121.6499999999983,4.0,58.0,11.0,5.0,2.0,13.0,24.0,0.0,6.0,10.0,63.0,70.0,20.0,31.0,28,2017-18,83.0,54.2
26038,J. Campbell,FW,1992-06-26,La Liga,209.0,8.0,95.0,84.0,0.0,1.0,3.0,10.0,11.0,477.75,4.0,7.0,7.0,4.0,2.0,23.0,47.0,4.0,14.0,2.0,13.0,4.0,0.0,0.0,25,2017-18,88.4,48.9
247222,Medrán,MF,1994-03-15,La Liga,1014.0,18.0,471.0,396.0,3.0,0.0,2.0,10.0,79.0,3185.7,3.0,49.0,16.0,6.0,2.0,56.0,116.0,1.0,13.0,15.0,96.0,30.0,9.0,9.0,23,2017-18,84.1,48.3
3519,Diego López,GK,1981-11-03,La Liga,854.0,10.0,133.0,108.0,0.0,0.0,0.0,0.0,73.0,2831.8500000000004,0.0,61.0,0.0,0.0,0.0,0.0,0.0,0.0,0.0,0.0,1.0,16.0,2.0,1.0,36,2017-18,81.2,
259524,S. Moore,DF,1996-11-02,La Liga,426.0,6.0,178.0,135.0,1.0,0.0,0.0,3.0,29.0,1002.7500000000002,12.0,22.0,3.0,2.0,0.0,11.0,25.0,4.0,3.0,6.0,34.0,27.0,8.0,3.0,21,2017-18,75.8,44.0
7623,Léo Baptistão,FW,1993-08-26,La Liga,2683.0,36.0,680.0,464.0,6.0,3.0,8.0,47.0,30.0,1642.199999999999,55.0,20.0,67.0,26.0,8.0,116.0,249.0,38.0,192.0,34.0,173.0,71.0,18.0,55.0,24,2017-18,68.2,46.6
230857,Yeray,DF,1995-01-24,La Liga,674.0,8.0,412.0,351.0,0.0,0.0,0.0,2.0,119.0,4183.200000000001,2.0,56.0,1.0,0.0,0.0,8.0,10.0,1.0,5.0,11.0,47.0,45.0,11.0,15.0,22,2017-18,85.2,80.0
3529,Mario,DF,1990-11-24,La Liga,2805.0,32.0,1438.0,1160.0,11.0,2.0,4.0,41.0,248.0,9602.25,75.0,145.0,27.0,10.0,2.0,53.0,109.0,38.0,69.0,67.0,334.0,222.0,69.0,66.0,27,2017-18,80.7,48.6
230862,Lekue,DF,1993-05-04,La Liga,2107.0,32.0,970.0,749.0,9.0,1.0,11.0,46.0,139.0,5075.700000000001,86.0,87.0,18.0,6.0,0.0,107.0,194.0,33.0,37.0,30.0,180.0,107.0,38.0,28.0,24,2017-18,77.2,55.2
302542,Nacho Vidal,DF,1995-01-24,La Liga,448.0,7.0,184.0,149.0,0.0,0.0,0.0,2.0,24.0,980.6999999999999,7.0,15.0,3.0,2.0,1.0,8.0,13.0,2.0,3.0,9.0,62.0,34.0,10.0,7.0,22,2017-18,81.0,61.5
3534,Jaume Costa,DF,1988-03-18,La Liga,2563.0,30.0,1353.0,1100.0,11.0,0.0,10.0,57.0,205.0,8223.600000000004,85.0,140.0,12.0,3.0,0.0,80.0,114.0,20.0,44.0,35.0,208.0,154.0,55.0,48.0,29,2017-18,81.3,70.2
3538,M. Wakaso,MF,1990-07-25,La Liga,1096.0,20.0,424.0,319.0,0.0,1.0,1.0,13.0,68.0,2596.650000000001,21.0,67.0,10.0,1.0,0.0,49.0,81.0,9.0,13.0,30.0,129.0,72.0,15.0,20.0,27,2017-18,75.2,60.5
3539,H. Pérez,MF,1989-02-25,La Liga,508.0,14.0,196.0,138.0,3.0,0.0,2.0,12.0,13.0,662.55,19.0,20.0,6.0,1.0,0.0,39.0,78.0,7.0,21.0,14.0,64.0,19.0,1.0,14.0,28,2017-18,70.4,50.0
390613,Xesc Regis,FW,1996-09-30,La Liga,0.0,0.0,0.0,0.0,0.0,0.0,0.0,0.0,0.0,0.0,0.0,0.0,0.0,0.0,0.0,0.0,0.0,0.0,0.0,0.0,1.0,0.0,0.0,0.0,21,2017-18,,
302550,Brais Méndez,MF,1997-01-07,La Liga,952.0,19.0,441.0,347.0,5.0,1.0,7.0,20.0,44.0,1789.1999999999998,27.0,18.0,21.0,9.0,1.0,38.0,81.0,5.0,41.0,8.0,52.0,33.0,7.0,15.0,20,2017-18,78.7,46.9
3542,Trigueros,MF,1991-10-17,La Liga,2716.0,34.0,1753.0,1534.0,12.0,3.0,21.0,53.0,294.0,11250.749999999987,51.0,148.0,31.0,7.0,3.0,116.0,205.0,13.0,38.0,57.0,231.0,126.0,26.0,30.0,26,2017-18,87.5,56.6
3554,Rubén,GK,1984-06-22,La Liga,2477.0,28.0,341.0,281.0,0.0,0.0,0.0,0.0,182.0,7710.150000000001,0.0,165.0,0.0,0.0,0.0,3.0,3.0,0.0,0.0,1.0,2.0,32.0,3.0,8.0,33,2017-18,82.4,100.0
26084,L. Carole,DF,1991-04-12,La Liga,540.0,6.0,298.0,244.0,0.0,1.0,0.0,6.0,40.0,1702.0499999999995,11.0,25.0,3.0,1.0,0.0,23.0,43.0,2.0,5.0,8.0,39.0,48.0,16.0,6.0,26,2017-18,81.9,53.5
364005,F. Valverde,MF,1998-07-22,La Liga,1228.0,24.0,553.0,449.0,3.0,0.0,6.0,14.0,73.0,3243.449999999999,15.0,55.0,18.0,5.0,0.0,26.0,51.0,13.0,24.0,9.0,59.0,54.0,12.0,17.0,19,2017-18,81.2,51.0
237034,Gonçalo Guedes,FW,1996-11-29,Ligue 1,2446.0,34.0,908.0,724.0,12.0,8.0,26.0,115.0,117.0,4537.050000000003,75.0,49.0,59.0,22.0,5.0,234.0,392.0,80.0,130.0,26.0,145.0,57.0,10.0,8.0,21,2017-18,79.7,59.7
3563,Isco,MF,1992-04-21,La Liga,1775.0,30.0,1524.0,1327.0,20.0,5.0,22.0,96.0,190.0,7782.6,92.0,82.0,47.0,19.0,7.0,190.0,331.0,41.0,151.0,14.0,91.0,26.0,2.0,8.0,25,2017-18,87.1,57.4
3562,Sergio Sánchez,DF,1986-04-03,La Liga,102.0,2.0,27.0,18.0,0.0,0.0,0.0,0.0,4.0,152.25,2.0,3.0,1.0,0.0,0.0,0.0,1.0,0.0,3.0,1.0,10.0,6.0,3.0,2.0,31,2017-18,66.7,0.0
230895,Pere Pons,MF,1993-02-20,La Liga,2564.0,31.0,979.0,814.0,1.0,1.0,9.0,17.0,132.0,5527.200000000001,10.0,66.0,13.0,5.0,0.0,98.0,184.0,13.0,22.0,51.0,259.0,119.0,15.0,22.0,24,2017-18,83.1,53.3
3568,Recio,MF,1991-01-11,La Liga,1850.0,22.0,887.0,770.0,3.0,0.0,7.0,17.0,130.0,5479.950000000002,16.0,82.0,26.0,4.0,1.0,85.0,164.0,15.0,36.0,33.0,169.0,93.0,13.0,31.0,26,2017-18,86.8,51.8
230897,Fede Cartabia,MF,1993-01-20,La Liga,1332.0,20.0,531.0,409.0,3.0,1.0,7.0,33.0,63.0,2167.2000000000007,48.0,37.0,33.0,11.0,2.0,154.0,236.0,27.0,56.0,23.0,107.0,54.0,2.0,9.0,24,2017-18,77.0,65.3
3571,Joaquín,MF,1981-07-21,La Liga,2487.0,35.0,1209.0,1036.0,12.0,4.0,28.0,63.0,122.0,5028.449999999994,53.0,77.0,31.0,14.0,4.0,170.0,315.0,27.0,84.0,22.0,103.0,76.0,26.0,18.0,36,2017-18,85.7,54.0
3572,Portillo,MF,1990-06-13,La Liga,2463.0,33.0,979.0,758.0,9.0,2.0,47.0,84.0,142.0,5416.949999999998,34.0,76.0,17.0,6.0,2.0,95.0,232.0,7.0,58.0,22.0,177.0,104.0,8.0,14.0,27,2017-18,77.4,40.9
278007,F. Ricca,DF,1994-12-01,La Liga,1111.0,14.0,435.0,309.0,2.0,1.0,0.0,15.0,81.0,3124.800000000001,33.0,88.0,4.0,3.0,0.0,18.0,29.0,1.0,17.0,26.0,120.0,70.0,29.0,34.0,23,2017-18,71.0,62.1
3576,Juanmi,FW,1993-05-20,La Liga,1489.0,30.0,341.0,286.0,2.0,3.0,4.0,17.0,19.0,758.1,7.0,8.0,36.0,13.0,8.0,38.0,123.0,10.0,115.0,9.0,78.0,30.0,3.0,10.0,24,2017-18,83.9,30.9
3595,Beñat,MF,1987-02-19,La Liga,1115.0,24.0,695.0,594.0,2.0,0.0,7.0,21.0,110.0,4297.650000000001,18.0,65.0,12.0,3.0,0.0,27.0,52.0,1.0,4.0,18.0,104.0,57.0,9.0,7.0,30,2017-18,85.5,51.9
3599,J. Montero,MF,1989-09-01,La Liga,54.0,3.0,20.0,13.0,0.0,0.0,0.0,2.0,2.0,78.75,9.0,2.0,0.0,0.0,0.0,7.0,14.0,2.0,3.0,0.0,3.0,3.0,0.0,2.0,28,2017-18,65.0,50.0
3604,Rubén Castro,FW,1981-06-27,La Liga,353.0,10.0,54.0,48.0,1.0,1.0,2.0,4.0,3.0,211.05,2.0,1.0,8.0,5.0,1.0,9.0,17.0,4.0,15.0,1.0,6.0,2.0,1.0,1.0,36,2017-18,88.9,52.9
3605,Jorge Molina,FW,1982-04-22,La Liga,2791.0,36.0,743.0,512.0,16.0,3.0,18.0,56.0,48.0,2490.600000000001,31.0,22.0,58.0,24.0,7.0,131.0,420.0,9.0,248.0,14.0,96.0,63.0,22.0,132.0,35,2017-18,68.9,31.2
5653,M. Mantovani,DF,1984-07-07,La Liga,1018.0,14.0,342.0,287.0,0.0,0.0,0.0,0.0,55.0,2646.0000000000005,0.0,36.0,5.0,1.0,1.0,7.0,13.0,0.0,14.0,15.0,52.0,88.0,47.0,45.0,33,2017-18,83.9,53.8
278049,E. Cabaco,DF,1995-04-19,La Liga,1040.0,14.0,289.0,227.0,0.0,0.0,0.0,1.0,73.0,2727.8999999999996,0.0,54.0,1.0,1.0,0.0,8.0,10.0,0.0,9.0,16.0,61.0,67.0,45.0,25.0,22,2017-18,78.5,80.0
38436,C. Santos,FW,1988-03-24,La Liga,478.0,10.0,94.0,79.0,1.0,0.0,1.0,0.0,2.0,176.4,1.0,1.0,8.0,5.0,2.0,2.0,27.0,1.0,23.0,3.0,18.0,12.0,3.0,38.0,29,2017-18,84.0,7.4
228902,J. Calleri,FW,1993-09-23,La Liga,3109.0,37.0,632.0,440.0,7.0,1.0,17.0,36.0,59.0,2431.799999999999,46.0,18.0,82.0,26.0,9.0,174.0,452.0,7.0,322.0,22.0,115.0,57.0,22.0,134.0,24,2017-18,69.6,38.5
5677,Bruno,DF,1990-05-24,La Liga,1537.0,19.0,328.0,233.0,0.0,0.0,0.0,1.0,59.0,2223.9000000000005,0.0,64.0,3.0,0.0,0.0,3.0,9.0,0.0,29.0,36.0,119.0,93.0,75.0,51.0,27,2017-18,71.0,33.3
222770,Nélson Semedo,DF,1993-11-16,La Liga,1496.0,22.0,964.0,854.0,2.0,0.0,2.0,22.0,103.0,4420.500000000003,29.0,36.0,3.0,2.0,0.0,61.0,128.0,38.0,42.0,33.0,122.0,59.0,20.0,9.0,24,2017-18,88.6,47.7
91702,J. Mojica,DF,1992-08-21,La Liga,2132.0,30.0,908.0,663.0,9.0,4.0,3.0,54.0,91.0,3980.5499999999965,155.0,80.0,21.0,2.0,0.0,166.0,309.0,35.0,52.0,39.0,185.0,108.0,17.0,33.0,25,2017-18,73.0,53.7
26167,C. Beauvue,FW,1988-04-16,La Liga,1669.0,28.0,240.0,178.0,4.0,0.0,3.0,14.0,14.0,581.7000000000003,15.0,6.0,37.0,9.0,2.0,43.0,135.0,8.0,88.0,1.0,39.0,25.0,14.0,76.0,29,2017-18,74.2,31.9
3642,Ramis,DF,1984-10-25,La Liga,1305.0,16.0,647.0,565.0,0.0,0.0,0.0,1.0,170.0,6186.6,2.0,102.0,11.0,6.0,3.0,10.0,16.0,1.0,33.0,30.0,80.0,77.0,26.0,63.0,33,2017-18,87.3,62.5
116283,D. Rolán,FW,1993-03-24,La Liga,1944.0,26.0,577.0,472.0,4.0,0.0,6.0,30.0,53.0,2332.0500000000006,41.0,22.0,33.0,17.0,5.0,152.0,382.0,23.0,122.0,24.0,131.0,47.0,7.0,14.0,24,2017-18,81.8,39.8
3644,Bigas,DF,1990-09-15,La Liga,896.0,12.0,557.0,502.0,0.0,0.0,2.0,4.0,108.0,4972.800000000003,0.0,57.0,3.0,1.0,0.0,17.0,25.0,4.0,9.0,18.0,63.0,60.0,25.0,16.0,27,2017-18,90.1,68.0
3645,Chory Castro,MF,1984-09-14,La Liga,2088.0,26.0,873.0,646.0,11.0,1.0,12.0,49.0,111.0,4426.800000000004,103.0,83.0,29.0,11.0,4.0,131.0,232.0,28.0,54.0,30.0,136.0,81.0,17.0,25.0,33,2017-18,74.0,56.5
3650,Tomás Pina,MF,1987-10-14,La Liga,2391.0,30.0,918.0,786.0,3.0,0.0,3.0,10.0,148.0,6418.650000000002,8.0,92.0,11.0,3.0,1.0,66.0,118.0,2.0,30.0,48.0,209.0,147.0,25.0,53.0,30,2017-18,85.6,55.9
265807,José Naranjo,FW,1994-07-28,La Liga,558.0,13.0,127.0,103.0,1.0,0.0,1.0,2.0,11.0,499.80000000000007,1.0,4.0,9.0,3.0,1.0,19.0,61.0,1.0,9.0,11.0,47.0,22.0,3.0,6.0,23,2017-18,81.1,31.1
3663,Toño,GK,1986-11-23,La Liga,315.0,4.0,101.0,84.0,0.0,0.0,0.0,0.0,41.0,1510.9500000000003,0.0,35.0,0.0,0.0,0.0,0.0,0.0,0.0,0.0,0.0,1.0,6.0,0.0,1.0,31,2017-18,83.2,
3667,De La Bella,DF,1985-12-02,La Liga,1529.0,17.0,878.0,726.0,9.0,1.0,2.0,36.0,131.0,4943.400000000004,78.0,75.0,4.0,1.0,0.0,34.0,67.0,13.0,29.0,26.0,118.0,94.0,27.0,27.0,32,2017-18,82.7,50.7
3671,Íñigo Martínez,DF,1991-05-17,La Liga,2496.0,28.0,1378.0,1129.0,4.0,1.0,3.0,27.0,372.0,12994.8,29.0,277.0,15.0,4.0,1.0,35.0,52.0,16.0,62.0,47.0,156.0,159.0,86.0,85.0,26,2017-18,81.9,67.3
3672,Carlos Martínez,DF,1986-04-09,La Liga,2.0,1.0,3.0,3.0,0.0,0.0,0.0,0.0,2.0,54.60000000000001,0.0,1.0,0.0,0.0,0.0,0.0,1.0,0.0,0.0,0.0,1.0,0.0,0.0,1.0,31,2017-18,100.0,0.0
3674,Markel Bergara,MF,1986-05-05,La Liga,1470.0,18.0,354.0,270.0,0.0,1.0,1.0,6.0,30.0,1340.85,5.0,26.0,14.0,9.0,4.0,25.0,46.0,4.0,44.0,18.0,124.0,82.0,17.0,40.0,31,2017-18,76.3,54.3
3676,Illarramendi,MF,1990-03-08,La Liga,3164.0,36.0,2396.0,2152.0,2.0,3.0,22.0,57.0,449.0,17471.999999999996,29.0,150.0,34.0,13.0,7.0,121.0,189.0,17.0,28.0,56.0,287.0,202.0,26.0,32.0,27,2017-18,89.8,64.0
3677,Rubén Pardo,MF,1992-10-22,La Liga,226.0,6.0,129.0,105.0,0.0,1.0,3.0,3.0,16.0,638.4000000000002,3.0,11.0,1.0,0.0,0.0,8.0,11.0,0.0,3.0,0.0,12.0,12.0,0.0,4.0,25,2017-18,81.4,72.7
3678,Xabi Prieto,MF,1983-08-29,La Liga,1937.0,26.0,987.0,847.0,7.0,4.0,16.0,66.0,128.0,5163.900000000005,67.0,28.0,16.0,11.0,3.0,69.0,155.0,16.0,105.0,14.0,71.0,52.0,15.0,41.0,34,2017-18,85.8,44.5
3680,Zurutuza,MF,1986-07-19,La Liga,2248.0,31.0,1123.0,986.0,1.0,2.0,10.0,18.0,138.0,6009.15000000001,8.0,51.0,13.0,3.0,0.0,85.0,159.0,5.0,38.0,45.0,201.0,114.0,11.0,38.0,31,2017-18,87.8,53.5
3681,Agirretxe,FW,1987-02-24,La Liga,224.0,11.0,49.0,36.0,1.0,0.0,2.0,3.0,2.0,165.90000000000003,1.0,1.0,5.0,2.0,0.0,6.0,16.0,1.0,25.0,0.0,6.0,3.0,2.0,8.0,30,2017-18,73.5,37.5
3682,A. Griezmann,FW,1991-03-21,La Liga,2553.0,32.0,982.0,802.0,11.0,9.0,29.0,64.0,99.0,4251.450000000003,27.0,57.0,69.0,37.0,19.0,110.0,200.0,30.0,138.0,14.0,100.0,49.0,9.0,25.0,26,2017-18,81.7,55.0
3685,C. Vela,FW,1989-03-01,La Liga,373.0,13.0,181.0,153.0,0.0,0.0,7.0,14.0,26.0,1038.4499999999998,12.0,10.0,9.0,3.0,1.0,57.0,101.0,14.0,27.0,7.0,25.0,4.0,0.0,6.0,28,2017-18,84.5,56.4
40550,Paulinho,MF,1988-07-25,La Liga,1939.0,34.0,1172.0,1046.0,5.0,2.0,8.0,28.0,111.0,5071.500000000006,11.0,29.0,44.0,23.0,9.0,83.0,175.0,15.0,122.0,40.0,134.0,59.0,10.0,33.0,29,2017-18,89.2,47.4
357992,Aitor Ruibal,FW,1996-03-22,La Liga,6.0,2.0,4.0,4.0,0.0,0.0,0.0,0.0,0.0,15.750000000000002,0.0,0.0,0.0,0.0,0.0,0.0,3.0,1.0,1.0,0.0,2.0,0.0,0.0,0.0,21,2017-18,100.0,0.0
3692,Bernardo Espinosa,DF,1989-07-11,La Liga,2868.0,34.0,1119.0,958.0,2.0,2.0,0.0,10.0,256.0,10468.499999999995,4.0,220.0,17.0,4.0,0.0,12.0,21.0,0.0,69.0,62.0,176.0,205.0,99.0,127.0,28,2017-18,85.6,57.1
3695,Álvaro González,DF,1990-01-08,La Liga,2900.0,33.0,1390.0,1208.0,1.0,2.0,3.0,10.0,326.0,12947.549999999992,8.0,242.0,13.0,2.0,0.0,13.0,19.0,3.0,59.0,41.0,157.0,188.0,125.0,72.0,28,2017-18,86.9,68.4
253551,W. Montoya,MF,1993-06-21,La Liga,77.0,1.0,23.0,15.0,1.0,0.0,1.0,3.0,3.0,122.85000000000002,1.0,1.0,1.0,0.0,0.0,4.0,8.0,2.0,4.0,1.0,6.0,2.0,2.0,2.0,24,2017-18,65.2,50.0
134769,Y. Carrasco,FW,1993-09-04,La Liga,896.0,17.0,302.0,231.0,4.0,2.0,3.0,18.0,21.0,891.4499999999999,28.0,6.0,21.0,9.0,3.0,112.0,189.0,14.0,70.0,9.0,52.0,20.0,2.0,2.0,24,2017-18,76.5,59.3
3704,P. Diop,MF,1986-03-19,La Liga,1205.0,20.0,489.0,399.0,1.0,0.0,1.0,9.0,76.0,3127.95,8.0,50.0,12.0,1.0,0.0,29.0,50.0,1.0,33.0,21.0,100.0,65.0,10.0,41.0,31,2017-18,81.6,58.0
3705,Adrián,MF,1988-05-25,La Liga,2341.0,29.0,980.0,821.0,2.0,0.0,4.0,16.0,125.0,5527.200000000005,14.0,99.0,29.0,10.0,3.0,57.0,119.0,2.0,81.0,24.0,148.0,117.0,28.0,84.0,29,2017-18,83.8,47.9
3708,Jairo Samperio,MF,1993-07-11,Bundesliga,591.0,13.0,148.0,99.0,2.0,0.0,0.0,5.0,14.0,525.0,16.0,7.0,10.0,3.0,0.0,31.0,62.0,2.0,29.0,7.0,45.0,9.0,4.0,7.0,24,2017-18,66.9,50.0
3714,C. Stuani,FW,1986-10-12,La Liga,2721.0,33.0,372.0,283.0,2.0,0.0,5.0,13.0,25.0,1077.3,6.0,7.0,69.0,37.0,21.0,83.0,203.0,3.0,223.0,11.0,91.0,49.0,21.0,125.0,31,2017-18,76.1,40.9
3719,Roberto,GK,1986-02-10,La Liga,3060.0,34.0,508.0,405.0,0.0,0.0,0.0,0.0,314.0,13600.650000000003,0.0,306.0,1.0,0.0,0.0,0.0,0.0,0.0,2.0,1.0,1.0,48.0,12.0,13.0,31,2017-18,79.7,
265864,N. Maksimović,MF,1995-01-26,La Liga,547.0,13.0,243.0,216.0,1.0,0.0,0.0,9.0,33.0,1290.4499999999994,8.0,14.0,6.0,1.0,0.0,12.0,29.0,6.0,17.0,16.0,58.0,45.0,9.0,16.0,22,2017-18,88.9,41.4
3735,Juankar,DF,1990-03-30,La Liga,784.0,10.0,329.0,256.0,3.0,0.0,3.0,16.0,59.0,2375.0999999999995,25.0,42.0,2.0,0.0,0.0,19.0,34.0,6.0,4.0,17.0,62.0,47.0,18.0,10.0,27,2017-18,77.8,55.9
376474,M. Ndockyt,MF,1998-07-20,La Liga,62.0,6.0,22.0,15.0,0.0,0.0,0.0,1.0,1.0,51.449999999999996,0.0,2.0,0.0,0.0,0.0,6.0,10.0,0.0,3.0,2.0,8.0,4.0,0.0,3.0,19,2017-18,68.2,60.0
5791,Juanpi,MF,1994-01-24,La Liga,604.0,16.0,198.0,165.0,1.0,1.0,3.0,6.0,22.0,853.65,4.0,11.0,16.0,5.0,0.0,41.0,100.0,5.0,18.0,7.0,29.0,18.0,0.0,2.0,23,2017-18,83.3,41.0
212644,G. Escalante,MF,1993-03-27,La Liga,1561.0,28.0,626.0,489.0,4.0,0.0,2.0,9.0,68.0,2886.45,11.0,64.0,24.0,6.0,1.0,38.0,74.0,5.0,49.0,46.0,141.0,103.0,15.0,51.0,24,2017-18,78.1,51.4
40614,Guilherme,MF,1991-04-05,La Liga,2645.0,31.0,1307.0,1138.0,5.0,0.0,7.0,12.0,188.0,8303.4,15.0,104.0,37.0,2.0,0.0,89.0,135.0,1.0,38.0,69.0,262.0,180.0,44.0,36.0,26,2017-18,87.1,65.9
3750,Balenziaga,DF,1988-02-29,La Liga,1555.0,18.0,614.0,470.0,4.0,2.0,1.0,24.0,74.0,2905.350000000001,55.0,71.0,3.0,0.0,0.0,38.0,79.0,11.0,11.0,27.0,152.0,101.0,36.0,19.0,29,2017-18,76.5,48.1
7848,E. Martínez,GK,1992-09-02,La Liga,450.0,5.0,75.0,59.0,0.0,0.0,0.0,1.0,54.0,2611.35,0.0,58.0,0.0,0.0,0.0,1.0,1.0,0.0,0.0,0.0,0.0,10.0,1.0,1.0,25,2017-18,78.7,100.0
7857,Miquel,DF,1992-09-28,La Liga,1780.0,20.0,670.0,517.0,0.0,0.0,0.0,2.0,181.0,6653.85,1.0,160.0,7.0,1.0,0.0,21.0,31.0,3.0,46.0,33.0,151.0,137.0,71.0,45.0,25,2017-18,77.2,67.7
7860,T. Vermaelen,DF,1985-11-14,La Liga,1018.0,14.0,604.0,574.0,0.0,0.0,0.0,0.0,126.0,4980.150000000003,2.0,33.0,3.0,2.0,0.0,6.0,10.0,1.0,8.0,19.0,57.0,52.0,23.0,21.0,32,2017-18,95.0,60.0
286390,O. Dembélé,FW,1997-05-15,La Liga,932.0,17.0,463.0,371.0,9.0,6.0,11.0,43.0,42.0,1560.2999999999997,37.0,9.0,20.0,10.0,3.0,90.0,182.0,32.0,75.0,8.0,49.0,21.0,1.0,1.0,20,2017-18,80.1,49.5
22202,S. Zaza,FW,1991-06-25,La Liga,2110.0,33.0,393.0,301.0,5.0,1.0,7.0,19.0,25.0,1120.3499999999997,18.0,11.0,63.0,23.0,13.0,73.0,223.0,11.0,191.0,11.0,81.0,58.0,20.0,70.0,26,2017-18,76.6,32.7
26307,A. Mandi,DF,1991-10-22,La Liga,3060.0,34.0,2020.0,1889.0,1.0,0.0,4.0,3.0,423.0,16617.300000000025,3.0,117.0,11.0,2.0,1.0,29.0,42.0,5.0,38.0,48.0,189.0,178.0,88.0,76.0,26,2017-18,93.5,69.0
3779,Bueno,FW,1988-03-20,La Liga,222.0,11.0,95.0,76.0,1.0,0.0,2.0,5.0,11.0,458.8499999999999,3.0,8.0,5.0,3.0,0.0,13.0,21.0,1.0,10.0,2.0,15.0,6.0,2.0,1.0,29,2017-18,80.0,61.9
3785,Kiko Casilla,GK,1986-10-02,La Liga,900.0,10.0,158.0,137.0,0.0,0.0,0.0,0.0,72.0,2582.9999999999995,0.0,42.0,0.0,0.0,0.0,0.0,0.0,0.0,0.0,1.0,1.0,18.0,6.0,4.0,31,2017-18,86.7,
3788,Jordi Amat,DF,1992-03-21,La Liga,2108.0,25.0,1498.0,1382.0,0.0,0.0,0.0,2.0,244.0,10223.850000000008,0.0,93.0,8.0,1.0,0.0,24.0,30.0,3.0,30.0,37.0,150.0,106.0,63.0,39.0,25,2017-18,92.3,80.0
3791,Z. Feddal,DF,1989-12-23,La Liga,1257.0,15.0,763.0,642.0,0.0,0.0,1.0,3.0,158.0,6264.299999999997,5.0,122.0,7.0,3.0,3.0,19.0,27.0,1.0,23.0,28.0,97.0,102.0,67.0,39.0,28,2017-18,84.1,70.4
3795,H. Moreno,DF,1988-01-17,Serie A,947.0,13.0,661.0,606.0,0.0,0.0,4.0,2.0,135.0,5504.1,3.0,88.0,7.0,4.0,1.0,15.0,23.0,0.0,27.0,13.0,48.0,38.0,16.0,28.0,29,2017-18,91.7,65.2
3797,Víctor Sánchez,MF,1987-09-08,La Liga,2462.0,30.0,1169.0,889.0,2.0,2.0,6.0,29.0,201.0,7495.949999999997,61.0,202.0,13.0,1.0,0.0,51.0,94.0,6.0,9.0,83.0,353.0,176.0,55.0,60.0,30,2017-18,76.0,54.3
3798,Dídac Vilá,DF,1989-06-09,La Liga,722.0,14.0,358.0,267.0,4.0,0.0,1.0,12.0,40.0,1826.9999999999998,28.0,42.0,10.0,2.0,0.0,18.0,36.0,5.0,25.0,19.0,88.0,54.0,18.0,14.0,28,2017-18,74.6,50.0
237269,S. Lukić,MF,1996-08-13,La Liga,995.0,15.0,324.0,278.0,2.0,2.0,2.0,11.0,33.0,1594.9500000000007,7.0,19.0,2.0,1.0,0.0,42.0,73.0,13.0,5.0,19.0,73.0,51.0,9.0,11.0,21,2017-18,85.8,57.5
257752,M. Moreno,FW,1996-09-20,La Liga,28.0,2.0,1.0,1.0,0.0,0.0,0.0,0.0,0.0,0.0,0.0,0.0,0.0,0.0,0.0,0.0,2.0,0.0,3.0,0.0,3.0,1.0,0.0,0.0,21,2017-18,100.0,0.0
167641,S. Lobotka,MF,1994-11-22,La Liga,3061.0,38.0,1989.0,1827.0,1.0,0.0,5.0,13.0,270.0,11880.749999999995,14.0,114.0,8.0,3.0,0.0,112.0,200.0,38.0,7.0,64.0,249.0,151.0,13.0,32.0,23,2017-18,91.9,56.0
3803,Sergi Darder,MF,1993-12-22,Ligue 1,3055.0,38.0,1520.0,1271.0,4.0,2.0,11.0,29.0,250.0,9964.499999999993,23.0,158.0,27.0,9.0,1.0,91.0,150.0,7.0,23.0,42.0,227.0,134.0,38.0,21.0,24,2017-18,83.6,60.7
26332,P. Baysse,DF,1988-05-18,Ligue 1,1806.0,23.0,803.0,700.0,0.0,0.0,1.0,2.0,161.0,6867.000000000004,1.0,100.0,10.0,3.0,1.0,10.0,22.0,2.0,42.0,35.0,135.0,129.0,62.0,68.0,29,2017-18,87.2,45.5
1751,O. Tannane,FW,1994-03-23,Ligue 1,779.0,16.0,291.0,228.0,2.0,1.0,5.0,13.0,21.0,917.7000000000002,11.0,10.0,22.0,11.0,0.0,52.0,122.0,10.0,37.0,20.0,80.0,16.0,1.0,0.0,23,2017-18,78.4,42.6
3806,Javi López,DF,1986-01-21,La Liga,967.0,14.0,453.0,346.0,3.0,0.0,0.0,10.0,79.0,2825.55,34.0,50.0,3.0,0.0,0.0,25.0,42.0,6.0,6.0,29.0,109.0,52.0,30.0,24.0,31,2017-18,76.4,59.5
388832,Julio Gracia,MF,1998-02-10,La Liga,21.0,2.0,21.0,18.0,0.0,0.0,0.0,0.0,2.0,103.95,1.0,0.0,1.0,0.0,0.0,1.0,2.0,0.0,2.0,1.0,1.0,1.0,0.0,0.0,19,2017-18,85.7,50.0
7908,Fernando Torres,FW,1984-03-20,La Liga,965.0,27.0,206.0,141.0,3.0,0.0,2.0,14.0,12.0,517.65,6.0,10.0,30.0,12.0,5.0,49.0,121.0,11.0,85.0,7.0,36.0,18.0,5.0,43.0,33,2017-18,68.4,40.5
470756,Alberto López,DF,1995-05-27,La Liga,43.0,1.0,15.0,10.0,0.0,0.0,0.0,0.0,0.0,22.05,1.0,1.0,0.0,0.0,0.0,0.0,2.0,0.0,0.0,2.0,8.0,2.0,2.0,1.0,22,2017-18,66.7,0.0
3816,Sergio García,FW,1983-06-09,La Liga,1626.0,33.0,421.0,314.0,6.0,6.0,14.0,56.0,60.0,2312.1000000000013,27.0,21.0,37.0,16.0,2.0,107.0,229.0,10.0,120.0,9.0,62.0,39.0,8.0,17.0,34,2017-18,74.6,46.7
3821,Sergio Álvarez,GK,1986-08-03,La Liga,1475.0,17.0,410.0,356.0,1.0,0.0,0.0,0.0,199.0,8431.500000000002,0.0,158.0,0.0,0.0,0.0,1.0,1.0,0.0,0.0,0.0,2.0,31.0,14.0,9.0,31,2017-18,86.8,100.0
112366,M. Layún,DF,1988-06-25,La Liga,1179.0,16.0,542.0,421.0,5.0,0.0,3.0,24.0,78.0,2970.4499999999994,53.0,57.0,21.0,6.0,2.0,26.0,46.0,14.0,20.0,13.0,103.0,74.0,20.0,16.0,29,2017-18,77.7,56.5
3823,Yoel,GK,1988-08-28,La Liga,90.0,1.0,21.0,13.0,0.0,0.0,0.0,0.0,13.0,614.2500000000001,0.0,20.0,0.0,0.0,0.0,0.0,0.0,0.0,0.0,0.0,1.0,6.0,2.0,0.0,29,2017-18,61.9,
286448,M. Arambarri,MF,1995-09-30,La Liga,2200.0,27.0,592.0,443.0,3.0,2.0,3.0,11.0,102.0,4077.1500000000015,8.0,127.0,22.0,3.0,1.0,67.0,126.0,5.0,25.0,34.0,209.0,105.0,21.0,20.0,22,2017-18,74.8,53.2
3822,Rubén Blanco,GK,1995-07-25,La Liga,1980.0,22.0,580.0,456.0,0.0,0.0,0.0,0.0,265.0,10689.000000000011,0.0,265.0,0.0,0.0,0.0,0.0,0.0,0.0,0.0,0.0,3.0,35.0,11.0,6.0,22,2017-18,78.6,
3827,Hugo Mallo,DF,1991-06-22,La Liga,3004.0,34.0,1776.0,1363.0,11.0,4.0,9.0,69.0,296.0,10886.399999999994,144.0,237.0,22.0,7.0,0.0,83.0,142.0,20.0,46.0,74.0,294.0,189.0,76.0,76.0,26,2017-18,76.7,58.5
3828,Raúl Navas,DF,1988-05-11,La Liga,1792.0,20.0,1164.0,1041.0,2.0,0.0,1.0,6.0,254.0,9641.100000000006,5.0,160.0,10.0,2.0,0.0,22.0,37.0,6.0,43.0,28.0,90.0,121.0,45.0,48.0,29,2017-18,89.4,59.5
376565,A. Abeid,DF,1997-12-11,La Liga,78.0,1.0,29.0,22.0,2.0,0.0,0.0,1.0,5.0,230.99999999999997,3.0,2.0,0.0,0.0,0.0,3.0,4.0,0.0,0.0,2.0,8.0,5.0,1.0,1.0,20,2017-18,75.9,75.0
341751,Marc Navarro,DF,1995-07-02,La Liga,1102.0,19.0,447.0,310.0,4.0,0.0,3.0,24.0,46.0,1865.8499999999983,65.0,49.0,18.0,5.0,1.0,27.0,67.0,2.0,33.0,22.0,86.0,63.0,13.0,17.0,22,2017-18,69.4,40.3
341752,Marc Roca,MF,1996-11-26,La Liga,263.0,8.0,165.0,146.0,0.0,0.0,1.0,3.0,30.0,1162.35,0.0,16.0,4.0,0.0,0.0,3.0,5.0,2.0,1.0,9.0,26.0,17.0,8.0,0.0,21,2017-18,88.5,60.0
255738,J. Lerma,MF,1994-10-25,La Liga,2139.0,26.0,1012.0,877.0,2.0,1.0,5.0,16.0,144.0,6272.699999999999,5.0,82.0,27.0,1.0,0.0,59.0,104.0,7.0,32.0,39.0,168.0,126.0,22.0,91.0,23,2017-18,86.7,56.7
225022,Rubén Duarte,DF,1995-10-18,La Liga,2149.0,24.0,704.0,504.0,5.0,1.0,2.0,38.0,120.0,4654.6500000000015,54.0,137.0,7.0,0.0,0.0,41.0,69.0,9.0,13.0,48.0,227.0,164.0,51.0,31.0,22,2017-18,71.6,59.4
122623,Fahad Al Muwallad,FW,1994-09-14,La Liga,26.0,2.0,9.0,7.0,0.0,0.0,0.0,0.0,1.0,24.150000000000002,1.0,0.0,0.0,0.0,0.0,1.0,4.0,0.0,1.0,2.0,3.0,1.0,0.0,0.0,23,2017-18,77.8,25.0
3840,Iago Aspas,FW,1987-08-01,La Liga,2935.0,34.0,1202.0,937.0,24.0,6.0,22.0,95.0,103.0,4160.0999999999985,62.0,39.0,94.0,42.0,22.0,192.0,355.0,39.0,244.0,26.0,115.0,69.0,6.0,24.0,30,2017-18,78.0,54.1
3843,F. Orellana,MF,1986-01-27,La Liga,1203.0,17.0,474.0,343.0,4.0,2.0,6.0,33.0,29.0,1430.099999999999,51.0,28.0,24.0,5.0,3.0,110.0,256.0,13.0,91.0,5.0,56.0,35.0,2.0,5.0,31,2017-18,72.4,43.0
278278,Munir,FW,1995-09-01,La Liga,2470.0,33.0,587.0,448.0,6.0,3.0,18.0,46.0,40.0,1808.099999999999,49.0,22.0,57.0,24.0,10.0,191.0,423.0,16.0,158.0,19.0,84.0,41.0,6.0,44.0,22,2017-18,76.3,45.2
278288,Aritz Elustondo,DF,1994-03-28,La Liga,1598.0,19.0,937.0,824.0,3.0,1.0,1.0,8.0,183.0,6932.099999999997,10.0,86.0,10.0,5.0,3.0,22.0,41.0,6.0,28.0,25.0,130.0,118.0,58.0,48.0,23,2017-18,87.9,53.7
278289,Odriozola,DF,1995-12-14,La Liga,2918.0,35.0,1431.0,1217.0,19.0,4.0,9.0,106.0,122.0,5282.550000000003,190.0,36.0,9.0,4.0,0.0,127.0,256.0,74.0,99.0,37.0,228.0,126.0,36.0,6.0,22,2017-18,85.0,49.6
3856,Molinero,DF,1985-07-26,La Liga,574.0,10.0,203.0,153.0,0.0,0.0,0.0,12.0,41.0,1493.0999999999995,15.0,29.0,3.0,0.0,0.0,9.0,16.0,4.0,10.0,11.0,52.0,35.0,19.0,8.0,32,2017-18,75.4,56.2
5907,Sergi Samper,MF,1995-01-20,La Liga,145.0,2.0,80.0,68.0,0.0,0.0,0.0,0.0,6.0,340.2,2.0,5.0,0.0,0.0,0.0,7.0,9.0,0.0,0.0,4.0,14.0,3.0,0.0,1.0,22,2017-18,85.0,77.8
3866,M. Iturra,MF,1984-06-23,La Liga,1584.0,20.0,573.0,481.0,4.0,0.0,4.0,12.0,74.0,3239.2500000000027,11.0,76.0,2.0,1.0,0.0,50.0,80.0,5.0,6.0,37.0,181.0,75.0,14.0,23.0,33,2017-18,83.9,62.5
69404,M. Kovačić,MF,1994-05-06,La Liga,994.0,21.0,769.0,721.0,0.0,1.0,10.0,11.0,125.0,5064.150000000003,4.0,22.0,8.0,2.0,0.0,63.0,117.0,18.0,7.0,28.0,94.0,32.0,2.0,3.0,23,2017-18,93.8,53.8
69409,Š. Vrsaljko,DF,1992-01-10,La Liga,1652.0,21.0,683.0,497.0,4.0,4.0,1.0,27.0,59.0,2705.8500000000004,94.0,68.0,3.0,0.0,0.0,40.0,76.0,8.0,27.0,28.0,140.0,101.0,40.0,53.0,25,2017-18,72.8,52.6
3874,Kike García,FW,1989-11-25,La Liga,2467.0,35.0,600.0,458.0,2.0,0.0,3.0,23.0,25.0,1215.8999999999996,27.0,26.0,65.0,27.0,8.0,137.0,376.0,8.0,256.0,8.0,89.0,55.0,11.0,86.0,28,2017-18,76.3,36.4
3875,Borja Bastón,FW,1992-08-25,La Liga,977.0,20.0,201.0,162.0,1.0,0.0,2.0,5.0,11.0,561.7500000000001,9.0,3.0,21.0,9.0,2.0,17.0,82.0,2.0,79.0,3.0,40.0,13.0,5.0,33.0,25,2017-18,80.6,20.7
7972,L. Suárez,FW,1987-01-24,La Liga,2901.0,33.0,1043.0,802.0,21.0,6.0,23.0,117.0,71.0,3088.0499999999984,43.0,60.0,116.0,54.0,25.0,145.0,341.0,9.0,385.0,19.0,88.0,55.0,24.0,12.0,30,2017-18,76.9,42.5
366374,K. Soni,MF,1998-04-17,La Liga,17.0,2.0,4.0,3.0,0.0,0.0,0.0,1.0,1.0,34.65,0.0,0.0,0.0,0.0,0.0,2.0,5.0,1.0,2.0,0.0,4.0,0.0,0.0,1.0,19,2017-18,75.0,40.0
278316,Koke,GK,1995-09-27,La Liga,90.0,1.0,14.0,9.0,0.0,0.0,0.0,0.0,6.0,193.2,0.0,8.0,0.0,0.0,0.0,0.0,0.0,0.0,0.0,0.0,0.0,2.0,2.0,0.0,22,2017-18,64.3,
3885,L. Cabrera,DF,1991-06-17,Serie A,1085.0,14.0,323.0,214.0,1.0,0.0,1.0,15.0,103.0,3489.15,12.0,109.0,4.0,0.0,0.0,5.0,14.0,4.0,17.0,29.0,111.0,77.0,47.0,30.0,26,2017-18,66.3,35.7
278320,David Soria,GK,1993-04-04,La Liga,1265.0,15.0,229.0,196.0,0.0,0.0,0.0,0.0,116.0,4046.7000000000016,0.0,78.0,0.0,0.0,0.0,1.0,1.0,0.0,0.0,0.0,0.0,26.0,8.0,7.0,24,2017-18,85.6,100.0
40756,Casemiro,MF,1992-02-23,La Liga,2599.0,30.0,1648.0,1480.0,7.0,2.0,5.0,27.0,244.0,10135.650000000005,11.0,188.0,31.0,11.0,5.0,97.0,151.0,10.0,51.0,86.0,299.0,203.0,23.0,63.0,25,2017-18,89.8,64.2
278324,Carlos Fernández,FW,1996-05-22,La Liga,139.0,2.0,31.0,26.0,1.0,0.0,0.0,0.0,1.0,63.00000000000001,2.0,1.0,5.0,2.0,1.0,2.0,7.0,0.0,14.0,0.0,8.0,3.0,0.0,3.0,21,2017-18,83.9,28.6
208694,Rodrigo Ely,DF,1993-11-03,La Liga,2695.0,31.0,934.0,736.0,1.0,0.0,0.0,4.0,203.0,8085.000000000006,1.0,185.0,11.0,3.0,1.0,17.0,26.0,2.0,54.0,40.0,125.0,208.0,110.0,112.0,24,2017-18,78.8,65.4
120631,Y. Bounou,GK,1991-04-05,La Liga,2656.0,30.0,463.0,364.0,0.0,0.0,0.0,1.0,274.0,11988.9,0.0,285.0,0.0,0.0,0.0,1.0,3.0,0.0,0.0,0.0,6.0,59.0,10.0,5.0,26,2017-18,78.6,33.3
51004,C. Borges,MF,1988-08-27,La Liga,2360.0,32.0,1075.0,895.0,2.0,3.0,8.0,23.0,141.0,6080.550000000003,23.0,108.0,27.0,7.0,3.0,42.0,113.0,2.0,77.0,49.0,167.0,139.0,16.0,128.0,29,2017-18,83.3,37.2
280383,E. Bardhi,MF,1995-07-02,La Liga,1579.0,26.0,599.0,503.0,3.0,0.0,6.0,27.0,104.0,3836.7000000000003,19.0,50.0,36.0,13.0,9.0,89.0,164.0,10.0,33.0,23.0,144.0,46.0,7.0,4.0,22,2017-18,84.0,54.3
225089,José Luis Morales,MF,1987-07-23,La Liga,3080.0,35.0,901.0,604.0,18.0,7.0,23.0,88.0,98.0,3994.2000000000003,159.0,42.0,63.0,25.0,10.0,219.0,452.0,78.0,208.0,23.0,176.0,94.0,13.0,13.0,30,2017-18,67.0,48.5
40770,Willian José,FW,1991-11-23,La Liga,2778.0,34.0,807.0,634.0,10.0,4.0,16.0,40.0,54.0,2351.999999999999,18.0,63.0,80.0,29.0,15.0,140.0,389.0,5.0,224.0,10.0,54.0,48.0,23.0,64.0,26,2017-18,78.6,36.0
32577,Sidnei,DF,1989-06-23,La Liga,1780.0,21.0,741.0,627.0,1.0,1.0,1.0,8.0,118.0,5384.400000000006,6.0,90.0,4.0,2.0,1.0,35.0,52.0,5.0,40.0,38.0,119.0,119.0,62.0,41.0,28,2017-18,84.6,67.3
282438,Aarón,DF,1997-04-22,La Liga,2818.0,32.0,1061.0,826.0,15.0,0.0,2.0,51.0,134.0,4928.700000000002,129.0,86.0,5.0,2.0,0.0,75.0,137.0,24.0,20.0,44.0,239.0,160.0,48.0,28.0,20,2017-18,77.9,54.7
282441,Jesús Vallejo,DF,1997-01-05,La Liga,630.0,7.0,348.0,312.0,0.0,0.0,0.0,0.0,73.0,2882.25,0.0,33.0,0.0,0.0,0.0,7.0,8.0,1.0,0.0,16.0,50.0,30.0,16.0,11.0,21,2017-18,89.7,87.5
3915,K. Navas,GK,1986-12-15,La Liga,2430.0,27.0,437.0,397.0,0.0,0.0,0.0,0.0,200.0,7019.249999999999,0.0,86.0,0.0,0.0,0.0,2.0,2.0,0.0,0.0,3.0,4.0,38.0,10.0,3.0,31,2017-18,90.8,100.0
3916,G. Cabral,DF,1985-10-14,La Liga,1891.0,26.0,1219.0,1120.0,0.0,0.0,0.0,4.0,230.0,9657.900000000014,0.0,114.0,8.0,2.0,1.0,8.0,20.0,2.0,39.0,49.0,142.0,117.0,60.0,82.0,32,2017-18,91.9,40.0
282445,R. Guerra,MF,1997-03-21,La Liga,67.0,4.0,32.0,25.0,1.0,0.0,0.0,1.0,2.0,94.50000000000001,1.0,2.0,0.0,0.0,0.0,0.0,5.0,0.0,0.0,1.0,6.0,3.0,1.0,0.0,20,2017-18,78.1,0.0
3919,Iván López,DF,1993-08-23,La Liga,175.0,3.0,79.0,61.0,0.0,0.0,0.0,5.0,15.0,561.7500000000001,11.0,13.0,1.0,0.0,0.0,7.0,9.0,2.0,1.0,2.0,5.0,16.0,1.0,1.0,24,2017-18,77.2,77.8
3920,Pedro López,DF,1983-11-01,La Liga,1597.0,21.0,603.0,471.0,4.0,0.0,1.0,22.0,106.0,4042.4999999999995,58.0,63.0,3.0,1.0,0.0,44.0,74.0,4.0,8.0,13.0,141.0,87.0,27.0,18.0,34,2017-18,78.1,59.5
282448,Aleix García,MF,1997-06-28,La Liga,843.0,18.0,483.0,419.0,0.0,0.0,0.0,5.0,75.0,3031.35,8.0,50.0,9.0,3.0,1.0,22.0,40.0,5.0,6.0,16.0,52.0,53.0,9.0,10.0,20,2017-18,86.7,55.0
32601,Bebé,MF,1990-07-12,La Liga,360.0,9.0,122.0,76.0,4.0,1.0,1.0,11.0,4.0,178.50000000000003,39.0,6.0,6.0,1.0,0.0,37.0,90.0,4.0,7.0,7.0,26.0,9.0,1.0,3.0,27,2017-18,62.3,41.1
3934,N. El Zhar,MF,1986-08-27,La Liga,1980.0,30.0,595.0,472.0,5.0,2.0,5.0,39.0,61.0,2794.050000000001,66.0,26.0,44.0,14.0,2.0,146.0,291.0,27.0,78.0,12.0,86.0,57.0,3.0,15.0,31,2017-18,79.3,50.2
40800,Ganso,MF,1989-10-12,La Liga,523.0,7.0,317.0,264.0,2.0,0.0,6.0,8.0,36.0,1453.1999999999994,3.0,5.0,7.0,3.0,2.0,21.0,43.0,2.0,13.0,8.0,41.0,18.0,3.0,3.0,28,2017-18,83.3,48.8
3937,Roger,FW,1991-01-03,La Liga,960.0,17.0,181.0,130.0,3.0,2.0,6.0,18.0,16.0,719.2500000000001,13.0,7.0,26.0,8.0,3.0,38.0,96.0,3.0,78.0,5.0,38.0,14.0,3.0,14.0,27,2017-18,71.8,39.6
395114,Zubeldía,MF,1997-03-30,La Liga,1599.0,24.0,903.0,820.0,0.0,2.0,2.0,15.0,124.0,5356.049999999999,8.0,72.0,18.0,3.0,1.0,36.0,62.0,3.0,5.0,38.0,147.0,78.0,13.0,38.0,20,2017-18,90.8,58.1
259946,A. Peñaranda,FW,1997-05-31,La Liga,807.0,13.0,222.0,180.0,0.0,0.0,3.0,9.0,13.0,579.6,7.0,5.0,19.0,7.0,0.0,80.0,169.0,16.0,36.0,12.0,46.0,13.0,2.0,16.0,20,2017-18,81.1,47.3
278383,Álvaro Jiménez,MF,1995-05-19,La Liga,548.0,13.0,130.0,80.0,2.0,1.0,3.0,8.0,10.0,534.45,23.0,5.0,8.0,4.0,1.0,55.0,92.0,10.0,22.0,5.0,60.0,12.0,1.0,8.0,22,2017-18,61.5,59.8
3963,Cuéllar,GK,1984-05-25,La Liga,3150.0,35.0,619.0,450.0,0.0,0.0,0.0,0.0,378.0,17678.849999999988,0.0,466.0,0.0,0.0,0.0,0.0,0.0,0.0,0.0,2.0,6.0,77.0,20.0,20.0,33,2017-18,72.7,
3970,Gálvez,DF,1989-06-06,La Liga,1980.0,22.0,1049.0,892.0,0.0,0.0,3.0,5.0,245.0,9822.749999999993,4.0,177.0,18.0,5.0,1.0,30.0,51.0,2.0,19.0,59.0,197.0,134.0,67.0,47.0,28,2017-18,85.0,58.8
3974,D. Suárez,DF,1988-04-27,La Liga,2926.0,33.0,1123.0,824.0,7.0,3.0,9.0,46.0,226.0,8583.75,66.0,207.0,8.0,4.0,1.0,86.0,183.0,20.0,29.0,76.0,279.0,166.0,54.0,29.0,29,2017-18,73.4,47.0
32652,E. Çolak,MF,1991-05-20,La Liga,1455.0,26.0,792.0,639.0,7.0,1.0,27.0,50.0,121.0,4708.200000000001,44.0,63.0,17.0,8.0,1.0,87.0,183.0,6.0,32.0,21.0,80.0,19.0,1.0,2.0,26,2017-18,80.7,47.5
339857,José Arnáiz,FW,1995-04-15,La Liga,5.0,1.0,3.0,2.0,0.0,0.0,0.0,0.0,0.0,0.0,0.0,0.0,0.0,0.0,0.0,0.0,1.0,0.0,0.0,0.0,0.0,1.0,0.0,0.0,22,2017-18,66.7,0.0
26518,C. Sánchez,MF,1986-02-06,Serie A,1486.0,23.0,783.0,676.0,1.0,0.0,0.0,4.0,111.0,4425.75,2.0,85.0,9.0,2.0,1.0,29.0,59.0,0.0,10.0,19.0,109.0,107.0,31.0,27.0,31,2017-18,86.3,49.2
3994,Moyà,GK,1984-04-02,La Liga,765.0,9.0,246.0,223.0,0.0,0.0,0.0,1.0,139.0,5143.950000000001,0.0,109.0,0.0,0.0,0.0,0.0,0.0,0.0,0.0,0.0,2.0,18.0,9.0,2.0,33,2017-18,90.7,
4003,Miguel Torres,DF,1986-01-28,La Liga,673.0,8.0,260.0,224.0,0.0,0.0,2.0,3.0,58.0,2211.3000000000006,4.0,28.0,2.0,0.0,0.0,0.0,3.0,0.0,5.0,10.0,58.0,44.0,24.0,9.0,31,2017-18,86.2,0.0
20393,D. Bonera,DF,1981-05-31,La Liga,1250.0,15.0,539.0,475.0,0.0,1.0,0.0,7.0,127.0,4994.850000000002,0.0,77.0,1.0,1.0,0.0,9.0,10.0,0.0,7.0,17.0,71.0,76.0,56.0,22.0,36,2017-18,88.1,90.0
4009,M. Lacen,MF,1984-03-15,La Liga,1119.0,18.0,479.0,416.0,3.0,0.0,0.0,6.0,64.0,2762.5499999999975,10.0,40.0,7.0,1.0,0.0,20.0,43.0,0.0,3.0,19.0,117.0,38.0,10.0,13.0,33,2017-18,86.8,46.5
4013,Rubén Pérez,MF,1989-04-26,La Liga,2520.0,31.0,1379.0,1112.0,3.0,0.0,7.0,28.0,282.0,11125.800000000007,6.0,233.0,16.0,1.0,0.0,82.0,126.0,4.0,1.0,77.0,256.0,223.0,34.0,43.0,28,2017-18,80.6,65.1
4014,Pedro León,MF,1986-11-24,La Liga,929.0,12.0,318.0,214.0,1.0,1.0,1.0,26.0,31.0,1252.6499999999999,59.0,27.0,23.0,7.0,0.0,51.0,87.0,7.0,49.0,3.0,38.0,38.0,9.0,14.0,31,2017-18,67.3,58.6
4015,Pablo Sarabia,MF,1992-05-11,La Liga,2406.0,34.0,1031.0,810.0,16.0,4.0,17.0,99.0,113.0,4591.649999999997,90.0,47.0,55.0,27.0,6.0,109.0,225.0,30.0,138.0,23.0,190.0,106.0,22.0,16.0,25,2017-18,78.6,48.4
20401,A. Aquilani,MF,1984-07-07,La Liga,1298.0,21.0,958.0,816.0,2.0,0.0,6.0,16.0,136.0,5817.000000000004,6.0,112.0,12.0,4.0,0.0,23.0,47.0,1.0,15.0,21.0,100.0,69.0,15.0,11.0,33,2017-18,85.2,48.9
20406,M. Flamini,MF,1984-03-07,La Liga,511.0,8.0,138.0,107.0,0.0,0.0,1.0,5.0,15.0,643.6500000000002,4.0,12.0,1.0,1.0,0.0,3.0,13.0,1.0,7.0,5.0,38.0,18.0,5.0,14.0,33,2017-18,77.5,23.1
20410,S. Muntari,MF,1984-08-27,La Liga,406.0,8.0,148.0,105.0,1.0,0.0,3.0,3.0,28.0,990.1499999999999,6.0,28.0,4.0,1.0,0.0,8.0,13.0,0.0,5.0,7.0,31.0,34.0,6.0,13.0,33,2017-18,70.9,61.5
217031,Thomas,MF,1993-06-13,La Liga,2382.0,33.0,1357.0,1163.0,3.0,0.0,9.0,21.0,184.0,8405.250000000007,21.0,97.0,21.0,3.0,3.0,110.0,165.0,9.0,24.0,58.0,200.0,142.0,23.0,59.0,24,2017-18,85.7,66.7
489417,Erik Expósito,FW,1996-06-23,La Liga,465.0,10.0,77.0,56.0,0.0,0.0,3.0,8.0,9.0,291.90000000000003,3.0,1.0,9.0,2.0,1.0,18.0,55.0,1.0,34.0,3.0,20.0,16.0,4.0,24.0,21,2017-18,72.7,32.7
135113,A. Hjulsager,MF,1995-01-15,La Liga,12.0,2.0,7.0,5.0,0.0,0.0,0.0,1.0,0.0,15.75,1.0,0.0,1.0,0.0,0.0,1.0,1.0,0.0,0.0,0.0,3.0,1.0,0.0,0.0,22,2017-18,71.4,100.0
122832,Salem Al Dawsari,MF,1991-08-19,La Liga,33.0,1.0,16.0,15.0,0.0,0.0,0.0,0.0,0.0,29.400000000000002,1.0,0.0,0.0,0.0,0.0,2.0,7.0,2.0,1.0,1.0,2.0,1.0,0.0,0.0,26,2017-18,93.8,28.6
20433,S. Kjær,DF,1989-03-26,La Liga,1571.0,20.0,756.0,670.0,0.0,0.0,0.0,3.0,137.0,6514.200000000002,2.0,89.0,8.0,2.0,2.0,2.0,4.0,0.0,31.0,30.0,117.0,98.0,65.0,52.0,28,2017-18,88.6,50.0
4048,Sergi Enrich,FW,1990-02-26,La Liga,1329.0,19.0,348.0,267.0,3.0,1.0,2.0,11.0,18.0,857.8499999999995,8.0,11.0,24.0,9.0,3.0,41.0,138.0,2.0,125.0,13.0,61.0,30.0,5.0,68.0,27,2017-18,76.7,29.7
20436,José Ángel,DF,1989-09-05,La Liga,2431.0,30.0,1202.0,809.0,5.0,6.0,7.0,60.0,236.0,8314.949999999999,158.0,293.0,16.0,0.0,0.0,79.0,142.0,16.0,14.0,55.0,173.0,149.0,69.0,42.0,28,2017-18,67.3,55.6
4065,J. Murillo,DF,1992-05-27,La Liga,1373.0,17.0,710.0,654.0,0.0,0.0,1.0,2.0,151.0,6345.149999999998,1.0,70.0,2.0,0.0,0.0,15.0,24.0,1.0,12.0,28.0,88.0,112.0,47.0,49.0,25,2017-18,92.1,62.5
520163,Barri,MF,1995-09-19,La Liga,112.0,2.0,14.0,10.0,0.0,0.0,0.0,0.0,2.0,103.95,0.0,4.0,1.0,1.0,0.0,3.0,5.0,0.0,1.0,0.0,10.0,3.0,3.0,2.0,22,2017-18,71.4,60.0
4086,Bóveda,DF,1988-12-14,La Liga,1191.0,14.0,467.0,357.0,2.0,1.0,1.0,14.0,60.0,2710.0500000000006,21.0,54.0,0.0,0.0,0.0,13.0,28.0,1.0,3.0,25.0,130.0,74.0,29.0,26.0,29,2017-18,76.4,46.4
397303,Ferrán Torres,MF,2000-02-29,La Liga,300.0,13.0,107.0,72.0,2.0,1.0,1.0,10.0,10.0,428.3999999999999,14.0,8.0,2.0,1.0,0.0,21.0,43.0,6.0,11.0,7.0,25.0,4.0,1.0,8.0,17,2017-18,67.3,48.8
4094,Ander Capa,DF,1992-02-08,La Liga,2247.0,32.0,1134.0,825.0,7.0,1.0,6.0,53.0,202.0,7205.1,113.0,139.0,6.0,1.0,0.0,66.0,138.0,33.0,28.0,43.0,181.0,139.0,44.0,30.0,25,2017-18,72.8,47.8
51217,L. Augustinsson,DF,1994-04-21,Bundesliga,2535.0,29.0,1144.0,898.0,14.0,0.0,7.0,45.0,177.0,6669.600000000002,109.0,110.0,21.0,7.0,1.0,47.0,92.0,21.0,57.0,40.0,174.0,105.0,31.0,47.0,23,2017-18,78.5,51.1
444439,V. Janjičić,MF,1998-11-02,Bundesliga,318.0,6.0,141.0,114.0,0.0,0.0,0.0,2.0,17.0,798.0000000000001,0.0,12.0,2.0,1.0,0.0,5.0,8.0,1.0,0.0,4.0,26.0,24.0,5.0,5.0,19,2017-18,80.9,62.5
16411,R. Özcan,GK,1984-06-28,Bundesliga,90.0,1.0,26.0,22.0,0.0,0.0,0.0,0.0,10.0,354.9000000000001,0.0,7.0,0.0,0.0,0.0,0.0,0.0,0.0,0.0,0.0,1.0,0.0,0.0,0.0,33,2017-18,84.6,
393247,I. Konaté,DF,1999-05-25,Bundesliga,1241.0,16.0,606.0,509.0,1.0,0.0,2.0,4.0,141.0,5599.65,1.0,83.0,0.0,0.0,0.0,20.0,34.0,1.0,15.0,27.0,79.0,72.0,44.0,39.0,18,2017-18,84.0,58.8
337960,M. Richter,FW,1997-11-24,Bundesliga,597.0,12.0,147.0,111.0,5.0,0.0,4.0,11.0,13.0,603.75,10.0,10.0,12.0,4.0,1.0,49.0,92.0,3.0,30.0,9.0,60.0,14.0,5.0,8.0,20,2017-18,75.5,53.3
413737,S. Ascacíbar,MF,1997-02-25,Bundesliga,2411.0,29.0,1113.0,967.0,0.0,0.0,0.0,14.0,124.0,5494.649999999998,9.0,62.0,10.0,2.0,0.0,73.0,123.0,7.0,11.0,47.0,230.0,162.0,21.0,30.0,20,2017-18,86.9,59.3
16432,Caiuby,MF,1988-07-14,Bundesliga,2859.0,33.0,892.0,647.0,11.0,5.0,12.0,47.0,72.0,3421.95,66.0,57.0,67.0,24.0,5.0,139.0,339.0,21.0,150.0,28.0,176.0,93.0,15.0,165.0,29,2017-18,72.5,41.0
272434,W. Anton,DF,1996-07-20,Bundesliga,2277.0,27.0,1125.0,940.0,0.0,0.0,2.0,7.0,184.0,7568.400000000012,8.0,120.0,21.0,5.0,1.0,65.0,115.0,9.0,38.0,70.0,243.0,190.0,53.0,88.0,21,2017-18,83.6,56.5
272435,T. Hübers,DF,1996-07-20,Bundesliga,450.0,5.0,169.0,132.0,1.0,1.0,1.0,2.0,32.0,1308.3,0.0,26.0,4.0,1.0,0.0,11.0,13.0,1.0,9.0,12.0,48.0,44.0,14.0,15.0,21,2017-18,78.1,84.6
272436,N. Sarenren-Bazee,MF,1996-08-21,Bundesliga,111.0,6.0,22.0,11.0,0.0,0.0,0.0,3.0,2.0,72.44999999999999,6.0,1.0,0.0,0.0,0.0,17.0,29.0,0.0,8.0,1.0,8.0,5.0,1.0,4.0,21,2017-18,50.0,58.6
272440,M. Eggestein,MF,1996-12-08,Bundesliga,2700.0,33.0,902.0,709.0,4.0,1.0,7.0,34.0,125.0,5116.649999999996,33.0,53.0,41.0,13.0,2.0,116.0,254.0,20.0,101.0,41.0,236.0,132.0,36.0,62.0,21,2017-18,78.6,45.7
16443,L. Balogun,DF,1988-06-28,Bundesliga,1205.0,14.0,432.0,345.0,0.0,0.0,1.0,2.0,79.0,3293.8500000000013,1.0,66.0,3.0,2.0,0.0,22.0,37.0,7.0,11.0,41.0,145.0,97.0,50.0,50.0,29,2017-18,79.9,59.5
65596,M. Sabitzer,MF,1994-03-17,Bundesliga,1791.0,22.0,829.0,612.0,9.0,4.0,15.0,54.0,125.0,4467.750000000002,63.0,85.0,59.0,24.0,3.0,79.0,180.0,9.0,79.0,18.0,93.0,77.0,12.0,16.0,23,2017-18,73.8,43.9
235597,T. Baumgartl,DF,1996-03-04,Bundesliga,2610.0,29.0,1382.0,1177.0,0.0,0.0,3.0,11.0,275.0,11345.25,10.0,185.0,6.0,1.0,0.0,19.0,40.0,2.0,39.0,72.0,261.0,181.0,77.0,87.0,21,2017-18,85.2,47.5
77,N. Moisander,DF,1985-09-29,Bundesliga,2250.0,25.0,1416.0,1247.0,1.0,0.0,2.0,16.0,350.0,13370.699999999995,8.0,243.0,14.0,6.0,2.0,27.0,44.0,7.0,31.0,38.0,150.0,163.0,78.0,39.0,32,2017-18,88.1,61.4
235606,T. Kehrer,DF,1996-09-21,Bundesliga,2365.0,28.0,1184.0,1025.0,1.0,0.0,1.0,11.0,249.0,9565.49999999999,2.0,118.0,15.0,7.0,2.0,36.0,58.0,11.0,51.0,63.0,260.0,157.0,41.0,63.0,21,2017-18,86.6,62.1
91,C. Benschop,FW,1989-08-21,Bundesliga,181.0,7.0,52.0,38.0,0.0,0.0,1.0,1.0,5.0,227.85000000000002,3.0,2.0,5.0,1.0,1.0,7.0,25.0,0.0,18.0,2.0,14.0,6.0,3.0,7.0,28,2017-18,73.1,28.0
286823,M. Egbo,DF,1997-08-17,Bundesliga,10.0,1.0,1.0,1.0,0.0,0.0,0.0,0.0,0.0,11.55,0.0,0.0,0.0,0.0,0.0,0.0,0.0,0.0,0.0,0.0,1.0,0.0,1.0,1.0,20,2017-18,100.0,
110,J. Willems,DF,1994-03-30,Bundesliga,1668.0,23.0,576.0,441.0,14.0,1.0,11.0,51.0,110.0,3671.8500000000017,48.0,38.0,21.0,9.0,0.0,96.0,182.0,9.0,44.0,41.0,144.0,99.0,25.0,18.0,23,2017-18,76.6,52.7
20591,G. Fernandes,MF,1986-09-02,Bundesliga,1036.0,19.0,328.0,276.0,0.0,0.0,1.0,1.0,49.0,1943.5499999999984,2.0,12.0,1.0,1.0,0.0,9.0,21.0,0.0,3.0,31.0,137.0,60.0,10.0,9.0,31,2017-18,84.1,42.9
18544,B. Schmitz,DF,1994-11-17,Bundesliga,82.0,2.0,43.0,35.0,0.0,0.0,0.0,0.0,3.0,190.05,2.0,3.0,0.0,0.0,0.0,1.0,2.0,0.0,1.0,1.0,7.0,1.0,2.0,3.0,23,2017-18,81.4,50.0
344178,P. Retsos,DF,1998-08-09,Bundesliga,1714.0,22.0,1032.0,896.0,1.0,3.0,4.0,14.0,180.0,7671.300000000007,20.0,95.0,10.0,2.0,1.0,55.0,103.0,4.0,43.0,44.0,157.0,97.0,27.0,46.0,19,2017-18,86.8,53.4
8309,K. Rekik,DF,1994-12-02,Bundesliga,2304.0,26.0,1275.0,1135.0,0.0,0.0,1.0,8.0,259.0,10732.050000000017,1.0,193.0,7.0,2.0,2.0,17.0,37.0,4.0,37.0,41.0,116.0,128.0,74.0,66.0,23,2017-18,89.0,45.9
8315,N. de Jong,MF,1984-11-30,Bundesliga,741.0,11.0,332.0,284.0,0.0,0.0,1.0,4.0,62.0,2201.8499999999995,2.0,22.0,1.0,0.0,0.0,8.0,14.0,0.0,0.0,9.0,29.0,52.0,16.0,16.0,33,2017-18,85.5,57.1
18579,M. Halstenberg,DF,1991-09-27,Bundesliga,1180.0,15.0,565.0,453.0,2.0,1.0,6.0,25.0,81.0,3237.1500000000015,24.0,35.0,22.0,8.0,2.0,29.0,59.0,4.0,41.0,13.0,74.0,71.0,20.0,53.0,26,2017-18,80.2,49.2
282772,B. Embolo,FW,1997-02-14,Bundesliga,914.0,21.0,203.0,162.0,1.0,1.0,4.0,11.0,26.0,878.8499999999999,8.0,5.0,15.0,9.0,3.0,76.0,207.0,8.0,59.0,17.0,77.0,16.0,1.0,16.0,20,2017-18,79.8,36.7
221333,K. Demirbay,MF,1993-07-03,Bundesliga,1211.0,19.0,623.0,516.0,6.0,1.0,13.0,27.0,87.0,3659.2499999999986,19.0,48.0,22.0,4.0,2.0,63.0,120.0,15.0,28.0,27.0,150.0,65.0,13.0,15.0,24,2017-18,82.8,52.5
6292,K. Kodro,FW,1993-08-19,Bundesliga,227.0,8.0,55.0,45.0,0.0,0.0,0.0,3.0,1.0,77.69999999999999,2.0,4.0,2.0,1.0,0.0,4.0,12.0,0.0,11.0,2.0,5.0,3.0,0.0,8.0,24,2017-18,81.8,33.3
18581,F. Hübner,DF,1991-03-01,Bundesliga,322.0,5.0,155.0,133.0,0.0,0.0,0.0,0.0,27.0,1233.75,0.0,21.0,0.0,0.0,0.0,5.0,6.0,0.0,1.0,12.0,35.0,18.0,10.0,13.0,26,2017-18,85.8,83.3
493725,S. Asta,DF,2001-01-25,Bundesliga,10.0,1.0,4.0,3.0,0.0,0.0,0.0,0.0,0.0,0.0,0.0,0.0,0.0,0.0,0.0,0.0,0.0,0.0,0.0,0.0,2.0,1.0,0.0,0.0,16,2017-18,75.0,
159,J. Gouweleeuw,DF,1991-07-10,Bundesliga,2386.0,27.0,1098.0,898.0,1.0,0.0,3.0,17.0,287.0,11416.650000000007,13.0,245.0,14.0,2.0,0.0,32.0,51.0,5.0,42.0,64.0,219.0,156.0,64.0,72.0,26,2017-18,81.8,62.7
18591,J. Hofmann,MF,1992-07-14,Bundesliga,1027.0,23.0,377.0,277.0,3.0,1.0,9.0,28.0,44.0,1612.8,27.0,25.0,19.0,5.0,0.0,49.0,103.0,20.0,55.0,12.0,72.0,46.0,14.0,5.0,25,2017-18,73.5,47.6
282799,S. Posch,DF,1997-05-14,Bundesliga,757.0,9.0,462.0,404.0,0.0,0.0,0.0,5.0,97.0,3496.499999999999,7.0,63.0,2.0,1.0,0.0,6.0,17.0,6.0,6.0,22.0,94.0,53.0,22.0,16.0,20,2017-18,87.4,35.3
372915,A. Harit,MF,1997-06-18,Bundesliga,2052.0,31.0,732.0,612.0,12.0,4.0,16.0,54.0,75.0,3061.799999999998,33.0,9.0,24.0,10.0,3.0,236.0,420.0,50.0,84.0,31.0,142.0,63.0,4.0,10.0,20,2017-18,83.6,56.2
282804,K. Laimer,MF,1997-05-27,Bundesliga,1332.0,22.0,604.0,482.0,2.0,2.0,3.0,22.0,66.0,3091.2000000000016,15.0,47.0,5.0,0.0,0.0,40.0,90.0,8.0,29.0,32.0,185.0,78.0,18.0,19.0,20,2017-18,79.8,44.4
32959,P. Pekarík,DF,1986-10-30,Bundesliga,1380.0,17.0,603.0,489.0,6.0,2.0,4.0,17.0,99.0,3882.8999999999996,26.0,78.0,9.0,3.0,0.0,22.0,47.0,12.0,17.0,24.0,133.0,76.0,35.0,17.0,31,2017-18,81.1,46.8
221376,M. Steinmann,MF,1995-01-08,Bundesliga,599.0,8.0,384.0,331.0,1.0,0.0,0.0,3.0,38.0,1983.4500000000003,0.0,26.0,3.0,1.0,0.0,22.0,34.0,3.0,14.0,16.0,61.0,47.0,3.0,24.0,22,2017-18,86.2,64.7
209091,C. Tolisso,MF,1994-08-03,Bundesliga,1552.0,25.0,1218.0,1108.0,7.0,2.0,8.0,40.0,177.0,7311.15000000001,18.0,71.0,41.0,17.0,6.0,58.0,84.0,12.0,68.0,22.0,95.0,57.0,4.0,18.0,23,2017-18,91.0,69.0
20680,F. Sørensen,DF,1992-04-14,Bundesliga,2004.0,28.0,853.0,692.0,0.0,0.0,3.0,13.0,219.0,8006.250000000007,12.0,154.0,13.0,4.0,2.0,8.0,20.0,4.0,38.0,72.0,217.0,149.0,93.0,74.0,25,2017-18,81.1,40.0
258252,L. Klostermann,DF,1996-06-03,Bundesliga,2192.0,26.0,945.0,737.0,6.0,0.0,4.0,32.0,107.0,4376.400000000001,60.0,59.0,11.0,3.0,1.0,28.0,64.0,6.0,39.0,33.0,151.0,142.0,42.0,48.0,21,2017-18,78.0,43.8
258253,B. Henrichs,DF,1997-02-23,Bundesliga,1299.0,23.0,671.0,517.0,4.0,1.0,9.0,34.0,101.0,4151.700000000001,54.0,58.0,19.0,2.0,0.0,61.0,90.0,14.0,50.0,27.0,117.0,75.0,29.0,25.0,20,2017-18,77.0,67.8
143566,Douglas Santos,DF,1994-03-22,Bundesliga,2378.0,27.0,1102.0,834.0,6.0,0.0,10.0,50.0,212.0,7818.3000000000075,77.0,167.0,19.0,7.0,1.0,103.0,170.0,51.0,23.0,66.0,245.0,194.0,62.0,43.0,23,2017-18,75.7,60.6
258254,L. Waldschmidt,FW,1996-05-19,Bundesliga,813.0,20.0,223.0,166.0,2.0,0.0,10.0,15.0,25.0,1009.0500000000002,9.0,3.0,26.0,10.0,1.0,30.0,70.0,13.0,51.0,5.0,46.0,14.0,2.0,9.0,21,2017-18,74.4,42.9
20692,I. Belfodil,FW,1992-01-12,Bundesliga,1347.0,25.0,356.0,248.0,7.0,1.0,5.0,26.0,23.0,1111.9499999999996,43.0,6.0,39.0,22.0,4.0,94.0,231.0,12.0,186.0,8.0,67.0,19.0,10.0,82.0,25,2017-18,69.7,40.7
258264,L. Jović,FW,1997-12-23,Bundesliga,926.0,21.0,220.0,161.0,2.0,1.0,4.0,8.0,15.0,560.6999999999999,4.0,11.0,35.0,15.0,8.0,31.0,101.0,7.0,87.0,3.0,31.0,15.0,2.0,16.0,20,2017-18,73.2,30.7
391387,A. Barkok,MF,1998-05-21,Bundesliga,309.0,9.0,115.0,89.0,2.0,1.0,1.0,9.0,9.0,313.95000000000005,3.0,8.0,3.0,0.0,0.0,14.0,23.0,3.0,10.0,8.0,32.0,14.0,3.0,6.0,19,2017-18,77.4,60.9
20704,L. Caldirola,DF,1991-02-01,Bundesliga,90.0,1.0,29.0,20.0,0.0,0.0,0.0,0.0,2.0,93.45,0.0,6.0,0.0,0.0,0.0,0.0,0.0,0.0,0.0,4.0,8.0,5.0,2.0,2.0,26,2017-18,69.0,
16609,D. Blum,MF,1991-01-07,Bundesliga,27.0,2.0,11.0,7.0,0.0,0.0,1.0,1.0,1.0,16.8,0.0,1.0,2.0,1.0,1.0,1.0,5.0,0.0,3.0,0.0,3.0,0.0,0.0,0.0,27,2017-18,63.6,20.0
221411,P. Max,DF,1993-09-30,Bundesliga,2960.0,33.0,1164.0,844.0,16.0,10.0,6.0,92.0,185.0,7310.100000000001,177.0,212.0,20.0,7.0,2.0,35.0,67.0,14.0,22.0,43.0,216.0,111.0,54.0,31.0,24,2017-18,72.5,52.2
28907,Raphaël Guerreiro,DF,1993-12-22,Bundesliga,548.0,9.0,350.0,303.0,0.0,1.0,4.0,11.0,30.0,1359.75,12.0,13.0,9.0,6.0,1.0,25.0,53.0,5.0,20.0,6.0,27.0,19.0,9.0,1.0,24,2017-18,86.6,47.2
18669,J. Hector,DF,1990-05-27,Bundesliga,1761.0,20.0,907.0,759.0,3.0,1.0,2.0,33.0,89.0,4061.400000000003,27.0,60.0,12.0,3.0,2.0,55.0,119.0,3.0,59.0,37.0,147.0,139.0,44.0,58.0,27,2017-18,83.7,46.2
18670,L. Kübler,DF,1992-08-30,Bundesliga,1151.0,15.0,396.0,322.0,0.0,0.0,1.0,15.0,70.0,2714.2499999999986,15.0,55.0,4.0,1.0,0.0,21.0,40.0,4.0,7.0,15.0,92.0,88.0,37.0,27.0,25,2017-18,81.3,52.5
399599,A. Isak,FW,1999-09-21,Bundesliga,116.0,5.0,21.0,16.0,1.0,0.0,1.0,4.0,2.0,77.7,0.0,0.0,4.0,0.0,0.0,5.0,9.0,0.0,19.0,0.0,5.0,0.0,0.0,6.0,18,2017-18,76.2,55.6
20728,Jonathas,FW,1989-03-06,Bundesliga,635.0,12.0,128.0,90.0,1.0,2.0,3.0,11.0,8.0,383.2499999999999,9.0,6.0,14.0,9.0,3.0,28.0,84.0,1.0,48.0,1.0,19.0,8.0,2.0,35.0,28,2017-18,70.3,33.3
391425,R. Baku,MF,1998-04-08,Bundesliga,234.0,3.0,82.0,72.0,1.0,0.0,1.0,2.0,7.0,344.4000000000001,4.0,5.0,5.0,3.0,2.0,12.0,26.0,0.0,9.0,4.0,18.0,7.0,2.0,2.0,19,2017-18,87.8,46.2
221443,M. Gouaida,MF,1993-05-15,Bundesliga,59.0,1.0,24.0,20.0,0.0,0.0,0.0,0.0,0.0,24.150000000000006,1.0,0.0,0.0,0.0,0.0,4.0,5.0,0.0,1.0,0.0,4.0,3.0,2.0,1.0,24,2017-18,83.3,80.0
221452,V. Grifo,MF,1993-04-07,Bundesliga,780.0,15.0,378.0,299.0,7.0,3.0,10.0,31.0,50.0,1955.1000000000001,19.0,32.0,13.0,7.0,0.0,33.0,75.0,4.0,43.0,10.0,33.0,24.0,3.0,3.0,24,2017-18,79.1,44.0
391439,M. Shabani,MF,1999-03-15,Bundesliga,56.0,1.0,16.0,11.0,0.0,0.0,0.0,1.0,1.0,34.65,0.0,0.0,0.0,0.0,0.0,3.0,11.0,0.0,2.0,1.0,3.0,1.0,0.0,0.0,18,2017-18,68.8,27.3
18704,C. Mathenia,GK,1992-03-31,Bundesliga,2160.0,24.0,430.0,350.0,0.0,0.0,0.0,1.0,230.0,9882.600000000002,0.0,214.0,0.0,0.0,0.0,1.0,1.0,0.0,0.0,0.0,3.0,27.0,6.0,5.0,25,2017-18,81.4,100.0
391441,M. Friedl,DF,1998-03-16,Bundesliga,640.0,10.0,330.0,263.0,3.0,0.0,0.0,7.0,68.0,2404.4999999999995,17.0,36.0,5.0,1.0,0.0,18.0,41.0,3.0,3.0,10.0,54.0,44.0,15.0,10.0,19,2017-18,79.7,43.9
391449,K. Jakob,DF,1998-01-25,Bundesliga,141.0,2.0,44.0,34.0,0.0,0.0,0.0,2.0,15.0,681.45,4.0,12.0,1.0,0.0,0.0,1.0,4.0,0.0,2.0,1.0,6.0,5.0,0.0,2.0,19,2017-18,77.3,25.0
223516,R. Bauer,DF,1995-04-09,Bundesliga,949.0,13.0,429.0,336.0,0.0,0.0,0.0,8.0,102.0,3691.800000000001,16.0,67.0,2.0,0.0,0.0,12.0,21.0,4.0,1.0,21.0,91.0,54.0,16.0,12.0,22,2017-18,78.3,57.1
266532,E. Ofori,MF,1995-07-01,Bundesliga,9.0,1.0,8.0,6.0,0.0,0.0,0.0,0.0,1.0,35.699999999999996,0.0,0.0,0.0,0.0,0.0,1.0,1.0,0.0,0.0,0.0,3.0,1.0,0.0,0.0,22,2017-18,75.0,100.0
241957,J. Pollersbeck,GK,1994-08-16,Bundesliga,900.0,10.0,429.0,374.0,0.0,0.0,0.0,0.0,165.0,6978.300000000006,0.0,147.0,0.0,0.0,0.0,0.0,0.0,0.0,0.0,1.0,2.0,18.0,7.0,1.0,23,2017-18,87.2,
18728,S. Parker,FW,1993-03-07,Bundesliga,44.0,2.0,10.0,5.0,0.0,0.0,0.0,1.0,0.0,13.65,0.0,0.0,0.0,0.0,0.0,3.0,8.0,0.0,2.0,0.0,2.0,1.0,0.0,0.0,24,2017-18,50.0,37.5
241966,G. Jung,DF,1994-09-12,Bundesliga,2622.0,30.0,985.0,801.0,1.0,1.0,3.0,16.0,208.0,7597.800000000006,5.0,129.0,7.0,2.0,1.0,79.0,155.0,7.0,39.0,52.0,190.0,135.0,42.0,54.0,23,2017-18,81.3,51.0
471348,W. McKennie,MF,1998-08-28,Bundesliga,1202.0,22.0,474.0,354.0,1.0,0.0,6.0,18.0,56.0,2323.65,3.0,45.0,10.0,1.0,0.0,32.0,86.0,5.0,21.0,28.0,129.0,69.0,22.0,33.0,19,2017-18,74.7,37.2
223546,O. Wriedt,FW,1994-07-10,Bundesliga,22.0,1.0,7.0,2.0,0.0,0.0,0.0,0.0,0.0,7.3500000000000005,1.0,0.0,0.0,0.0,0.0,1.0,2.0,0.0,4.0,2.0,3.0,0.0,0.0,0.0,23,2017-18,28.6,50.0
223560,L. Öztunali,MF,1996-03-15,Bundesliga,1754.0,25.0,451.0,331.0,8.0,3.0,12.0,39.0,32.0,1385.9999999999998,35.0,18.0,26.0,8.0,0.0,108.0,281.0,37.0,74.0,17.0,90.0,41.0,2.0,19.0,21,2017-18,73.4,38.4
65880,André Ramalho,DF,1992-02-16,Bundesliga,31.0,3.0,16.0,13.0,0.0,0.0,0.0,0.0,5.0,183.74999999999997,0.0,2.0,0.0,0.0,0.0,0.0,0.0,0.0,0.0,3.0,6.0,1.0,1.0,0.0,25,2017-18,81.2,
8537,Dong-Won Ji,FW,1991-05-28,Bundesliga,17.0,3.0,5.0,3.0,0.0,0.0,0.0,0.0,0.0,0.0,1.0,0.0,0.0,0.0,0.0,1.0,1.0,0.0,0.0,1.0,4.0,2.0,1.0,0.0,26,2017-18,60.0,100.0
14687,S. Papastathopoulos,DF,1988-06-09,Bundesliga,2418.0,30.0,1760.0,1585.0,2.0,0.0,1.0,9.0,361.0,15097.949999999992,5.0,170.0,13.0,4.0,2.0,35.0,55.0,10.0,31.0,48.0,179.0,142.0,80.0,86.0,29,2017-18,90.1,63.6
14689,Naldo,DF,1982-09-10,Bundesliga,3060.0,34.0,1553.0,1392.0,1.0,1.0,2.0,8.0,271.0,11985.74999999999,0.0,162.0,42.0,20.0,7.0,29.0,49.0,0.0,120.0,44.0,151.0,235.0,100.0,190.0,35,2017-18,89.6,59.2
14692,P. Bargfrede,MF,1989-03-03,Bundesliga,1870.0,27.0,925.0,760.0,0.0,1.0,2.0,9.0,193.0,7369.950000000003,5.0,117.0,15.0,4.0,1.0,40.0,69.0,9.0,5.0,59.0,186.0,147.0,28.0,35.0,28,2017-18,82.2,58.0
14696,Z. Junuzović,MF,1987-09-26,Bundesliga,1634.0,24.0,673.0,515.0,10.0,2.0,11.0,57.0,100.0,3724.349999999999,37.0,58.0,38.0,10.0,2.0,40.0,98.0,17.0,69.0,17.0,112.0,40.0,8.0,13.0,30,2017-18,76.5,40.8
391530,C. Pulisic,MF,1998-09-18,Bundesliga,2310.0,32.0,853.0,657.0,12.0,7.0,14.0,70.0,49.0,2112.5999999999995,103.0,27.0,37.0,16.0,4.0,221.0,398.0,53.0,205.0,27.0,116.0,66.0,5.0,15.0,19,2017-18,77.0,55.5
14705,N. Füllkrug,FW,1993-02-09,Bundesliga,2386.0,34.0,601.0,418.0,10.0,3.0,4.0,32.0,39.0,1777.6500000000003,27.0,16.0,78.0,31.0,14.0,104.0,278.0,19.0,245.0,9.0,89.0,52.0,18.0,145.0,24,2017-18,69.6,37.4
14706,A. Hunt,MF,1986-09-04,Bundesliga,2165.0,29.0,941.0,749.0,11.0,1.0,20.0,61.0,119.0,4532.85,30.0,52.0,30.0,7.0,3.0,87.0,177.0,24.0,76.0,18.0,120.0,75.0,20.0,17.0,31,2017-18,79.6,49.2
14707,C. Pizarro,FW,1978-10-03,Bundesliga,572.0,16.0,209.0,163.0,0.0,1.0,4.0,18.0,16.0,842.0999999999999,2.0,11.0,15.0,4.0,1.0,40.0,86.0,1.0,55.0,8.0,22.0,18.0,5.0,18.0,39,2017-18,78.0,46.5
14712,M. Neuer,GK,1986-03-27,Bundesliga,270.0,3.0,76.0,66.0,0.0,0.0,0.0,0.0,40.0,1279.95,0.0,20.0,0.0,0.0,0.0,0.0,0.0,0.0,0.0,0.0,0.0,2.0,1.0,0.0,31,2017-18,86.8,
14715,H. Badstuber,DF,1989-03-13,Bundesliga,2171.0,27.0,1022.0,904.0,0.0,0.0,1.0,2.0,195.0,8051.399999999996,2.0,126.0,6.0,4.0,2.0,27.0,44.0,6.0,24.0,38.0,134.0,152.0,70.0,74.0,28,2017-18,88.5,61.4
14716,J. Boateng,DF,1988-09-03,Bundesliga,1644.0,19.0,1385.0,1212.0,6.0,2.0,3.0,31.0,346.0,13577.549999999968,18.0,231.0,11.0,3.0,1.0,10.0,19.0,0.0,17.0,22.0,82.0,91.0,29.0,36.0,29,2017-18,87.5,52.6
14718,Rafinha,DF,1985-09-07,Bundesliga,1843.0,27.0,1601.0,1435.0,11.0,3.0,7.0,45.0,222.0,8780.100000000011,63.0,80.0,7.0,3.0,1.0,40.0,65.0,26.0,21.0,31.0,114.0,92.0,18.0,25.0,32,2017-18,89.6,61.5
391551,F. Mayer,DF,1998-03-04,Bundesliga,18.0,1.0,7.0,7.0,0.0,0.0,0.0,0.0,1.0,49.35000000000001,0.0,0.0,0.0,0.0,0.0,1.0,1.0,0.0,1.0,1.0,2.0,1.0,0.0,1.0,19,2017-18,100.0,100.0
14724,D. Alaba,DF,1992-06-24,Bundesliga,1551.0,23.0,1161.0,1008.0,5.0,2.0,3.0,42.0,118.0,5213.250000000007,97.0,44.0,23.0,7.0,2.0,59.0,104.0,22.0,45.0,20.0,74.0,59.0,16.0,19.0,25,2017-18,86.8,56.7
14726,F. Ribéry,MF,1983-04-07,Bundesliga,1210.0,20.0,767.0,650.0,10.0,0.0,11.0,51.0,68.0,3000.9000000000015,31.0,31.0,20.0,10.0,5.0,121.0,215.0,33.0,90.0,11.0,54.0,20.0,5.0,3.0,34,2017-18,84.7,56.3
14727,A. Robben,MF,1984-01-23,Bundesliga,1518.0,21.0,753.0,640.0,8.0,3.0,19.0,87.0,70.0,3154.2000000000003,34.0,38.0,48.0,18.0,5.0,137.0,222.0,49.0,115.0,5.0,34.0,24.0,2.0,13.0,33,2017-18,85.0,61.7
135561,F. Grillitsch,MF,1995-08-07,Bundesliga,1892.0,25.0,986.0,843.0,6.0,1.0,6.0,31.0,157.0,6413.400000000003,15.0,101.0,18.0,6.0,1.0,75.0,133.0,16.0,24.0,65.0,202.0,125.0,18.0,37.0,22,2017-18,85.5,56.4
14731,M. Gómez,FW,1985-07-10,Bundesliga,2326.0,28.0,467.0,322.0,5.0,2.0,6.0,32.0,35.0,1376.55,26.0,17.0,54.0,21.0,9.0,78.0,194.0,4.0,179.0,15.0,75.0,51.0,24.0,110.0,32,2017-18,69.0,40.2
14732,T. Müller,FW,1989-09-13,Bundesliga,1998.0,29.0,958.0,723.0,19.0,13.0,11.0,90.0,71.0,2929.5000000000036,103.0,36.0,42.0,18.0,8.0,69.0,153.0,10.0,206.0,24.0,103.0,39.0,6.0,29.0,28,2017-18,75.5,45.1
20876,A. Ekdal,MF,1989-07-28,Bundesliga,1114.0,19.0,521.0,425.0,0.0,1.0,4.0,8.0,82.0,3065.999999999999,0.0,27.0,6.0,1.0,0.0,60.0,95.0,3.0,27.0,23.0,99.0,89.0,16.0,34.0,28,2017-18,81.6,63.2
14734,N. Petersen,FW,1988-12-06,Bundesliga,2264.0,32.0,497.0,348.0,11.0,1.0,6.0,36.0,33.0,1362.8999999999987,22.0,14.0,60.0,23.0,15.0,71.0,177.0,2.0,173.0,17.0,92.0,83.0,29.0,95.0,29,2017-18,70.0,40.1
14736,S. Ulreich,GK,1988-08-03,Bundesliga,2610.0,29.0,731.0,629.0,0.0,0.0,0.0,2.0,336.0,13279.350000000006,0.0,259.0,0.0,0.0,0.0,1.0,1.0,1.0,1.0,1.0,4.0,35.0,10.0,10.0,29,2017-18,86.0,100.0
4509,Omar Mascarell,MF,1993-02-02,Bundesliga,770.0,9.0,449.0,387.0,1.0,0.0,5.0,11.0,73.0,2838.15,4.0,47.0,4.0,2.0,1.0,21.0,37.0,1.0,3.0,12.0,58.0,35.0,3.0,17.0,24,2017-18,86.2,56.8
14749,G. Sakai,DF,1991-03-14,Bundesliga,2289.0,28.0,1130.0,898.0,4.0,0.0,12.0,36.0,219.0,8102.850000000004,41.0,154.0,17.0,5.0,0.0,95.0,172.0,15.0,30.0,42.0,203.0,135.0,31.0,37.0,26,2017-18,79.5,55.2
14754,C. Gentner,MF,1985-08-14,Bundesliga,2414.0,27.0,1202.0,898.0,8.0,2.0,11.0,48.0,171.0,6985.65,56.0,156.0,22.0,7.0,2.0,81.0,140.0,18.0,54.0,48.0,236.0,148.0,38.0,29.0,32,2017-18,74.7,57.9
82340,T. Gebre Selassie,DF,1986-12-24,Bundesliga,2828.0,32.0,1038.0,852.0,5.0,0.0,4.0,22.0,121.0,5756.099999999997,30.0,79.0,17.0,9.0,3.0,62.0,147.0,15.0,95.0,46.0,253.0,155.0,49.0,110.0,31,2017-18,82.1,42.2
14758,I. Traoré,MF,1988-04-21,Bundesliga,198.0,7.0,116.0,94.0,3.0,1.0,3.0,12.0,14.0,535.5,13.0,13.0,8.0,3.0,0.0,23.0,41.0,2.0,11.0,1.0,10.0,4.0,0.0,0.0,29,2017-18,81.0,56.1
14760,M. Harnik,FW,1987-06-10,Bundesliga,1889.0,30.0,522.0,371.0,4.0,1.0,8.0,23.0,40.0,1726.2,23.0,16.0,46.0,20.0,9.0,56.0,122.0,10.0,120.0,19.0,111.0,59.0,12.0,65.0,30,2017-18,71.1,45.9
520617,Y. Bisseck,DF,2000-11-29,Bundesliga,154.0,3.0,76.0,72.0,0.0,0.0,0.0,1.0,22.0,662.55,0.0,5.0,0.0,0.0,0.0,1.0,2.0,0.0,0.0,4.0,10.0,7.0,4.0,6.0,17,2017-18,94.7,50.0
14762,V. Ibišević,FW,1984-08-06,Bundesliga,1455.0,27.0,306.0,238.0,1.0,2.0,4.0,10.0,21.0,893.5499999999997,7.0,5.0,34.0,21.0,7.0,51.0,147.0,3.0,95.0,8.0,52.0,35.0,18.0,53.0,33,2017-18,77.8,34.7
14764,J. Schieber,FW,1989-02-13,Bundesliga,54.0,3.0,9.0,6.0,0.0,0.0,0.0,0.0,2.0,58.8,0.0,0.0,1.0,0.0,0.0,2.0,5.0,0.0,9.0,1.0,8.0,2.0,2.0,4.0,28,2017-18,66.7,40.0
14766,R. Adler,GK,1985-01-15,Bundesliga,1260.0,14.0,272.0,221.0,1.0,0.0,0.0,0.0,113.0,4977.000000000003,0.0,104.0,0.0,0.0,0.0,1.0,1.0,0.0,1.0,1.0,3.0,30.0,6.0,6.0,32,2017-18,81.2,100.0
14768,B. Leno,GK,1992-03-04,Bundesliga,2970.0,33.0,883.0,793.0,0.0,0.0,0.0,2.0,482.0,19890.149999999976,0.0,364.0,0.0,0.0,0.0,6.0,6.0,0.0,0.0,0.0,3.0,43.0,18.0,12.0,25,2017-18,89.8,100.0
14770,G. Castro,MF,1987-06-11,Bundesliga,1207.0,19.0,763.0,665.0,8.0,1.0,8.0,36.0,88.0,4019.400000000001,17.0,54.0,10.0,2.0,0.0,30.0,63.0,7.0,23.0,19.0,90.0,49.0,7.0,6.0,30,2017-18,87.2,47.6
391603,S. Ambrosius,DF,1998-12-18,Bundesliga,46.0,1.0,34.0,30.0,0.0,0.0,0.0,0.0,1.0,112.35000000000001,0.0,3.0,0.0,0.0,0.0,0.0,0.0,0.0,0.0,1.0,5.0,2.0,3.0,0.0,19,2017-18,88.2,
14772,D. da Costa,DF,1993-07-13,Bundesliga,1200.0,17.0,554.0,416.0,8.0,2.0,2.0,28.0,67.0,2860.1999999999985,46.0,39.0,10.0,2.0,1.0,24.0,52.0,7.0,40.0,27.0,110.0,72.0,19.0,21.0,24,2017-18,75.1,46.2
8628,F. Di Santo,FW,1989-04-07,Bundesliga,1665.0,30.0,425.0,305.0,4.0,1.0,7.0,26.0,21.0,990.1500000000002,37.0,14.0,26.0,14.0,3.0,49.0,130.0,9.0,96.0,11.0,93.0,40.0,16.0,51.0,28,2017-18,71.8,37.7
233910,A. Donis,FW,1996-08-29,Bundesliga,948.0,18.0,196.0,135.0,3.0,2.0,3.0,19.0,18.0,665.7,41.0,6.0,36.0,13.0,2.0,105.0,187.0,27.0,48.0,12.0,54.0,15.0,8.0,7.0,21,2017-18,68.9,56.1
14775,B. Oczipka,DF,1989-01-12,Bundesliga,2319.0,28.0,1027.0,782.0,10.0,0.0,3.0,49.0,162.0,5798.099999999999,81.0,112.0,15.0,3.0,0.0,133.0,249.0,22.0,25.0,33.0,143.0,119.0,21.0,16.0,28,2017-18,76.1,53.4
391606,T. Ito,MF,1997-06-26,Bundesliga,1011.0,20.0,365.0,289.0,3.0,2.0,11.0,43.0,40.0,1599.15,44.0,12.0,12.0,4.0,0.0,104.0,190.0,14.0,75.0,10.0,67.0,30.0,1.0,2.0,20,2017-18,79.2,54.7
16826,R. Khedira,MF,1994-01-27,Bundesliga,2279.0,30.0,820.0,651.0,3.0,1.0,5.0,17.0,130.0,5428.499999999997,13.0,114.0,12.0,6.0,1.0,31.0,64.0,3.0,51.0,44.0,192.0,168.0,51.0,60.0,23,2017-18,79.4,48.4
14778,Ö. Toprak,DF,1989-07-21,Bundesliga,2018.0,26.0,1732.0,1595.0,0.0,0.0,1.0,8.0,321.0,14221.200000000004,1.0,112.0,8.0,1.0,0.0,31.0,49.0,3.0,31.0,36.0,118.0,141.0,76.0,85.0,28,2017-18,92.1,63.3
94650,G. Haraguchi,MF,1991-05-09,Bundesliga,253.0,7.0,54.0,39.0,0.0,1.0,2.0,3.0,3.0,159.60000000000002,2.0,1.0,0.0,0.0,0.0,17.0,24.0,1.0,12.0,1.0,20.0,9.0,1.0,2.0,26,2017-18,72.2,70.8
14781,L. Bender,MF,1989-04-27,Bundesliga,1601.0,21.0,824.0,674.0,4.0,3.0,4.0,29.0,130.0,4991.700000000001,36.0,68.0,19.0,6.0,2.0,47.0,79.0,3.0,44.0,47.0,148.0,96.0,28.0,34.0,28,2017-18,81.8,59.5
14786,K. Bellarabi,MF,1990-04-08,Bundesliga,1146.0,24.0,509.0,385.0,8.0,3.0,9.0,50.0,37.0,1811.2500000000002,70.0,18.0,40.0,16.0,1.0,104.0,177.0,23.0,66.0,19.0,79.0,40.0,3.0,2.0,27,2017-18,75.6,58.8
328131,C. Akolo,FW,1995-04-01,Bundesliga,1102.0,21.0,291.0,230.0,8.0,0.0,7.0,23.0,26.0,1173.9,20.0,6.0,29.0,14.0,5.0,49.0,129.0,11.0,56.0,12.0,61.0,25.0,2.0,12.0,22,2017-18,79.0,38.0
14788,S. Kießling,FW,1984-01-25,Bundesliga,77.0,8.0,20.0,14.0,0.0,0.0,0.0,1.0,0.0,36.75000000000001,0.0,0.0,3.0,0.0,0.0,6.0,11.0,1.0,15.0,2.0,5.0,4.0,1.0,8.0,33,2017-18,70.0,54.5
14789,A. Schürrle,FW,1990-11-06,Bundesliga,1232.0,18.0,506.0,394.0,7.0,3.0,10.0,47.0,37.0,1752.4499999999994,52.0,18.0,33.0,10.0,1.0,68.0,136.0,25.0,84.0,9.0,53.0,29.0,5.0,19.0,27,2017-18,77.9,50.0
20932,M. Nastasić,DF,1993-03-28,Bundesliga,2001.0,23.0,1097.0,993.0,0.0,0.0,3.0,5.0,272.0,10375.050000000008,0.0,153.0,6.0,1.0,0.0,8.0,13.0,2.0,22.0,44.0,165.0,113.0,60.0,45.0,24,2017-18,90.5,61.5
14794,R. Weidenfeller,GK,1980-08-06,Bundesliga,90.0,1.0,28.0,22.0,0.0,0.0,0.0,0.0,12.0,531.3000000000001,0.0,13.0,0.0,0.0,0.0,0.0,0.0,0.0,0.0,0.0,0.0,1.0,0.0,0.0,37,2017-18,78.6,
14795,M. Hummels,DF,1988-12-16,Bundesliga,2213.0,26.0,1929.0,1732.0,2.0,0.0,6.0,20.0,489.0,18710.999999999993,8.0,189.0,23.0,5.0,1.0,27.0,49.0,6.0,76.0,63.0,156.0,147.0,35.0,83.0,29,2017-18,89.8,55.1
16843,D. Heintz,DF,1993-08-15,Bundesliga,2790.0,31.0,1444.0,1228.0,3.0,0.0,5.0,24.0,385.0,14556.15000000002,22.0,249.0,9.0,4.0,1.0,41.0,75.0,5.0,30.0,75.0,263.0,188.0,76.0,54.0,24,2017-18,85.0,54.7
14798,Ł. Piszczek,DF,1985-06-03,Bundesliga,2140.0,24.0,1312.0,1077.0,6.0,3.0,5.0,37.0,171.0,6969.9000000000015,67.0,74.0,17.0,6.0,0.0,56.0,101.0,22.0,61.0,43.0,167.0,161.0,46.0,74.0,32,2017-18,82.1,55.4
70096,J. Rodríguez,MF,1991-07-12,Bundesliga,1626.0,23.0,1446.0,1282.0,13.0,8.0,13.0,58.0,177.0,7716.450000000003,55.0,96.0,39.0,15.0,7.0,82.0,160.0,14.0,70.0,17.0,89.0,44.0,3.0,5.0,26,2017-18,88.7,51.2
14800,M. Schmelzer,DF,1988-01-22,Bundesliga,1493.0,18.0,1076.0,905.0,1.0,0.0,1.0,21.0,153.0,6731.550000000004,36.0,80.0,4.0,1.0,0.0,35.0,56.0,14.0,20.0,36.0,138.0,122.0,48.0,44.0,29,2017-18,84.1,62.5
14802,M. Bakalorz,MF,1989-09-13,Bundesliga,2054.0,28.0,587.0,432.0,5.0,1.0,4.0,21.0,74.0,3149.999999999999,17.0,61.0,20.0,5.0,0.0,86.0,167.0,15.0,40.0,29.0,139.0,118.0,26.0,40.0,28,2017-18,73.6,51.5
14803,S. Bender,DF,1989-04-27,Bundesliga,2349.0,29.0,1473.0,1331.0,0.0,0.0,3.0,6.0,282.0,12584.24999999998,1.0,142.0,13.0,6.0,2.0,20.0,30.0,4.0,62.0,49.0,177.0,175.0,84.0,93.0,28,2017-18,90.4,66.7
14804,J. Błaszczykowski,MF,1985-12-14,Bundesliga,519.0,9.0,189.0,144.0,5.0,0.0,0.0,10.0,20.0,812.6999999999997,20.0,14.0,1.0,1.0,1.0,24.0,52.0,3.0,19.0,9.0,35.0,20.0,2.0,9.0,32,2017-18,76.2,46.2
14801,N. Subotić,DF,1988-12-10,Ligue 1,1710.0,19.0,1056.0,941.0,1.0,0.0,2.0,5.0,209.0,8763.300000000007,2.0,127.0,6.0,3.0,2.0,12.0,16.0,0.0,22.0,31.0,103.0,98.0,51.0,56.0,29,2017-18,89.1,75.0
14806,M. Götze,MF,1992-06-03,Bundesliga,1606.0,23.0,959.0,798.0,16.0,2.0,14.0,67.0,92.0,4305.000000000006,31.0,62.0,21.0,8.0,2.0,84.0,185.0,17.0,75.0,34.0,129.0,45.0,4.0,9.0,25,2017-18,83.2,45.4
86489,L. Alario,FW,1992-10-08,Bundesliga,1601.0,23.0,343.0,278.0,2.0,4.0,1.0,18.0,18.0,977.5500000000002,10.0,4.0,52.0,21.0,9.0,80.0,215.0,6.0,151.0,9.0,54.0,34.0,12.0,47.0,25,2017-18,81.0,37.2
391643,P. Jaeckel,DF,1998-07-22,Bundesliga,270.0,3.0,136.0,114.0,2.0,0.0,0.0,5.0,21.0,864.1500000000001,3.0,18.0,2.0,0.0,0.0,2.0,4.0,1.0,3.0,5.0,15.0,20.0,4.0,12.0,19,2017-18,83.8,50.0
14816,S. Kagawa,MF,1989-03-17,Bundesliga,1166.0,19.0,711.0,621.0,4.0,2.0,12.0,44.0,77.0,3771.6,15.0,47.0,23.0,8.0,5.0,46.0,99.0,11.0,59.0,20.0,58.0,17.0,3.0,4.0,28,2017-18,87.3,46.5
14817,R. Lewandowski,FW,1988-08-21,Bundesliga,2170.0,30.0,556.0,447.0,4.0,1.0,9.0,35.0,38.0,1885.7999999999995,22.0,10.0,118.0,53.0,29.0,119.0,266.0,19.0,314.0,3.0,36.0,24.0,5.0,58.0,29,2017-18,80.4,44.7
14821,M. Esser,GK,1987-11-22,Bundesliga,270.0,3.0,81.0,78.0,0.0,0.0,0.0,0.0,50.0,2012.8500000000004,0.0,36.0,0.0,0.0,0.0,0.0,0.0,0.0,0.0,0.0,1.0,4.0,0.0,2.0,30,2017-18,96.3,
14822,A. Luthe,GK,1987-03-10,Bundesliga,180.0,2.0,59.0,55.0,0.0,0.0,0.0,0.0,24.0,1017.4499999999997,0.0,16.0,0.0,0.0,0.0,0.0,0.0,0.0,0.0,0.0,0.0,6.0,3.0,1.0,30,2017-18,93.2,
51689,B. Hrgota,FW,1993-01-12,Bundesliga,194.0,6.0,45.0,31.0,0.0,0.0,1.0,2.0,5.0,138.60000000000002,4.0,1.0,2.0,2.0,0.0,7.0,19.0,0.0,14.0,3.0,17.0,4.0,1.0,1.0,24,2017-18,68.9,36.8
16884,J. Korb,DF,1992-03-21,Bundesliga,2343.0,28.0,897.0,636.0,8.0,1.0,5.0,43.0,180.0,6670.650000000003,79.0,153.0,11.0,5.0,1.0,29.0,58.0,13.0,28.0,34.0,229.0,117.0,44.0,16.0,25,2017-18,70.9,50.0
86517,P. De Blasis,FW,1988-02-04,Bundesliga,1654.0,25.0,691.0,519.0,6.0,2.0,12.0,31.0,83.0,3094.35,26.0,68.0,28.0,12.0,5.0,56.0,164.0,11.0,98.0,20.0,112.0,64.0,21.0,33.0,29,2017-18,75.1,34.1
14838,C. Kramer,MF,1991-02-19,Bundesliga,2160.0,27.0,1419.0,1267.0,3.0,0.0,10.0,18.0,176.0,8082.90000000001,8.0,118.0,9.0,4.0,3.0,81.0,152.0,12.0,25.0,58.0,221.0,113.0,25.0,25.0,26,2017-18,89.3,53.3
14842,K. Vogt,DF,1991-09-23,Bundesliga,2790.0,31.0,2125.0,1928.0,0.0,1.0,6.0,21.0,525.0,19827.14999999997,1.0,220.0,4.0,0.0,0.0,27.0,49.0,5.0,11.0,45.0,172.0,186.0,86.0,42.0,26,2017-18,90.7,55.1
70139,E. Insúa,DF,1989-01-07,Bundesliga,2107.0,25.0,836.0,610.0,6.0,2.0,3.0,41.0,90.0,3903.9000000000005,91.0,111.0,9.0,3.0,0.0,87.0,178.0,20.0,31.0,36.0,156.0,121.0,21.0,24.0,29,2017-18,73.0,48.9
14845,D. Ginczek,FW,1991-04-13,Bundesliga,1530.0,23.0,284.0,201.0,3.0,0.0,3.0,25.0,18.0,986.9999999999997,11.0,15.0,42.0,20.0,7.0,52.0,159.0,5.0,142.0,4.0,64.0,28.0,9.0,50.0,26,2017-18,70.8,32.7
14847,R. Fährmann,GK,1988-09-27,Bundesliga,3016.0,34.0,581.0,502.0,0.0,0.0,0.0,0.0,277.0,11789.400000000003,0.0,262.0,0.0,0.0,0.0,3.0,4.0,0.0,0.0,1.0,5.0,45.0,11.0,19.0,29,2017-18,86.4,75.0
14857,K. Papadopoulos,DF,1992-02-23,Bundesliga,2610.0,29.0,1058.0,846.0,0.0,1.0,1.0,9.0,252.0,10074.75,0.0,179.0,19.0,6.0,1.0,26.0,37.0,0.0,94.0,53.0,183.0,214.0,111.0,138.0,25,2017-18,80.0,70.3
14863,M. Höger,MF,1989-09-16,Bundesliga,1677.0,23.0,1065.0,919.0,1.0,0.0,8.0,15.0,189.0,7452.900000000004,10.0,84.0,8.0,0.0,0.0,55.0,102.0,8.0,19.0,41.0,159.0,97.0,22.0,55.0,28,2017-18,86.3,53.9
14864,L. Holtby,MF,1990-09-18,Bundesliga,1196.0,15.0,524.0,416.0,4.0,0.0,11.0,32.0,79.0,2990.3999999999996,20.0,51.0,21.0,9.0,6.0,55.0,111.0,6.0,56.0,14.0,93.0,41.0,9.0,15.0,27,2017-18,79.4,49.5
18974,J. Brooks,DF,1993-01-28,Bundesliga,729.0,9.0,339.0,304.0,0.0,0.0,0.0,1.0,72.0,2703.7500000000005,0.0,34.0,2.0,0.0,0.0,12.0,17.0,0.0,7.0,14.0,46.0,51.0,26.0,16.0,24,2017-18,89.7,70.6
360992,D. Zakaria,MF,1996-11-20,Bundesliga,2307.0,30.0,955.0,880.0,2.0,0.0,5.0,16.0,101.0,5054.699999999999,7.0,28.0,19.0,4.0,2.0,94.0,188.0,14.0,36.0,51.0,225.0,124.0,25.0,20.0,21,2017-18,92.1,50.0
14885,D. Aogo,DF,1987-01-14,Bundesliga,1957.0,29.0,1004.0,869.0,5.0,3.0,5.0,31.0,118.0,4724.999999999998,49.0,98.0,14.0,1.0,0.0,25.0,41.0,3.0,25.0,17.0,116.0,94.0,29.0,15.0,30,2017-18,86.6,61.0
18982,N. Schulz,MF,1993-04-01,Bundesliga,1774.0,27.0,859.0,642.0,11.0,1.0,6.0,60.0,89.0,3700.2000000000007,107.0,57.0,15.0,7.0,1.0,99.0,164.0,48.0,68.0,26.0,127.0,72.0,13.0,15.0,24,2017-18,74.7,60.4
14887,J. Bruma,DF,1991-11-13,Bundesliga,990.0,11.0,584.0,531.0,0.0,0.0,0.0,5.0,110.0,4753.35,1.0,61.0,2.0,1.0,0.0,3.0,11.0,0.0,10.0,16.0,67.0,53.0,27.0,35.0,26,2017-18,90.9,27.3
356903,S. Özcan,MF,1998-01-11,Bundesliga,1671.0,23.0,816.0,682.0,3.0,1.0,4.0,27.0,93.0,4210.500000000003,6.0,39.0,15.0,3.0,0.0,57.0,100.0,10.0,46.0,39.0,202.0,97.0,19.0,75.0,19,2017-18,83.6,57.0
14888,D. Diekmeier,DF,1989-10-20,Bundesliga,1870.0,22.0,610.0,412.0,4.0,1.0,2.0,45.0,113.0,4187.400000000001,94.0,87.0,4.0,2.0,0.0,71.0,118.0,22.0,33.0,21.0,104.0,74.0,32.0,25.0,28,2017-18,67.5,60.2
356906,F. Passlack,MF,1998-05-29,Bundesliga,74.0,3.0,43.0,40.0,1.0,0.0,1.0,2.0,6.0,266.7,1.0,3.0,0.0,0.0,0.0,0.0,0.0,0.0,1.0,4.0,10.0,3.0,2.0,1.0,19,2017-18,93.0,
94764,Y. Muto,FW,1992-07-15,Bundesliga,1904.0,27.0,291.0,223.0,5.0,2.0,2.0,17.0,19.0,669.8999999999997,10.0,3.0,37.0,19.0,8.0,92.0,223.0,13.0,117.0,10.0,83.0,28.0,7.0,33.0,25,2017-18,76.6,41.3
356908,D. Burnic,MF,1998-05-22,Bundesliga,381.0,6.0,262.0,237.0,0.0,0.0,1.0,5.0,26.0,991.2000000000003,4.0,10.0,7.0,0.0,0.0,3.0,9.0,2.0,1.0,5.0,34.0,7.0,0.0,0.0,19,2017-18,90.5,33.3
14900,G. Kačar,MF,1987-01-26,Bundesliga,226.0,3.0,67.0,52.0,0.0,0.0,0.0,0.0,12.0,549.1500000000001,1.0,11.0,3.0,2.0,1.0,3.0,3.0,2.0,10.0,8.0,27.0,12.0,4.0,11.0,30,2017-18,77.6,100.0
82487,P. Kadeřábek,DF,1992-04-25,Bundesliga,2198.0,28.0,832.0,614.0,4.0,3.0,0.0,39.0,98.0,3641.399999999999,98.0,82.0,23.0,6.0,2.0,50.0,82.0,34.0,82.0,34.0,199.0,90.0,26.0,57.0,25,2017-18,73.8,61.0
14905,P. Skjelbred,MF,1987-06-16,Bundesliga,2182.0,28.0,1072.0,929.0,2.0,0.0,4.0,11.0,125.0,5996.550000000008,6.0,64.0,6.0,2.0,0.0,37.0,61.0,12.0,6.0,49.0,206.0,106.0,17.0,18.0,30,2017-18,86.7,60.7
356928,T. Handwerker,DF,1998-05-19,Bundesliga,391.0,11.0,136.0,95.0,1.0,1.0,0.0,8.0,12.0,591.1500000000002,22.0,10.0,8.0,4.0,0.0,21.0,32.0,5.0,17.0,3.0,26.0,7.0,6.0,4.0,19,2017-18,69.9,65.6
14914,M. Hitz,GK,1987-09-18,Bundesliga,2790.0,31.0,702.0,606.0,0.0,0.0,0.0,0.0,368.0,15499.049999999994,0.0,304.0,1.0,0.0,0.0,0.0,0.0,0.0,3.0,1.0,5.0,40.0,10.0,14.0,30,2017-18,86.3,
14917,R. Knoche,DF,1992-05-22,Bundesliga,2104.0,24.0,1336.0,1190.0,0.0,0.0,0.0,3.0,291.0,11519.549999999996,2.0,142.0,4.0,1.0,1.0,19.0,30.0,5.0,26.0,41.0,134.0,142.0,56.0,69.0,25,2017-18,89.1,63.3
14923,M. Russ,DF,1985-08-04,Bundesliga,1141.0,18.0,540.0,456.0,0.0,0.0,1.0,5.0,147.0,4964.400000000005,0.0,69.0,6.0,4.0,1.0,7.0,17.0,5.0,22.0,23.0,71.0,96.0,38.0,66.0,32,2017-18,84.4,41.2
14929,M. Hasebe,MF,1984-01-18,Bundesliga,2100.0,24.0,1105.0,985.0,0.0,0.0,2.0,10.0,187.0,7744.800000000005,4.0,116.0,2.0,1.0,0.0,38.0,51.0,2.0,1.0,35.0,129.0,148.0,37.0,20.0,33,2017-18,89.1,74.5
14932,S. Medojević,MF,1990-11-20,Bundesliga,28.0,1.0,12.0,9.0,0.0,0.0,0.0,0.0,1.0,48.300000000000004,1.0,0.0,0.0,0.0,0.0,0.0,0.0,0.0,0.0,0.0,1.0,4.0,1.0,1.0,27,2017-18,75.0,
82518,V. Darida,MF,1990-08-08,Bundesliga,1638.0,21.0,949.0,764.0,5.0,2.0,12.0,24.0,118.0,4950.750000000001,21.0,93.0,24.0,8.0,0.0,62.0,123.0,13.0,33.0,26.0,124.0,81.0,15.0,16.0,27,2017-18,80.5,50.4
14938,M. Arnold,MF,1994-05-27,Bundesliga,2533.0,29.0,1242.0,1056.0,3.0,0.0,12.0,32.0,195.0,7511.700000000005,23.0,143.0,35.0,10.0,2.0,93.0,151.0,6.0,20.0,45.0,188.0,105.0,26.0,29.0,23,2017-18,85.0,61.6
373350,R. Hack,MF,1998-08-27,Bundesliga,67.0,3.0,16.0,10.0,1.0,0.0,0.0,3.0,1.0,51.45,3.0,1.0,1.0,1.0,1.0,3.0,7.0,0.0,2.0,2.0,9.0,3.0,2.0,1.0,19,2017-18,62.5,42.9
135788,J. Elez,DF,1994-04-25,Bundesliga,778.0,10.0,348.0,290.0,0.0,0.0,0.0,4.0,81.0,3067.05,4.0,74.0,0.0,0.0,0.0,4.0,7.0,2.0,3.0,23.0,65.0,55.0,21.0,17.0,23,2017-18,83.3,57.1
94831,Y. Ōsako,FW,1990-05-18,Bundesliga,1904.0,25.0,581.0,438.0,6.0,2.0,12.0,39.0,70.0,3058.650000000001,29.0,42.0,35.0,15.0,4.0,119.0,261.0,10.0,113.0,13.0,67.0,39.0,14.0,26.0,27,2017-18,75.4,45.6
135810,M. Pjaca,FW,1995-05-06,Bundesliga,258.0,7.0,60.0,41.0,0.0,0.0,1.0,4.0,3.0,130.2,1.0,2.0,6.0,4.0,2.0,21.0,43.0,3.0,13.0,2.0,18.0,4.0,1.0,2.0,22,2017-18,68.3,48.8
14979,O. Baumann,GK,1990-06-02,Bundesliga,3060.0,34.0,1048.0,884.0,0.0,0.0,0.0,0.0,464.0,19032.30000000002,0.0,384.0,0.0,0.0,0.0,2.0,2.0,0.0,0.0,0.0,2.0,49.0,11.0,11.0,27,2017-18,84.4,100.0
14988,O. Sorg,DF,1990-05-29,Bundesliga,1690.0,22.0,666.0,490.0,4.0,1.0,1.0,19.0,125.0,4686.150000000003,28.0,160.0,6.0,0.0,0.0,30.0,54.0,5.0,4.0,40.0,183.0,111.0,42.0,19.0,27,2017-18,73.6,55.6
14989,D. Caligiuri,MF,1988-01-15,Bundesliga,2917.0,33.0,1263.0,931.0,7.0,3.0,14.0,44.0,225.0,7949.550000000002,80.0,196.0,34.0,19.0,6.0,182.0,317.0,48.0,83.0,68.0,324.0,193.0,36.0,35.0,29,2017-18,73.7,57.4
55951,L. Hradecky,GK,1989-11-24,Bundesliga,3060.0,34.0,885.0,775.0,0.0,0.0,0.0,1.0,468.0,19819.79999999998,0.0,376.0,0.0,0.0,0.0,0.0,0.0,0.0,0.0,0.0,4.0,75.0,17.0,11.0,28,2017-18,87.6,
14991,M. Ginter,DF,1994-01-19,Bundesliga,3060.0,34.0,1922.0,1732.0,1.0,0.0,4.0,16.0,373.0,14868.000000000004,3.0,210.0,24.0,11.0,5.0,35.0,55.0,3.0,63.0,42.0,155.0,164.0,81.0,93.0,23,2017-18,90.1,63.6
14992,K. Guédé,FW,1985-01-07,Bundesliga,60.0,2.0,10.0,4.0,0.0,0.0,0.0,0.0,1.0,16.8,0.0,0.0,0.0,0.0,0.0,4.0,6.0,0.0,0.0,0.0,3.0,1.0,0.0,1.0,33,2017-18,40.0,66.7
14997,J. Schmid,MF,1990-06-26,Bundesliga,1467.0,25.0,448.0,345.0,6.0,0.0,2.0,17.0,51.0,2216.5500000000006,40.0,43.0,23.0,6.0,0.0,42.0,87.0,5.0,44.0,15.0,99.0,65.0,15.0,23.0,27,2017-18,77.0,48.3
14998,J. Schuster,MF,1985-04-15,Bundesliga,1310.0,18.0,618.0,552.0,1.0,0.0,2.0,8.0,131.0,5240.550000000004,9.0,63.0,13.0,1.0,0.0,5.0,15.0,1.0,4.0,14.0,60.0,85.0,49.0,21.0,32,2017-18,89.3,33.3
35477,J. Pohjanpalo,FW,1994-09-13,Bundesliga,109.0,7.0,13.0,11.0,0.0,0.0,0.0,1.0,0.0,39.900000000000006,0.0,0.0,5.0,3.0,1.0,2.0,6.0,0.0,8.0,1.0,4.0,3.0,2.0,5.0,23,2017-18,84.6,33.3
15012,H. Nordtveit,MF,1990-06-21,Bundesliga,965.0,15.0,546.0,494.0,0.0,0.0,1.0,5.0,133.0,4806.9,1.0,58.0,6.0,4.0,0.0,14.0,20.0,1.0,8.0,8.0,61.0,73.0,32.0,13.0,27,2017-18,90.5,70.0
340646,B. Pavard,DF,1996-03-28,Bundesliga,3060.0,34.0,1797.0,1546.0,3.0,0.0,6.0,12.0,307.0,12822.59999999998,17.0,227.0,10.0,2.0,1.0,33.0,67.0,2.0,48.0,68.0,235.0,237.0,110.0,120.0,21,2017-18,86.0,49.3
15015,M. Zimmermann,MF,1992-06-16,Bundesliga,77.0,3.0,33.0,25.0,0.0,0.0,0.0,0.0,5.0,179.55,2.0,5.0,1.0,0.0,0.0,0.0,2.0,0.0,3.0,3.0,9.0,4.0,3.0,1.0,25,2017-18,75.8,0.0
15014,O. Wendt,DF,1985-10-24,Bundesliga,2461.0,28.0,1099.0,878.0,5.0,0.0,4.0,35.0,154.0,6040.650000000004,63.0,123.0,16.0,5.0,1.0,30.0,50.0,7.0,37.0,39.0,185.0,118.0,48.0,22.0,32,2017-18,79.9,60.0
15018,P. Herrmann,MF,1991-02-12,Bundesliga,1129.0,23.0,357.0,250.0,5.0,1.0,4.0,21.0,36.0,1364.9999999999998,47.0,24.0,18.0,7.0,0.0,36.0,72.0,9.0,55.0,19.0,101.0,44.0,6.0,12.0,26,2017-18,70.0,50.0
15019,T. Jantschke,DF,1990-04-07,Bundesliga,761.0,13.0,336.0,241.0,0.0,1.0,4.0,2.0,67.0,2342.5499999999993,12.0,40.0,1.0,0.0,0.0,14.0,25.0,3.0,6.0,9.0,45.0,26.0,9.0,22.0,27,2017-18,71.7,56.0
15020,M. Leckie,FW,1991-02-04,Bundesliga,1849.0,26.0,673.0,525.0,8.0,1.0,7.0,24.0,61.0,2619.750000000002,38.0,40.0,22.0,8.0,5.0,111.0,244.0,16.0,102.0,24.0,142.0,80.0,21.0,100.0,26,2017-18,78.0,45.5
15024,M. Reus,FW,1989-05-31,Bundesliga,936.0,11.0,342.0,272.0,8.0,0.0,10.0,26.0,36.0,1374.4500000000003,11.0,13.0,30.0,14.0,7.0,49.0,85.0,7.0,67.0,11.0,44.0,33.0,11.0,2.0,28,2017-18,79.5,57.6
275121,J. Torunarigha,DF,1997-08-07,Bundesliga,741.0,11.0,329.0,274.0,0.0,0.0,0.0,0.0,61.0,2607.1499999999996,0.0,72.0,2.0,1.0,1.0,7.0,10.0,2.0,7.0,31.0,90.0,48.0,28.0,24.0,20,2017-18,83.3,70.0
354997,S. Córdova,FW,1997-01-10,Bundesliga,568.0,25.0,131.0,101.0,2.0,0.0,1.0,7.0,7.0,442.0499999999999,9.0,3.0,14.0,6.0,2.0,38.0,103.0,6.0,46.0,6.0,31.0,13.0,5.0,17.0,20,2017-18,77.1,36.9
55990,T. Delaney,MF,1991-09-03,Bundesliga,2797.0,32.0,1170.0,893.0,10.0,2.0,8.0,43.0,161.0,6731.550000000001,39.0,165.0,45.0,13.0,3.0,78.0,162.0,10.0,118.0,71.0,276.0,172.0,51.0,114.0,26,2017-18,76.3,48.1
15032,R. Zieler,GK,1989-02-12,Bundesliga,3060.0,34.0,853.0,706.0,0.0,0.0,0.0,0.0,471.0,20821.499999999975,0.0,482.0,0.0,0.0,0.0,5.0,5.0,0.0,1.0,1.0,4.0,63.0,9.0,14.0,28,2017-18,82.8,100.0
254649,T. Asano,FW,1994-11-10,Bundesliga,719.0,15.0,168.0,137.0,4.0,0.0,6.0,15.0,19.0,724.5000000000002,14.0,5.0,18.0,5.0,1.0,37.0,100.0,7.0,53.0,6.0,30.0,15.0,2.0,9.0,23,2017-18,81.5,37.0
49855,Y. Sommer,GK,1988-12-17,Bundesliga,2627.0,30.0,896.0,787.0,0.0,0.0,0.0,3.0,398.0,16270.799999999992,0.0,322.0,0.0,0.0,0.0,1.0,1.0,0.0,0.0,0.0,1.0,39.0,14.0,12.0,29,2017-18,87.8,100.0
49856,D. Abraham,DF,1986-07-15,Bundesliga,2304.0,27.0,1234.0,1058.0,1.0,2.0,1.0,5.0,258.0,10551.450000000008,7.0,193.0,6.0,1.0,0.0,22.0,35.0,8.0,30.0,37.0,146.0,168.0,73.0,104.0,31,2017-18,85.7,62.9
15039,K. Rausch,DF,1990-03-15,Bundesliga,927.0,12.0,393.0,285.0,0.0,1.0,3.0,11.0,57.0,2357.249999999999,47.0,26.0,13.0,2.0,0.0,17.0,30.0,7.0,10.0,16.0,70.0,58.0,20.0,13.0,27,2017-18,72.5,56.7
127685,M. Jojić,MF,1992-03-19,Bundesliga,1463.0,25.0,572.0,467.0,8.0,3.0,16.0,36.0,64.0,2579.8500000000004,23.0,33.0,41.0,12.0,2.0,60.0,138.0,14.0,32.0,23.0,121.0,64.0,10.0,21.0,25,2017-18,81.6,43.5
15050,M. Schmiedebach,MF,1988-12-05,Bundesliga,163.0,5.0,70.0,48.0,1.0,0.0,1.0,2.0,8.0,378.0000000000001,2.0,14.0,0.0,0.0,0.0,1.0,6.0,0.0,1.0,3.0,23.0,12.0,2.0,1.0,29,2017-18,68.6,16.7
15051,L. Stindl,FW,1988-08-26,Bundesliga,2731.0,31.0,1511.0,1285.0,13.0,2.0,31.0,74.0,168.0,7299.599999999996,18.0,55.0,71.0,27.0,6.0,148.0,333.0,8.0,172.0,41.0,179.0,104.0,23.0,51.0,29,2017-18,85.0,44.4
49869,F. Frei,MF,1989-01-08,Bundesliga,806.0,11.0,401.0,332.0,1.0,0.0,3.0,6.0,63.0,2517.8999999999996,1.0,53.0,9.0,4.0,1.0,9.0,22.0,0.0,8.0,12.0,58.0,34.0,10.0,9.0,29,2017-18,82.8,40.9
49873,V. Stocker,MF,1989-04-12,Bundesliga,49.0,3.0,14.0,11.0,0.0,0.0,0.0,0.0,1.0,50.4,0.0,0.0,3.0,2.0,0.0,4.0,8.0,1.0,4.0,1.0,6.0,3.0,1.0,3.0,28,2017-18,78.6,50.0
15061,T. Sippel,GK,1988-03-22,Bundesliga,433.0,5.0,138.0,115.0,0.0,0.0,0.0,0.0,66.0,2806.6500000000005,0.0,52.0,0.0,0.0,0.0,1.0,2.0,0.0,0.0,1.0,2.0,6.0,5.0,0.0,29,2017-18,83.3,50.0
49883,Y. Mvogo,GK,1994-06-06,Bundesliga,90.0,1.0,31.0,28.0,0.0,0.0,0.0,0.0,17.0,597.4500000000002,0.0,10.0,0.0,0.0,0.0,1.0,1.0,0.0,0.0,0.0,0.0,2.0,0.0,0.0,23,2017-18,90.3,100.0
352988,D. Upamecano,DF,1998-10-27,Bundesliga,2265.0,28.0,1355.0,1170.0,1.0,0.0,1.0,10.0,307.0,12382.649999999998,0.0,127.0,9.0,6.0,3.0,41.0,87.0,8.0,26.0,53.0,201.0,134.0,58.0,106.0,19,2017-18,86.3,47.1
15069,W. Orban,DF,1992-11-03,Bundesliga,2204.0,26.0,1227.0,1061.0,3.0,0.0,1.0,14.0,300.0,11491.199999999988,4.0,142.0,9.0,3.0,3.0,19.0,34.0,0.0,49.0,48.0,131.0,164.0,76.0,133.0,25,2017-18,86.5,55.9
297701,P. Ochs,FW,1997-04-17,Bundesliga,71.0,3.0,19.0,13.0,0.0,0.0,0.0,2.0,0.0,28.35,4.0,0.0,4.0,2.0,0.0,4.0,10.0,0.0,5.0,3.0,9.0,3.0,0.0,0.0,20,2017-18,68.4,40.0
15085,S. Wagner,FW,1987-11-29,Bundesliga,1594.0,25.0,419.0,316.0,1.0,3.0,10.0,21.0,28.0,1053.1499999999999,6.0,25.0,50.0,25.0,12.0,44.0,128.0,6.0,140.0,13.0,58.0,30.0,11.0,58.0,30,2017-18,75.4,34.4
17136,J. Gondorf,MF,1988-06-26,Bundesliga,792.0,19.0,240.0,176.0,1.0,0.0,3.0,10.0,27.0,1158.15,14.0,20.0,14.0,2.0,1.0,39.0,105.0,6.0,38.0,11.0,77.0,36.0,9.0,16.0,29,2017-18,73.3,37.1
15090,T. Kraft,GK,1988-07-22,Bundesliga,270.0,3.0,93.0,74.0,0.0,0.0,0.0,0.0,57.0,2234.3999999999996,0.0,58.0,0.0,0.0,0.0,0.0,0.0,0.0,0.0,0.0,0.0,8.0,4.0,0.0,29,2017-18,79.6,
49907,R. Bobadilla,FW,1987-06-18,Bundesliga,444.0,12.0,111.0,87.0,2.0,0.0,1.0,12.0,4.0,256.20000000000005,8.0,2.0,14.0,7.0,0.0,33.0,86.0,1.0,39.0,8.0,24.0,10.0,0.0,3.0,30,2017-18,78.4,38.4
447223,J. Sancho,MF,2000-03-25,Bundesliga,685.0,12.0,358.0,305.0,4.0,4.0,4.0,31.0,17.0,981.75,26.0,8.0,11.0,4.0,1.0,62.0,112.0,17.0,75.0,8.0,28.0,18.0,1.0,6.0,17,2017-18,85.2,55.4
15095,C. Janker,DF,1985-02-14,Bundesliga,72.0,5.0,12.0,5.0,0.0,0.0,0.0,0.0,1.0,39.900000000000006,0.0,3.0,0.0,0.0,0.0,1.0,2.0,1.0,0.0,6.0,9.0,4.0,3.0,0.0,32,2017-18,41.7,50.0
404219,M. Cuisance,MF,1999-08-16,Bundesliga,1194.0,24.0,619.0,518.0,6.0,0.0,13.0,22.0,79.0,3386.2500000000023,13.0,42.0,25.0,5.0,0.0,90.0,179.0,13.0,34.0,19.0,102.0,50.0,6.0,7.0,18,2017-18,83.7,50.3
15103,F. Lustenberger,DF,1988-05-02,Bundesliga,1581.0,23.0,812.0,700.0,1.0,0.0,0.0,4.0,122.0,5220.600000000001,6.0,112.0,3.0,0.0,0.0,20.0,31.0,0.0,6.0,35.0,112.0,126.0,49.0,47.0,29,2017-18,86.2,64.5
15107,Raffael,FW,1985-03-28,Bundesliga,2080.0,27.0,764.0,635.0,13.0,2.0,18.0,61.0,79.0,3576.299999999998,20.0,34.0,48.0,19.0,9.0,161.0,327.0,17.0,112.0,27.0,108.0,34.0,1.0,5.0,32,2017-18,83.1,49.2
256776,A. Grgic,MF,1996-11-28,Bundesliga,5.0,1.0,10.0,10.0,0.0,0.0,0.0,0.0,2.0,49.349999999999994,0.0,0.0,0.0,0.0,0.0,1.0,2.0,0.0,0.0,0.0,0.0,0.0,0.0,0.0,21,2017-18,100.0,50.0
15122,D. Maroh,DF,1987-03-04,Bundesliga,914.0,11.0,439.0,408.0,0.0,0.0,0.0,1.0,94.0,4007.8499999999995,0.0,51.0,3.0,1.0,0.0,2.0,7.0,0.0,6.0,30.0,71.0,87.0,44.0,34.0,30,2017-18,92.9,28.6
15125,M. Plattenhardt,DF,1992-01-26,Bundesliga,2970.0,33.0,1285.0,1048.0,10.0,3.0,4.0,40.0,213.0,7890.7499999999945,105.0,129.0,17.0,3.0,0.0,88.0,124.0,15.0,12.0,43.0,208.0,121.0,53.0,39.0,25,2017-18,81.6,71.0
15129,D. Didavi,MF,1990-02-21,Bundesliga,2247.0,30.0,869.0,673.0,4.0,3.0,19.0,38.0,96.0,3748.500000000003,52.0,36.0,56.0,21.0,9.0,112.0,201.0,23.0,91.0,19.0,111.0,40.0,9.0,19.0,27,2017-18,77.4,55.7
15131,M. Frantz,MF,1986-10-14,Bundesliga,1043.0,15.0,215.0,170.0,1.0,1.0,0.0,9.0,31.0,1214.8499999999997,10.0,13.0,10.0,5.0,0.0,21.0,46.0,2.0,22.0,16.0,74.0,38.0,9.0,36.0,31,2017-18,79.1,45.7
344864,C. Söyüncü,DF,1996-05-23,Bundesliga,2249.0,26.0,1046.0,912.0,0.0,0.0,0.0,2.0,223.0,8458.800000000014,3.0,154.0,9.0,3.0,1.0,37.0,63.0,5.0,16.0,53.0,182.0,131.0,83.0,57.0,21,2017-18,87.2,58.7
15139,T. Chandler,DF,1990-03-29,Bundesliga,1893.0,24.0,698.0,496.0,8.0,4.0,8.0,53.0,123.0,4373.250000000002,95.0,114.0,24.0,8.0,2.0,41.0,76.0,17.0,57.0,23.0,90.0,77.0,23.0,40.0,27,2017-18,71.1,53.9
15141,A. Esswein,MF,1990-03-25,Bundesliga,611.0,16.0,220.0,171.0,2.0,1.0,3.0,12.0,21.0,853.65,19.0,7.0,9.0,6.0,2.0,24.0,53.0,8.0,19.0,6.0,58.0,18.0,5.0,11.0,27,2017-18,77.7,45.3
6950,Pablo Ínsua,DF,1993-09-09,Bundesliga,26.0,1.0,6.0,5.0,0.0,0.0,0.0,0.0,3.0,60.900000000000006,0.0,1.0,0.0,0.0,0.0,0.0,0.0,0.0,0.0,0.0,2.0,1.0,1.0,1.0,24,2017-18,83.3,
49968,R. Bürki,GK,1990-11-14,Bundesliga,2970.0,33.0,912.0,793.0,0.0,0.0,0.0,1.0,429.0,16727.549999999992,0.0,274.0,0.0,0.0,0.0,3.0,3.0,0.0,0.0,0.0,4.0,55.0,13.0,11.0,27,2017-18,87.0,100.0
127796,F. Kostić,MF,1992-11-01,Bundesliga,2412.0,30.0,704.0,451.0,11.0,1.0,13.0,54.0,61.0,2532.6000000000013,117.0,50.0,62.0,25.0,5.0,158.0,332.0,41.0,143.0,25.0,141.0,66.0,10.0,37.0,25,2017-18,64.1,47.6
49982,A. Abrashi,MF,1990-03-27,Bundesliga,852.0,12.0,310.0,246.0,2.0,0.0,1.0,10.0,29.0,1402.7999999999997,6.0,19.0,5.0,0.0,0.0,31.0,53.0,3.0,10.0,21.0,83.0,59.0,15.0,22.0,27,2017-18,79.4,58.5
49992,I. Hajrović,MF,1991-08-04,Bundesliga,180.0,7.0,71.0,54.0,0.0,0.0,0.0,2.0,4.0,275.1,6.0,4.0,7.0,2.0,0.0,17.0,37.0,3.0,9.0,3.0,15.0,5.0,0.0,2.0,26,2017-18,76.1,45.9
15178,S. Bell,DF,1991-08-24,Bundesliga,2176.0,25.0,840.0,682.0,2.0,0.0,1.0,11.0,219.0,8121.750000000003,3.0,165.0,10.0,5.0,1.0,20.0,43.0,1.0,50.0,58.0,184.0,160.0,74.0,101.0,26,2017-18,81.2,46.5
136011,M. Gaćinović,MF,1995-02-08,Bundesliga,1819.0,29.0,597.0,444.0,5.0,3.0,10.0,23.0,66.0,2759.4000000000024,22.0,43.0,34.0,13.0,1.0,77.0,151.0,18.0,73.0,36.0,160.0,82.0,14.0,17.0,22,2017-18,74.4,51.0
49997,S. Zuber,MF,1991-08-17,Bundesliga,1440.0,20.0,719.0,589.0,4.0,2.0,4.0,34.0,87.0,3555.2999999999993,50.0,34.0,15.0,6.0,1.0,72.0,131.0,7.0,34.0,24.0,106.0,87.0,21.0,7.0,26,2017-18,81.9,55.0
15188,J. Baumgartlinger,MF,1988-01-02,Bundesliga,1396.0,22.0,899.0,827.0,2.0,0.0,2.0,12.0,105.0,5024.250000000012,4.0,58.0,10.0,3.0,1.0,33.0,57.0,1.0,27.0,42.0,139.0,71.0,11.0,13.0,30,2017-18,92.0,57.9
15191,Y. Mallı,MF,1992-02-24,Bundesliga,2241.0,31.0,803.0,649.0,8.0,3.0,24.0,57.0,98.0,3905.9999999999995,38.0,34.0,51.0,16.0,5.0,155.0,271.0,52.0,98.0,12.0,78.0,43.0,9.0,8.0,25,2017-18,80.8,57.2
11095,M. Veljkovic,DF,1995-09-26,Bundesliga,2656.0,30.0,1308.0,1072.0,0.0,0.0,2.0,17.0,328.0,12017.249999999993,11.0,275.0,4.0,1.0,1.0,12.0,20.0,2.0,30.0,50.0,208.0,134.0,73.0,71.0,22,2017-18,82.0,60.0
15193,E. Polanski,MF,1986-03-17,Bundesliga,257.0,9.0,133.0,115.0,0.0,1.0,0.0,1.0,16.0,693.0000000000002,0.0,8.0,4.0,0.0,0.0,8.0,17.0,1.0,4.0,4.0,19.0,15.0,3.0,1.0,31,2017-18,86.5,47.1
15194,M. Risse,MF,1989-12-17,Bundesliga,1168.0,16.0,522.0,345.0,6.0,2.0,5.0,37.0,77.0,3157.3499999999985,69.0,91.0,19.0,5.0,1.0,29.0,53.0,7.0,30.0,9.0,64.0,42.0,12.0,1.0,28,2017-18,66.1,54.7
15192,N. Müller,MF,1987-09-25,Bundesliga,26.0,2.0,12.0,10.0,0.0,0.0,1.0,1.0,2.0,88.20000000000002,0.0,1.0,1.0,1.0,1.0,1.0,1.0,0.0,3.0,0.0,2.0,1.0,0.0,0.0,30,2017-18,83.3,100.0
15200,Á. Szalai,FW,1987-12-09,Bundesliga,889.0,18.0,182.0,138.0,1.0,1.0,3.0,14.0,13.0,576.45,4.0,2.0,26.0,11.0,5.0,39.0,124.0,1.0,94.0,5.0,34.0,16.0,1.0,25.0,30,2017-18,75.8,31.5
15201,A. Ujah,FW,1990-10-14,Bundesliga,200.0,9.0,40.0,20.0,1.0,0.0,0.0,2.0,2.0,71.4,3.0,3.0,7.0,2.0,0.0,6.0,17.0,0.0,15.0,3.0,7.0,5.0,2.0,9.0,27,2017-18,50.0,35.3
50023,J. Drmic,FW,1992-08-08,Bundesliga,459.0,11.0,113.0,84.0,0.0,1.0,1.0,4.0,6.0,243.60000000000008,6.0,5.0,16.0,5.0,4.0,11.0,40.0,3.0,38.0,0.0,14.0,4.0,1.0,19.0,25,2017-18,74.3,27.5
15225,S. Maier,MF,1993-09-18,Bundesliga,259.0,9.0,115.0,87.0,0.0,0.0,1.0,3.0,20.0,661.5,4.0,9.0,6.0,2.0,0.0,10.0,18.0,5.0,7.0,7.0,36.0,14.0,0.0,4.0,24,2017-18,75.7,55.6
15231,K. Volland,FW,1992-07-30,Bundesliga,2596.0,31.0,716.0,542.0,10.0,1.0,7.0,51.0,65.0,2596.6500000000005,58.0,26.0,52.0,28.0,14.0,173.0,368.0,11.0,188.0,15.0,106.0,51.0,25.0,22.0,25,2017-18,75.7,47.0
15232,B. Wood,FW,1992-11-15,Bundesliga,1628.0,24.0,286.0,224.0,2.0,0.0,2.0,12.0,17.0,930.3,10.0,7.0,35.0,10.0,2.0,101.0,284.0,10.0,138.0,5.0,50.0,21.0,11.0,59.0,25,2017-18,78.3,35.6
365441,R. van Drongelen,DF,1998-12-20,Bundesliga,1442.0,18.0,614.0,477.0,0.0,0.0,1.0,8.0,125.0,4630.500000000001,5.0,84.0,4.0,1.0,0.0,16.0,36.0,9.0,26.0,33.0,100.0,91.0,47.0,35.0,19,2017-18,77.7,44.4
373636,V. Sierro,MF,1995-10-08,Bundesliga,214.0,3.0,66.0,44.0,0.0,0.0,2.0,2.0,3.0,275.09999999999997,6.0,3.0,4.0,0.0,0.0,8.0,15.0,0.0,8.0,4.0,19.0,8.0,0.0,3.0,22,2017-18,66.7,53.3
269189,B. Kapustka,MF,1996-12-23,Bundesliga,235.0,6.0,67.0,40.0,1.0,0.0,2.0,1.0,4.0,229.95000000000002,8.0,4.0,4.0,2.0,1.0,11.0,25.0,1.0,9.0,4.0,18.0,1.0,2.0,5.0,21,2017-18,59.7,44.0
471947,F. Evina,FW,2000-07-05,Bundesliga,112.0,2.0,29.0,23.0,1.0,0.0,1.0,4.0,1.0,68.25,3.0,1.0,3.0,0.0,0.0,8.0,20.0,1.0,8.0,3.0,6.0,4.0,0.0,3.0,17,2017-18,79.3,40.0
15244,S. Jung,DF,1990-06-22,Bundesliga,78.0,1.0,25.0,15.0,0.0,0.0,0.0,1.0,3.0,162.75,1.0,6.0,0.0,0.0,0.0,1.0,3.0,0.0,0.0,2.0,7.0,2.0,5.0,0.0,27,2017-18,60.0,33.3
15253,M. Lehmann,MF,1983-05-28,Bundesliga,1520.0,20.0,785.0,671.0,0.0,0.0,3.0,11.0,210.0,7467.600000000003,5.0,92.0,12.0,3.0,0.0,6.0,14.0,2.0,1.0,21.0,89.0,79.0,25.0,12.0,34,2017-18,85.5,42.9
15254,A. Meier,FW,1983-01-17,Bundesliga,3.0,1.0,2.0,2.0,0.0,0.0,0.0,0.0,0.0,7.3500000000000005,0.0,0.0,1.0,1.0,1.0,0.0,0.0,0.0,1.0,0.0,0.0,0.0,0.0,1.0,34,2017-18,100.0,
476054,M. Ćavar,MF,1998-02-02,Bundesliga,31.0,1.0,7.0,6.0,0.0,0.0,0.0,0.0,0.0,12.6,0.0,0.0,1.0,0.0,0.0,0.0,1.0,1.0,0.0,0.0,4.0,0.0,0.0,0.0,19,2017-18,85.7,0.0
15256,P. Schwegler,MF,1987-03-09,Bundesliga,2329.0,29.0,1102.0,930.0,1.0,1.0,3.0,25.0,170.0,6673.800000000004,8.0,102.0,11.0,1.0,0.0,63.0,104.0,2.0,8.0,46.0,225.0,146.0,35.0,53.0,30,2017-18,84.4,60.6
471968,N. Nartey,DF,2000-02-22,Bundesliga,6.0,1.0,5.0,5.0,0.0,0.0,0.0,0.0,0.0,14.700000000000001,0.0,0.0,0.0,0.0,0.0,0.0,1.0,0.0,0.0,0.0,1.0,0.0,0.0,0.0,17,2017-18,100.0,0.0
15265,T. Horn,GK,1993-05-12,Bundesliga,3060.0,34.0,629.0,517.0,0.0,0.0,0.0,2.0,397.0,17857.350000000002,0.0,386.0,0.0,0.0,0.0,1.0,1.0,0.0,0.0,0.0,7.0,50.0,7.0,14.0,24,2017-18,82.2,100.0
105378,Y. Konoplyanka,MF,1989-09-29,Bundesliga,1568.0,27.0,445.0,321.0,11.0,3.0,10.0,39.0,24.0,1170.749999999999,71.0,13.0,54.0,15.0,4.0,135.0,217.0,39.0,107.0,8.0,59.0,26.0,3.0,6.0,28,2017-18,72.1,62.2
25512,S. Haller,FW,1994-06-22,Bundesliga,2353.0,31.0,561.0,425.0,8.0,2.0,9.0,30.0,45.0,1809.1499999999987,8.0,20.0,37.0,15.0,9.0,126.0,368.0,5.0,235.0,19.0,86.0,42.0,20.0,142.0,23,2017-18,75.8,34.2
25514,P. Ntep,MF,1992-07-29,Ligue 1,673.0,18.0,253.0,173.0,2.0,1.0,6.0,18.0,21.0,892.5000000000002,27.0,11.0,11.0,4.0,1.0,58.0,103.0,9.0,31.0,10.0,45.0,16.0,0.0,11.0,25,2017-18,68.4,56.3
349099,O. Mangala,MF,1998-03-18,Bundesliga,766.0,18.0,336.0,276.0,1.0,0.0,2.0,5.0,31.0,1433.2499999999986,2.0,19.0,11.0,3.0,0.0,45.0,78.0,0.0,4.0,20.0,76.0,37.0,11.0,6.0,19,2017-18,82.1,57.7
15276,M. Weiser,MF,1994-04-21,Bundesliga,1984.0,24.0,917.0,678.0,13.0,1.0,11.0,43.0,123.0,5178.5999999999985,64.0,69.0,15.0,5.0,1.0,129.0,241.0,17.0,53.0,35.0,199.0,116.0,21.0,26.0,23,2017-18,73.9,53.5
15278,C. Clemens,MF,1991-08-04,Bundesliga,640.0,14.0,208.0,153.0,4.0,0.0,5.0,21.0,29.0,1097.25,29.0,18.0,16.0,4.0,1.0,23.0,46.0,7.0,25.0,7.0,46.0,25.0,5.0,5.0,26,2017-18,73.6,50.0
289711,N. Keïta,MF,1995-02-10,Bundesliga,1975.0,27.0,1170.0,959.0,7.0,4.0,21.0,60.0,139.0,6342.000000000004,22.0,54.0,41.0,11.0,5.0,188.0,334.0,49.0,79.0,43.0,163.0,95.0,8.0,13.0,22,2017-18,82.0,56.3
275384,Jorge Meré,DF,1997-04-17,Bundesliga,1890.0,22.0,920.0,813.0,0.0,1.0,0.0,5.0,182.0,7668.150000000001,2.0,97.0,3.0,1.0,1.0,18.0,27.0,6.0,10.0,26.0,104.0,149.0,67.0,52.0,20,2017-18,88.4,66.7
15292,M. Uth,FW,1991-08-24,Bundesliga,2178.0,31.0,522.0,397.0,11.0,7.0,11.0,36.0,35.0,1612.7999999999997,22.0,25.0,57.0,22.0,14.0,79.0,208.0,18.0,134.0,22.0,130.0,54.0,13.0,25.0,26,2017-18,76.1,38.0
336829,R. Koch,DF,1996-07-17,Bundesliga,1918.0,26.0,901.0,758.0,0.0,1.0,1.0,4.0,150.0,6236.999999999999,1.0,111.0,15.0,4.0,2.0,23.0,37.0,4.0,46.0,32.0,121.0,133.0,47.0,83.0,21,2017-18,84.1,62.2
19392,M. Philipp,FW,1994-03-01,Bundesliga,1209.0,20.0,279.0,217.0,4.0,1.0,6.0,17.0,32.0,1039.5000000000002,16.0,6.0,40.0,15.0,9.0,63.0,123.0,11.0,69.0,17.0,62.0,15.0,1.0,22.0,23,2017-18,77.8,51.2
433100,L. Mai,DF,2000-03-31,Bundesliga,180.0,2.0,106.0,95.0,0.0,0.0,0.0,0.0,8.0,572.2500000000002,0.0,7.0,0.0,0.0,0.0,1.0,2.0,0.0,0.0,3.0,14.0,4.0,5.0,2.0,17,2017-18,89.6,50.0
56274,Y. Poulsen,FW,1994-06-15,Bundesliga,1660.0,30.0,466.0,321.0,3.0,2.0,8.0,29.0,29.0,1381.7999999999995,26.0,7.0,35.0,15.0,4.0,116.0,333.0,15.0,131.0,14.0,90.0,45.0,7.0,91.0,23,2017-18,68.9,34.8
15317,L. Bittencourt,MF,1993-12-19,Bundesliga,1613.0,22.0,660.0,494.0,8.0,2.0,11.0,51.0,50.0,2291.099999999999,60.0,32.0,30.0,10.0,5.0,110.0,216.0,36.0,87.0,31.0,144.0,43.0,8.0,6.0,24,2017-18,74.8,50.9
21469,G. Donati,DF,1990-02-05,Bundesliga,2304.0,29.0,829.0,629.0,9.0,2.0,1.0,51.0,140.0,5423.250000000002,78.0,125.0,11.0,2.0,0.0,69.0,120.0,14.0,12.0,35.0,151.0,140.0,45.0,27.0,27,2017-18,75.9,57.5
297957,M. Akanji,DF,1995-07-19,Bundesliga,902.0,11.0,580.0,512.0,1.0,0.0,1.0,14.0,115.0,4758.600000000001,2.0,52.0,5.0,2.0,0.0,15.0,24.0,4.0,20.0,24.0,76.0,54.0,28.0,14.0,22,2017-18,88.3,62.5
236528,N. Elvedi,DF,1996-09-30,Bundesliga,2916.0,33.0,1442.0,1246.0,4.0,2.0,6.0,27.0,189.0,8071.350000000009,36.0,54.0,12.0,7.0,2.0,83.0,163.0,29.0,60.0,45.0,200.0,170.0,74.0,90.0,21,2017-18,86.4,50.9
25589,L. Sané,DF,1987-03-22,Bundesliga,786.0,10.0,371.0,322.0,0.0,0.0,1.0,1.0,87.0,3357.8999999999983,0.0,42.0,3.0,1.0,1.0,5.0,13.0,3.0,11.0,18.0,60.0,61.0,32.0,41.0,30,2017-18,86.8,38.5
367620,N. Dorsch,MF,1998-01-15,Bundesliga,90.0,1.0,37.0,32.0,0.0,0.0,0.0,1.0,4.0,186.90000000000006,0.0,1.0,1.0,1.0,1.0,3.0,9.0,2.0,1.0,0.0,5.0,1.0,0.0,0.0,19,2017-18,86.5,33.3
367621,D. Geiger,MF,1998-06-10,Bundesliga,1594.0,21.0,770.0,675.0,5.0,1.0,4.0,21.0,82.0,3711.7500000000014,8.0,53.0,21.0,4.0,2.0,47.0,96.0,9.0,24.0,38.0,178.0,66.0,4.0,10.0,19,2017-18,87.7,49.0
216074,C. Günter,DF,1993-02-28,Bundesliga,3060.0,34.0,1242.0,924.0,17.0,1.0,13.0,71.0,206.0,7555.799999999993,143.0,187.0,26.0,7.0,1.0,115.0,205.0,45.0,40.0,47.0,215.0,126.0,54.0,13.0,24,2017-18,74.4,56.1
216077,A. Baba,DF,1994-07-02,Bundesliga,33.0,1.0,17.0,10.0,1.0,0.0,0.0,0.0,3.0,128.1,0.0,2.0,0.0,0.0,0.0,2.0,3.0,2.0,0.0,0.0,6.0,6.0,1.0,0.0,23,2017-18,58.8,66.7
25622,T. Hazard,FW,1993-03-29,Bundesliga,2944.0,34.0,1176.0,911.0,14.0,2.0,20.0,96.0,85.0,4154.850000000003,76.0,46.0,84.0,31.0,10.0,206.0,405.0,56.0,227.0,36.0,172.0,101.0,14.0,34.0,24,2017-18,77.5,50.9
285727,L. Dimata,FW,1997-09-01,Bundesliga,883.0,19.0,180.0,139.0,0.0,1.0,0.0,6.0,7.0,359.09999999999997,12.0,1.0,10.0,3.0,0.0,69.0,150.0,11.0,56.0,6.0,45.0,18.0,5.0,16.0,20,2017-18,77.2,46.0
15399,D. Brosinski,DF,1988-07-17,Bundesliga,2500.0,29.0,1050.0,758.0,9.0,2.0,15.0,59.0,166.0,6528.900000000004,111.0,147.0,32.0,5.0,1.0,68.0,123.0,32.0,33.0,28.0,159.0,130.0,63.0,36.0,29,2017-18,72.2,55.3
37948,A. Finnbogason,FW,1989-02-01,Bundesliga,1825.0,22.0,402.0,292.0,8.0,3.0,12.0,35.0,32.0,1373.3999999999994,9.0,12.0,49.0,26.0,12.0,66.0,202.0,8.0,157.0,6.0,64.0,32.0,5.0,23.0,28,2017-18,72.6,32.7
19525,A. Schwolow,GK,1992-06-02,Bundesliga,2907.0,33.0,899.0,784.0,0.0,0.0,0.0,0.0,455.0,20469.749999999978,0.0,439.0,1.0,0.0,0.0,1.0,1.0,0.0,1.0,0.0,1.0,48.0,8.0,11.0,25,2017-18,87.2,100.0
15430,N. Höfler,MF,1990-03-09,Bundesliga,2349.0,28.0,1151.0,1029.0,0.0,1.0,6.0,16.0,162.0,6962.550000000003,4.0,66.0,9.0,1.0,1.0,82.0,139.0,5.0,26.0,42.0,191.0,143.0,44.0,60.0,27,2017-18,89.4,59.0
99410,M. Kamiński,DF,1992-01-15,Bundesliga,1130.0,20.0,794.0,705.0,1.0,0.0,1.0,10.0,166.0,6491.100000000009,9.0,90.0,4.0,0.0,0.0,5.0,10.0,2.0,14.0,27.0,89.0,79.0,37.0,33.0,25,2017-18,88.8,50.0
15449,M. Mavraj,DF,1986-06-09,Bundesliga,1479.0,17.0,658.0,542.0,0.0,0.0,0.0,6.0,150.0,5746.650000000001,4.0,101.0,4.0,2.0,0.0,13.0,22.0,0.0,27.0,32.0,104.0,111.0,49.0,71.0,31,2017-18,82.4,59.1
66654,K. Onisiwo,MF,1992-03-17,Bundesliga,251.0,8.0,63.0,42.0,2.0,0.0,0.0,4.0,4.0,202.65,2.0,3.0,2.0,1.0,0.0,24.0,53.0,3.0,12.0,4.0,25.0,15.0,6.0,8.0,25,2017-18,66.7,45.3
15456,F. Klaus,MF,1992-09-13,Bundesliga,1991.0,28.0,611.0,465.0,5.0,0.0,4.0,25.0,60.0,2485.350000000001,45.0,39.0,56.0,24.0,4.0,99.0,200.0,32.0,80.0,17.0,136.0,68.0,15.0,25.0,25,2017-18,76.1,49.5
56424,A. Jóhannsson,FW,1990-11-10,Bundesliga,267.0,10.0,88.0,72.0,2.0,0.0,1.0,7.0,11.0,409.4999999999999,5.0,2.0,8.0,7.0,1.0,10.0,30.0,1.0,19.0,3.0,21.0,8.0,6.0,8.0,27,2017-18,81.8,33.3
99437,P. Olkowski,DF,1990-02-13,Bundesliga,450.0,5.0,119.0,60.0,0.0,0.0,0.0,1.0,16.0,585.9000000000001,16.0,22.0,3.0,2.0,0.0,20.0,23.0,5.0,8.0,9.0,53.0,27.0,13.0,3.0,27,2017-18,50.4,87.0
15487,J. Haberer,MF,1994-04-02,Bundesliga,2759.0,33.0,963.0,726.0,10.0,2.0,8.0,40.0,108.0,4219.950000000003,29.0,49.0,42.0,16.0,3.0,104.0,208.0,9.0,100.0,36.0,225.0,129.0,51.0,66.0,23,2017-18,75.4,50.0
363648,J. Villalba,FW,1998-09-11,Bundesliga,6.0,1.0,3.0,1.0,0.0,0.0,0.0,0.0,0.0,0.0,1.0,0.0,1.0,0.0,0.0,1.0,1.0,0.0,2.0,0.0,0.0,0.0,0.0,0.0,19,2017-18,33.3,100.0
146569,M. Kempf,DF,1995-01-28,Bundesliga,903.0,12.0,483.0,410.0,1.0,0.0,0.0,6.0,103.0,4213.649999999999,0.0,88.0,7.0,1.0,0.0,10.0,18.0,1.0,20.0,10.0,49.0,73.0,33.0,29.0,22,2017-18,84.9,55.6
15503,F. Niederlechner,FW,1990-10-24,Bundesliga,701.0,10.0,113.0,91.0,1.0,0.0,0.0,5.0,5.0,386.40000000000003,3.0,8.0,22.0,7.0,2.0,36.0,91.0,4.0,37.0,4.0,33.0,11.0,1.0,10.0,27,2017-18,80.5,39.6
105619,A. Mehmedi,FW,1991-03-16,Bundesliga,989.0,17.0,434.0,347.0,7.0,3.0,5.0,28.0,52.0,2061.1499999999983,29.0,12.0,15.0,5.0,3.0,48.0,98.0,6.0,40.0,15.0,77.0,39.0,7.0,25.0,26,2017-18,80.0,49.0
105622,A. Yarmolenko,FW,1989-10-23,Bundesliga,1043.0,18.0,425.0,332.0,11.0,2.0,12.0,42.0,27.0,1454.25,42.0,21.0,28.0,10.0,3.0,104.0,186.0,11.0,108.0,9.0,61.0,15.0,6.0,9.0,28,2017-18,78.1,55.9
146583,J. Brandt,MF,1996-05-02,Bundesliga,2331.0,34.0,1178.0,951.0,12.0,5.0,21.0,100.0,102.0,4219.950000000005,68.0,43.0,43.0,21.0,9.0,131.0,272.0,33.0,127.0,16.0,93.0,57.0,6.0,19.0,21,2017-18,80.7,48.2
173212,N. Stark,DF,1995-04-14,Bundesliga,2210.0,26.0,1027.0,863.0,0.0,0.0,1.0,10.0,207.0,7830.900000000014,3.0,155.0,10.0,5.0,1.0,23.0,36.0,8.0,42.0,49.0,174.0,170.0,110.0,77.0,22,2017-18,84.0,63.9
173213,M. Stendera,MF,1995-12-10,Bundesliga,375.0,7.0,140.0,102.0,0.0,0.0,2.0,6.0,25.0,962.8499999999998,3.0,11.0,8.0,1.0,0.0,14.0,23.0,1.0,13.0,17.0,52.0,26.0,4.0,2.0,22,2017-18,72.9,60.9
173214,T. Werner,FW,1996-03-06,Bundesliga,2500.0,32.0,642.0,448.0,10.0,4.0,9.0,51.0,32.0,1438.4999999999993,83.0,15.0,89.0,41.0,13.0,128.0,265.0,37.0,242.0,11.0,83.0,42.0,5.0,16.0,21,2017-18,69.8,48.3
279721,K. Hinds,FW,1998-01-28,Bundesliga,90.0,1.0,10.0,5.0,0.0,0.0,0.0,0.0,0.0,10.5,2.0,0.0,0.0,0.0,0.0,2.0,7.0,0.0,0.0,0.0,7.0,2.0,0.0,2.0,19,2017-18,50.0,28.6
388267,L. Bailey,FW,1997-08-09,Bundesliga,2220.0,30.0,908.0,694.0,14.0,5.0,12.0,85.0,83.0,3381.0000000000014,108.0,57.0,75.0,28.0,10.0,175.0,303.0,50.0,141.0,11.0,66.0,73.0,4.0,25.0,20,2017-18,76.4,57.8
15533,M. Terrazzino,FW,1991-04-15,Bundesliga,1501.0,24.0,588.0,482.0,11.0,1.0,5.0,32.0,46.0,1963.5,21.0,19.0,22.0,7.0,0.0,56.0,131.0,14.0,57.0,16.0,97.0,44.0,10.0,16.0,26,2017-18,82.0,42.7
269490,F. Kath,MF,1994-10-21,Bundesliga,654.0,24.0,185.0,136.0,3.0,0.0,3.0,13.0,14.0,732.9000000000001,14.0,11.0,14.0,5.0,1.0,64.0,119.0,9.0,34.0,9.0,66.0,22.0,0.0,19.0,23,2017-18,73.5,53.8
279734,V. Koziello,MF,1995-10-28,Ligue 1,1598.0,26.0,1081.0,994.0,2.0,0.0,3.0,15.0,117.0,5489.4000000000015,6.0,49.0,7.0,3.0,1.0,42.0,84.0,1.0,15.0,37.0,157.0,66.0,7.0,11.0,22,2017-18,92.0,50.0
15543,S. Zoller,FW,1991-06-26,Bundesliga,966.0,17.0,277.0,202.0,5.0,0.0,1.0,13.0,26.0,979.6499999999997,24.0,20.0,9.0,4.0,2.0,32.0,65.0,8.0,47.0,5.0,42.0,16.0,3.0,14.0,26,2017-18,72.9,49.2
38079,D. Opare,DF,1990-10-18,Bundesliga,1419.0,17.0,442.0,294.0,4.0,0.0,3.0,25.0,79.0,2995.6500000000005,64.0,85.0,5.0,1.0,0.0,55.0,98.0,17.0,6.0,27.0,105.0,77.0,40.0,32.0,27,2017-18,66.5,56.1
38082,Felipe,DF,1987-05-15,Bundesliga,458.0,6.0,252.0,209.0,1.0,0.0,0.0,1.0,64.0,2428.649999999999,5.0,47.0,1.0,0.0,0.0,14.0,20.0,2.0,7.0,13.0,55.0,34.0,14.0,17.0,30,2017-18,82.9,70.0
3281,Juan Bernat,DF,1993-03-01,Bundesliga,892.0,11.0,479.0,438.0,4.0,1.0,3.0,17.0,44.0,2087.3999999999996,29.0,3.0,5.0,0.0,0.0,44.0,101.0,8.0,40.0,14.0,58.0,21.0,4.0,11.0,24,2017-18,91.4,43.6
208089,I. Fossum,MF,1996-07-15,Bundesliga,1305.0,19.0,624.0,518.0,5.0,1.0,3.0,19.0,71.0,3208.8000000000015,21.0,34.0,22.0,2.0,1.0,34.0,78.0,7.0,36.0,13.0,101.0,74.0,11.0,18.0,21,2017-18,83.0,43.6
134369,M. Meyer,MF,1995-09-18,Bundesliga,1732.0,23.0,1016.0,925.0,1.0,0.0,6.0,16.0,98.0,4483.500000000004,5.0,47.0,7.0,2.0,0.0,43.0,64.0,8.0,8.0,25.0,135.0,105.0,14.0,14.0,22,2017-18,91.0,67.2
279780,J. Augustin,FW,1997-06-16,Bundesliga,1263.0,24.0,251.0,204.0,5.0,5.0,4.0,20.0,10.0,489.3000000000002,22.0,5.0,36.0,18.0,9.0,98.0,239.0,9.0,124.0,6.0,50.0,31.0,2.0,11.0,20,2017-18,81.3,41.0
347366,J. Bruun Larsen,FW,1998-09-19,Bundesliga,111.0,5.0,32.0,22.0,0.0,0.0,0.0,0.0,1.0,65.1,1.0,3.0,0.0,0.0,0.0,2.0,8.0,0.0,3.0,2.0,11.0,4.0,1.0,0.0,19,2017-18,68.8,25.0
134383,N. Süle,DF,1995-09-03,Bundesliga,1919.0,27.0,1557.0,1446.0,2.0,1.0,2.0,9.0,280.0,12235.649999999978,5.0,104.0,15.0,7.0,2.0,14.0,30.0,5.0,43.0,36.0,145.0,90.0,28.0,56.0,22,2017-18,92.9,46.7
134387,L. Goretzka,MF,1995-02-06,Bundesliga,1982.0,26.0,840.0,680.0,6.0,0.0,9.0,38.0,92.0,4105.500000000004,26.0,66.0,43.0,16.0,4.0,87.0,158.0,37.0,88.0,35.0,168.0,129.0,18.0,37.0,22,2017-18,81.0,55.1
3320,N. Şahin,MF,1988-09-05,Bundesliga,1224.0,17.0,1013.0,882.0,6.0,2.0,15.0,31.0,168.0,7212.449999999996,11.0,107.0,24.0,8.0,2.0,35.0,49.0,0.0,26.0,32.0,103.0,67.0,21.0,35.0,29,2017-18,87.1,71.4
134392,K. Akpoguma,DF,1995-04-19,Bundesliga,1686.0,22.0,956.0,841.0,2.0,1.0,0.0,8.0,174.0,6659.100000000002,8.0,89.0,4.0,2.0,0.0,26.0,53.0,4.0,15.0,43.0,168.0,101.0,36.0,30.0,22,2017-18,88.0,49.1
134397,S. Gnabry,MF,1995-07-14,Bundesliga,1515.0,22.0,483.0,377.0,6.0,5.0,8.0,52.0,46.0,1819.65,33.0,13.0,47.0,22.0,10.0,114.0,209.0,25.0,134.0,21.0,86.0,36.0,2.0,7.0,22,2017-18,78.1,54.5
134399,D. Selke,FW,1995-01-20,Bundesliga,1886.0,27.0,355.0,239.0,6.0,0.0,5.0,15.0,23.0,1043.7,18.0,6.0,45.0,23.0,10.0,67.0,181.0,21.0,158.0,8.0,90.0,36.0,13.0,115.0,22,2017-18,67.3,37.0
25861,J. Guilavogui,MF,1990-09-19,Bundesliga,2408.0,29.0,1311.0,1145.0,6.0,1.0,8.0,20.0,218.0,8803.2,17.0,101.0,22.0,8.0,3.0,60.0,138.0,5.0,53.0,47.0,185.0,179.0,43.0,67.0,27,2017-18,87.3,43.5
19720,M. Gulde,DF,1991-02-12,Bundesliga,1530.0,17.0,742.0,648.0,1.0,0.0,2.0,6.0,123.0,5110.350000000005,6.0,99.0,8.0,3.0,1.0,8.0,11.0,3.0,19.0,17.0,85.0,96.0,68.0,51.0,26,2017-18,87.3,72.7
25871,Y. Ravet,MF,1989-09-12,Bundesliga,556.0,10.0,161.0,109.0,5.0,0.0,2.0,15.0,18.0,807.45,26.0,8.0,15.0,5.0,0.0,27.0,47.0,4.0,27.0,9.0,32.0,17.0,4.0,13.0,28,2017-18,67.7,57.4
3345,Thiago Alcântara,MF,1991-04-11,Bundesliga,1242.0,19.0,1244.0,1155.0,3.0,1.0,8.0,30.0,198.0,8075.550000000015,7.0,94.0,23.0,7.0,2.0,67.0,115.0,3.0,39.0,28.0,89.0,53.0,6.0,24.0,26,2017-18,92.8,58.3
97555,T. Tawatha,DF,1992-06-21,Bundesliga,433.0,13.0,152.0,113.0,3.0,1.0,0.0,5.0,29.0,1064.6999999999998,16.0,17.0,3.0,0.0,0.0,6.0,18.0,3.0,6.0,12.0,45.0,27.0,8.0,5.0,25,2017-18,74.3,33.3
228639,Y. Gerhardt,DF,1994-03-13,Bundesliga,1224.0,17.0,542.0,430.0,1.0,1.0,0.0,15.0,65.0,2607.1500000000005,26.0,36.0,11.0,3.0,1.0,44.0,68.0,11.0,29.0,23.0,91.0,69.0,17.0,22.0,23,2017-18,79.3,64.7
230687,E. Berggreen,FW,1993-05-10,Bundesliga,667.0,14.0,124.0,88.0,0.0,0.0,0.0,3.0,6.0,271.95000000000005,2.0,0.0,12.0,7.0,4.0,19.0,88.0,0.0,82.0,2.0,15.0,17.0,5.0,39.0,24,2017-18,71.0,21.6
54579,R. Jarstein,GK,1984-09-29,Bundesliga,2790.0,31.0,738.0,619.0,0.0,0.0,0.0,2.0,454.0,20065.499999999985,0.0,458.0,1.0,0.0,0.0,2.0,2.0,0.0,1.0,0.0,2.0,41.0,6.0,12.0,33,2017-18,83.9,100.0
365880,D. Kamada,MF,1996-08-05,Bundesliga,145.0,3.0,32.0,30.0,1.0,0.0,1.0,1.0,6.0,257.25,1.0,2.0,2.0,0.0,0.0,4.0,8.0,1.0,3.0,1.0,7.0,2.0,0.0,2.0,21,2017-18,93.8,50.0
70975,Bruma,FW,1994-10-24,Bundesliga,1594.0,28.0,785.0,632.0,10.0,2.0,11.0,50.0,61.0,2944.2000000000016,31.0,18.0,42.0,15.0,4.0,188.0,364.0,45.0,113.0,17.0,68.0,61.0,9.0,1.0,23,2017-18,80.5,51.6
263490,S. Guirassy,FW,1996-03-12,Bundesliga,846.0,15.0,200.0,163.0,3.0,0.0,0.0,5.0,15.0,589.0499999999998,2.0,1.0,32.0,12.0,4.0,53.0,121.0,2.0,76.0,6.0,32.0,16.0,4.0,66.0,21,2017-18,81.5,43.8
15695,M. Heller,MF,1986-02-12,Bundesliga,1302.0,24.0,332.0,198.0,5.0,1.0,5.0,29.0,29.0,1087.8000000000004,94.0,19.0,13.0,4.0,0.0,67.0,134.0,33.0,59.0,25.0,111.0,39.0,10.0,3.0,31,2017-18,59.6,50.0
224593,J. Kimmich,DF,1995-02-08,Bundesliga,2332.0,28.0,1854.0,1631.0,11.0,10.0,21.0,89.0,240.0,9708.299999999997,133.0,136.0,8.0,3.0,1.0,93.0,162.0,37.0,62.0,35.0,151.0,98.0,17.0,25.0,22,2017-18,88.0,57.4
382289,F. Kusič,DF,1996-06-03,Bundesliga,14.0,1.0,1.0,0.0,0.0,0.0,0.0,0.0,0.0,0.0,0.0,1.0,0.0,0.0,0.0,1.0,1.0,0.0,0.0,0.0,3.0,1.0,0.0,0.0,21,2017-18,0.0,100.0
3416,Javi Martínez,MF,1988-09-02,Bundesliga,1611.0,22.0,1113.0,1021.0,4.0,1.0,6.0,17.0,143.0,6899.550000000004,8.0,65.0,22.0,3.0,1.0,23.0,49.0,6.0,45.0,25.0,99.0,111.0,31.0,62.0,29,2017-18,91.7,46.9
327009,Walace,MF,1995-04-04,Bundesliga,1321.0,18.0,592.0,492.0,2.0,1.0,2.0,9.0,65.0,3050.2500000000023,7.0,40.0,17.0,6.0,1.0,29.0,89.0,8.0,24.0,25.0,111.0,83.0,13.0,34.0,22,2017-18,83.1,32.6
15719,B. Hübner,DF,1989-07-04,Bundesliga,2319.0,27.0,1372.0,1190.0,2.0,1.0,7.0,11.0,318.0,12162.15,5.0,155.0,19.0,6.0,3.0,27.0,50.0,1.0,65.0,60.0,237.0,168.0,63.0,92.0,28,2017-18,86.7,54.0
144766,N. Bentaleb,MF,1994-11-24,Bundesliga,1087.0,16.0,515.0,428.0,0.0,1.0,2.0,7.0,59.0,2463.3,4.0,51.0,15.0,8.0,4.0,22.0,46.0,6.0,9.0,22.0,91.0,68.0,18.0,17.0,23,2017-18,83.1,47.8
91519,J. Córdoba,FW,1993-05-10,Bundesliga,950.0,18.0,171.0,127.0,1.0,1.0,3.0,15.0,11.0,529.1999999999999,13.0,3.0,29.0,5.0,0.0,66.0,159.0,6.0,98.0,10.0,37.0,16.0,5.0,34.0,24,2017-18,74.3,41.5
449921,B. Jatta,MF,1998-06-06,Bundesliga,295.0,10.0,91.0,66.0,0.0,0.0,1.0,6.0,5.0,297.1500000000001,8.0,3.0,3.0,2.0,0.0,22.0,50.0,5.0,22.0,13.0,22.0,12.0,3.0,12.0,19,2017-18,72.5,44.0
9611,P. Gulácsi,GK,1990-05-06,Bundesliga,2970.0,33.0,758.0,654.0,0.0,0.0,0.0,1.0,429.0,17142.300000000017,0.0,315.0,0.0,0.0,0.0,0.0,0.0,0.0,10.0,0.0,2.0,40.0,6.0,5.0,27,2017-18,86.3,
25995,B. Stambouli,MF,1990-08-13,Bundesliga,2188.0,27.0,1304.0,1104.0,3.0,1.0,10.0,15.0,375.0,13161.749999999978,2.0,212.0,0.0,0.0,0.0,34.0,69.0,8.0,3.0,79.0,240.0,155.0,43.0,44.0,27,2017-18,84.7,49.3
503185,J. Vagnoman,DF,2000-12-11,Bundesliga,20.0,1.0,1.0,1.0,0.0,0.0,0.0,0.0,0.0,4.2,0.0,0.0,0.0,0.0,0.0,0.0,1.0,0.0,0.0,1.0,3.0,0.0,0.0,0.0,17,2017-18,100.0,0.0
296341,Bernardo,DF,1995-05-14,Bundesliga,1348.0,17.0,682.0,534.0,3.0,1.0,4.0,18.0,105.0,4071.9000000000005,23.0,86.0,11.0,4.0,1.0,38.0,84.0,9.0,27.0,27.0,121.0,106.0,40.0,49.0,22,2017-18,78.3,45.2
255387,C. Salcedo,DF,1993-09-29,Bundesliga,1607.0,19.0,910.0,777.0,0.0,0.0,0.0,3.0,237.0,8671.95,4.0,176.0,5.0,2.0,0.0,8.0,23.0,0.0,4.0,22.0,110.0,131.0,48.0,51.0,24,2017-18,85.4,34.8
15772,M. Ostrzolek,DF,1990-06-05,Bundesliga,2381.0,27.0,959.0,665.0,8.0,1.0,6.0,50.0,199.0,7127.399999999997,87.0,175.0,14.0,2.0,0.0,46.0,92.0,15.0,24.0,42.0,188.0,127.0,39.0,28.0,27,2017-18,69.3,50.0
228765,T. Kleindienst,FW,1995-08-31,Bundesliga,1134.0,21.0,279.0,183.0,3.0,2.0,1.0,13.0,21.0,898.8000000000002,20.0,14.0,41.0,12.0,2.0,49.0,128.0,6.0,112.0,14.0,83.0,40.0,16.0,88.0,22,2017-18,65.6,38.3
15771,S. Langkamp,DF,1988-01-15,Bundesliga,1364.0,19.0,728.0,645.0,0.0,0.0,0.0,1.0,157.0,6130.949999999995,0.0,66.0,6.0,1.0,0.0,8.0,14.0,0.0,21.0,23.0,98.0,105.0,55.0,49.0,29,2017-18,88.6,57.1
15775,P. Verhaegh,DF,1983-09-01,Bundesliga,2618.0,31.0,1373.0,1112.0,7.0,2.0,9.0,46.0,255.0,9575.999999999996,70.0,150.0,6.0,3.0,2.0,39.0,83.0,12.0,12.0,31.0,150.0,128.0,49.0,32.0,34,2017-18,81.0,47.0
228768,J. Tah,DF,1996-02-11,Bundesliga,2426.0,28.0,1368.0,1218.0,4.0,1.0,2.0,14.0,278.0,10516.800000000001,5.0,110.0,6.0,1.0,0.0,49.0,86.0,8.0,41.0,41.0,125.0,115.0,65.0,84.0,21,2017-18,89.0,57.0
15777,D. Baier,MF,1984-05-18,Bundesliga,2543.0,29.0,1491.0,1164.0,6.0,0.0,14.0,39.0,277.0,11070.150000000007,28.0,275.0,28.0,5.0,0.0,69.0,133.0,12.0,15.0,51.0,204.0,172.0,45.0,31.0,33,2017-18,78.1,51.9
99749,R. Gikiewicz,GK,1987-10-26,Bundesliga,153.0,2.0,40.0,34.0,0.0,0.0,0.0,0.0,27.0,1125.6,0.0,27.0,0.0,0.0,0.0,0.0,0.0,0.0,0.0,0.0,0.0,2.0,1.0,0.0,30,2017-18,85.0,
224677,J. Weigl,MF,1995-09-08,Bundesliga,1941.0,25.0,1170.0,1031.0,1.0,0.0,6.0,15.0,142.0,6769.350000000001,7.0,90.0,5.0,1.0,1.0,54.0,80.0,8.0,4.0,39.0,164.0,117.0,28.0,36.0,22,2017-18,88.1,67.5
15782,J. Morávek,MF,1989-11-01,Bundesliga,736.0,16.0,321.0,265.0,2.0,0.0,4.0,8.0,39.0,1722.0000000000002,2.0,29.0,2.0,1.0,0.0,10.0,25.0,1.0,6.0,29.0,100.0,48.0,7.0,15.0,28,2017-18,82.6,40.0
26021,S. Falette,DF,1992-02-19,Ligue 1,2326.0,28.0,1198.0,981.0,1.0,0.0,0.0,14.0,273.0,10087.349999999993,13.0,198.0,15.0,2.0,1.0,38.0,69.0,5.0,30.0,48.0,170.0,148.0,90.0,84.0,25,2017-18,81.9,55.1
224680,M. Wolf,MF,1995-05-27,Bundesliga,2369.0,28.0,825.0,580.0,11.0,6.0,14.0,52.0,127.0,4621.050000000001,79.0,86.0,30.0,14.0,5.0,108.0,215.0,28.0,97.0,27.0,190.0,112.0,19.0,10.0,22,2017-18,70.3,50.2
15781,Ja-Cheol Koo,MF,1989-02-27,Bundesliga,2050.0,28.0,737.0,616.0,3.0,0.0,5.0,18.0,72.0,3437.699999999999,9.0,49.0,26.0,7.0,2.0,84.0,178.0,5.0,75.0,32.0,142.0,100.0,17.0,55.0,28,2017-18,83.6,47.2
15795,K. Casteels,GK,1992-06-25,Bundesliga,3060.0,34.0,897.0,771.0,0.0,0.0,0.0,2.0,480.0,19679.1,0.0,386.0,0.0,0.0,0.0,3.0,3.0,0.0,0.0,1.0,3.0,62.0,15.0,20.0,25,2017-18,86.0,100.0
15797,T. Starke,GK,1981-03-18,Bundesliga,180.0,2.0,42.0,36.0,0.0,0.0,0.0,0.0,21.0,766.4999999999999,0.0,14.0,0.0,0.0,0.0,0.0,0.0,0.0,0.0,0.0,0.0,5.0,0.0,0.0,36,2017-18,85.7,
15798,A. Beck,DF,1987-03-13,Bundesliga,1931.0,23.0,870.0,646.0,5.0,1.0,1.0,30.0,127.0,4785.899999999996,85.0,133.0,7.0,2.0,1.0,56.0,101.0,7.0,25.0,26.0,158.0,81.0,28.0,49.0,30,2017-18,74.3,55.4
15800,M. Compper,DF,1985-06-14,Bundesliga,90.0,2.0,58.0,56.0,0.0,0.0,0.0,0.0,8.0,484.04999999999995,0.0,7.0,0.0,0.0,0.0,0.0,1.0,0.0,0.0,1.0,5.0,6.0,3.0,4.0,32,2017-18,96.6,0.0
15804,F. Johnson,MF,1987-12-11,Bundesliga,421.0,9.0,110.0,71.0,2.0,0.0,1.0,5.0,10.0,376.95,6.0,10.0,4.0,2.0,1.0,9.0,26.0,2.0,16.0,3.0,23.0,21.0,1.0,4.0,30,2017-18,64.5,34.6
263614,N. Amiri,MF,1996-10-27,Bundesliga,1744.0,28.0,809.0,655.0,6.0,3.0,11.0,48.0,108.0,4010.9999999999977,42.0,56.0,46.0,17.0,2.0,102.0,187.0,24.0,84.0,20.0,141.0,60.0,6.0,9.0,21,2017-18,81.0,54.5
15806,J. Vestergaard,DF,1992-08-03,Bundesliga,2880.0,32.0,1829.0,1619.0,1.0,0.0,4.0,3.0,419.0,16605.749999999993,0.0,272.0,21.0,7.0,3.0,22.0,33.0,1.0,73.0,46.0,166.0,189.0,100.0,117.0,25,2017-18,88.5,66.7
15810,D. Kaiser,MF,1988-09-16,Bundesliga,272.0,8.0,136.0,100.0,1.0,0.0,1.0,8.0,21.0,757.0500000000002,8.0,15.0,4.0,1.0,0.0,6.0,12.0,1.0,3.0,1.0,18.0,8.0,5.0,4.0,29,2017-18,73.5,50.0
15811,S. Rudy,MF,1990-02-28,Bundesliga,1483.0,24.0,1013.0,906.0,1.0,1.0,10.0,21.0,139.0,5610.149999999999,11.0,51.0,18.0,6.0,1.0,26.0,58.0,1.0,12.0,34.0,132.0,67.0,2.0,15.0,27,2017-18,89.4,44.8
15812,S. Salihović,MF,1984-10-08,Bundesliga,368.0,10.0,199.0,160.0,1.0,0.0,0.0,6.0,20.0,881.9999999999999,10.0,19.0,9.0,3.0,1.0,16.0,43.0,1.0,14.0,5.0,23.0,9.0,0.0,7.0,33,2017-18,80.4,37.2
15813,T. Strobl,MF,1990-05-12,Bundesliga,111.0,4.0,65.0,58.0,0.0,0.0,0.0,0.0,7.0,333.9,0.0,5.0,0.0,0.0,0.0,4.0,5.0,0.0,1.0,1.0,8.0,9.0,2.0,6.0,27,2017-18,89.2,80.0
224709,M. Zetterer,GK,1995-07-12,Bundesliga,0.0,0.0,0.0,0.0,0.0,0.0,0.0,0.0,0.0,0.0,0.0,0.0,0.0,0.0,0.0,0.0,0.0,0.0,0.0,0.0,0.0,0.0,0.0,0.0,22,2017-18,,
15821,S. Schipplock,FW,1988-11-08,Bundesliga,334.0,9.0,53.0,34.0,0.0,0.0,0.0,1.0,3.0,153.3,1.0,3.0,4.0,1.0,0.0,13.0,36.0,1.0,32.0,2.0,24.0,4.0,1.0,18.0,29,2017-18,64.2,36.1
3535,J. de Guzmán,MF,1987-09-13,Bundesliga,1092.0,16.0,562.0,465.0,4.0,0.0,5.0,21.0,93.0,3576.300000000001,17.0,67.0,12.0,4.0,0.0,37.0,75.0,12.0,14.0,13.0,83.0,36.0,9.0,16.0,30,2017-18,82.7,49.3
89559,C. Aránguiz,MF,1989-04-17,Bundesliga,2306.0,27.0,1643.0,1443.0,1.0,1.0,10.0,41.0,279.0,11284.349999999988,15.0,158.0,32.0,5.0,1.0,103.0,163.0,8.0,46.0,59.0,213.0,140.0,25.0,13.0,28,2017-18,87.8,63.2
64995,G. Burgstaller,FW,1989-04-29,Bundesliga,2326.0,32.0,487.0,367.0,7.0,3.0,6.0,33.0,44.0,1707.3000000000004,27.0,13.0,48.0,26.0,11.0,128.0,396.0,11.0,213.0,11.0,93.0,54.0,8.0,45.0,28,2017-18,75.4,32.3
3566,Camacho,MF,1990-03-07,Bundesliga,953.0,11.0,455.0,373.0,0.0,0.0,3.0,5.0,80.0,3460.7999999999993,0.0,55.0,4.0,2.0,0.0,13.0,19.0,0.0,14.0,28.0,84.0,94.0,29.0,56.0,27,2017-18,82.0,68.4
329202,U. Garcia,DF,1996-01-11,Bundesliga,90.0,1.0,19.0,17.0,0.0,0.0,0.0,0.0,3.0,107.10000000000001,0.0,4.0,0.0,0.0,0.0,0.0,1.0,0.0,0.0,2.0,7.0,2.0,1.0,2.0,21,2017-18,89.5,0.0
65027,S. Ilsanker,MF,1989-05-18,Bundesliga,1318.0,20.0,860.0,738.0,2.0,1.0,6.0,22.0,175.0,6895.3499999999985,11.0,98.0,4.0,1.0,0.0,19.0,34.0,4.0,16.0,35.0,126.0,88.0,40.0,33.0,28,2017-18,85.8,55.9
26115,S. Sané,DF,1990-08-25,Bundesliga,2880.0,32.0,1559.0,1365.0,1.0,1.0,2.0,11.0,373.0,14074.2,5.0,191.0,27.0,11.0,4.0,58.0,107.0,15.0,79.0,56.0,199.0,281.0,130.0,226.0,27,2017-18,87.6,54.2
15877,A. Hahn,FW,1990-08-13,Bundesliga,1352.0,22.0,295.0,169.0,4.0,0.0,3.0,20.0,27.0,985.9499999999998,42.0,18.0,35.0,14.0,3.0,41.0,124.0,9.0,96.0,15.0,107.0,56.0,17.0,69.0,27,2017-18,57.3,33.1
302600,S. Serdar,MF,1997-04-11,Bundesliga,1698.0,25.0,539.0,452.0,2.0,0.0,6.0,17.0,56.0,2721.6,6.0,21.0,39.0,13.0,2.0,98.0,193.0,10.0,46.0,33.0,171.0,83.0,16.0,19.0,20,2017-18,83.9,50.8
65055,F. Kainz,MF,1992-10-24,Bundesliga,1689.0,29.0,669.0,498.0,7.0,1.0,16.0,50.0,92.0,3755.849999999999,70.0,42.0,33.0,12.0,3.0,104.0,202.0,42.0,52.0,13.0,109.0,56.0,14.0,17.0,25,2017-18,74.4,51.5
224801,I. Bebou,FW,1994-04-23,Bundesliga,2140.0,30.0,581.0,432.0,15.0,2.0,13.0,47.0,65.0,2539.9500000000003,68.0,16.0,48.0,18.0,5.0,191.0,384.0,33.0,103.0,26.0,109.0,75.0,8.0,68.0,23,2017-18,74.4,49.7
165425,D. Kohr,MF,1994-01-31,Bundesliga,1716.0,27.0,886.0,756.0,5.0,1.0,13.0,30.0,119.0,5110.350000000001,12.0,70.0,38.0,4.0,1.0,47.0,79.0,12.0,61.0,15.0,137.0,95.0,17.0,29.0,23,2017-18,85.3,59.5
65075,M. Hinteregger,DF,1992-09-07,Bundesliga,2653.0,30.0,1272.0,1035.0,3.0,0.0,5.0,12.0,307.0,12205.200000000006,7.0,259.0,24.0,3.0,0.0,27.0,45.0,7.0,38.0,68.0,197.0,160.0,75.0,68.0,25,2017-18,81.4,60.0
165431,K. Karaman,FW,1994-03-05,Bundesliga,846.0,20.0,248.0,193.0,4.0,0.0,2.0,12.0,24.0,975.4499999999996,17.0,4.0,17.0,3.0,1.0,59.0,127.0,10.0,36.0,9.0,44.0,22.0,8.0,14.0,23,2017-18,77.8,46.5
15937,D. Demme,MF,1991-11-21,Bundesliga,2286.0,30.0,1957.0,1647.0,6.0,3.0,16.0,59.0,299.0,12307.050000000001,28.0,217.0,9.0,3.0,0.0,74.0,130.0,7.0,21.0,36.0,220.0,146.0,25.0,18.0,26,2017-18,84.2,56.9
15942,L. Rupp,MF,1991-01-08,Bundesliga,1164.0,21.0,449.0,353.0,5.0,1.0,8.0,27.0,46.0,1948.7999999999995,18.0,21.0,16.0,7.0,3.0,57.0,144.0,11.0,52.0,26.0,127.0,58.0,12.0,4.0,27,2017-18,78.6,39.6
222798,R. Zentner,GK,1994-10-28,Bundesliga,1350.0,15.0,339.0,275.0,0.0,0.0,0.0,0.0,167.0,7324.800000000006,0.0,164.0,0.0,0.0,0.0,1.0,1.0,0.0,0.0,1.0,6.0,31.0,18.0,7.0,23,2017-18,81.1,100.0
15952,E. Bičakčić,DF,1990-01-24,Bundesliga,549.0,9.0,283.0,251.0,0.0,0.0,0.0,3.0,39.0,1700.9999999999995,0.0,27.0,1.0,1.0,0.0,5.0,9.0,4.0,5.0,9.0,58.0,43.0,22.0,16.0,27,2017-18,88.7,55.6
282194,L. Bénes,MF,1997-09-09,Bundesliga,37.0,2.0,24.0,19.0,2.0,0.0,0.0,3.0,6.0,161.70000000000002,2.0,2.0,1.0,0.0,0.0,2.0,2.0,1.0,1.0,1.0,5.0,3.0,1.0,0.0,20,2017-18,79.2,100.0
239191,M. Rashica,FW,1996-06-28,Bundesliga,385.0,9.0,107.0,70.0,2.0,0.0,0.0,12.0,7.0,332.85000000000014,31.0,6.0,13.0,4.0,1.0,51.0,97.0,7.0,23.0,3.0,24.0,8.0,1.0,1.0,21,2017-18,65.4,52.6
372316,M. Benger,MF,1998-07-02,Bundesliga,1.0,1.0,1.0,1.0,0.0,0.0,0.0,0.0,0.0,0.0,0.0,0.0,0.0,0.0,0.0,0.0,0.0,0.0,0.0,0.0,0.0,1.0,0.0,0.0,19,2017-18,100.0,
149091,M. Tisserand,DF,1993-01-10,Bundesliga,1249.0,16.0,658.0,558.0,0.0,0.0,1.0,8.0,127.0,5009.550000000001,29.0,87.0,6.0,1.0,0.0,40.0,71.0,6.0,16.0,15.0,88.0,80.0,27.0,36.0,24,2017-18,84.8,56.3
345707,B. Özcan,MF,1998-02-15,Bundesliga,1000.0,17.0,395.0,330.0,4.0,2.0,6.0,14.0,27.0,1333.4999999999995,8.0,19.0,12.0,6.0,1.0,67.0,168.0,8.0,32.0,11.0,53.0,25.0,4.0,9.0,19,2017-18,83.5,39.9
50800,Miiko Albornoz,DF,1990-11-30,Bundesliga,700.0,10.0,326.0,256.0,4.0,2.0,0.0,14.0,62.0,2182.95,29.0,49.0,4.0,1.0,0.0,26.0,42.0,5.0,12.0,12.0,67.0,42.0,20.0,14.0,27,2017-18,78.5,61.9
366193,B. Risa,DF,1998-02-13,Bundesliga,81.0,2.0,17.0,13.0,0.0,0.0,0.0,1.0,4.0,139.65,1.0,1.0,1.0,0.0,0.0,2.0,4.0,1.0,8.0,2.0,8.0,2.0,0.0,1.0,19,2017-18,76.5,50.0
228980,J. Gbamin,MF,1995-09-25,Bundesliga,2591.0,30.0,1094.0,902.0,1.0,2.0,3.0,12.0,176.0,7784.700000000002,11.0,143.0,28.0,10.0,1.0,120.0,214.0,44.0,21.0,73.0,242.0,185.0,55.0,72.0,22,2017-18,82.4,56.1
271990,L. Höler,FW,1994-07-10,Bundesliga,836.0,13.0,202.0,135.0,0.0,0.0,3.0,8.0,15.0,719.2500000000002,7.0,10.0,11.0,6.0,1.0,51.0,112.0,3.0,40.0,9.0,73.0,25.0,5.0,17.0,23,2017-18,66.8,45.5
145014,O. Bulut,MF,1994-04-16,Bundesliga,38.0,1.0,6.0,4.0,0.0,0.0,0.0,2.0,0.0,6.300000000000001,2.0,1.0,0.0,0.0,0.0,0.0,2.0,0.0,0.0,0.0,1.0,0.0,0.0,0.0,23,2017-18,66.7,0.0
472696,Sergio Gómez,MF,2000-09-04,Bundesliga,7.0,2.0,6.0,6.0,0.0,0.0,1.0,1.0,1.0,39.900000000000006,0.0,0.0,0.0,0.0,0.0,0.0,0.0,0.0,0.0,0.0,0.0,0.0,0.0,0.0,17,2017-18,100.0,
366203,J. Eggestein,FW,1998-05-08,Bundesliga,92.0,6.0,32.0,22.0,1.0,0.0,0.0,5.0,3.0,129.15,3.0,1.0,1.0,1.0,0.0,4.0,14.0,1.0,6.0,0.0,5.0,6.0,1.0,0.0,19,2017-18,68.8,28.6
212604,T. Jedvaj,DF,1995-11-28,Bundesliga,598.0,10.0,308.0,249.0,1.0,0.0,4.0,9.0,57.0,2294.2499999999995,11.0,29.0,3.0,1.0,0.0,14.0,18.0,5.0,9.0,7.0,40.0,29.0,17.0,11.0,22,2017-18,80.8,77.8
112253,M. Fabián,MF,1989-07-21,Bundesliga,418.0,7.0,173.0,148.0,3.0,0.0,3.0,12.0,15.0,752.8499999999997,5.0,12.0,17.0,4.0,1.0,21.0,59.0,4.0,16.0,2.0,24.0,4.0,1.0,7.0,28,2017-18,85.5,35.6
448127,C. Führich,MF,1998-01-09,Bundesliga,95.0,2.0,28.0,23.0,0.0,0.0,0.0,4.0,6.0,181.65,0.0,0.0,1.0,0.0,0.0,9.0,15.0,1.0,1.0,1.0,12.0,1.0,0.0,1.0,19,2017-18,82.1,60.0
224896,G. Holtmann,MF,1995-03-25,Bundesliga,900.0,17.0,279.0,194.0,3.0,1.0,2.0,19.0,32.0,1188.6000000000001,48.0,29.0,19.0,8.0,2.0,41.0,96.0,28.0,38.0,12.0,68.0,39.0,9.0,9.0,22,2017-18,69.5,42.7
343685,William,DF,1995-04-03,Bundesliga,1613.0,22.0,832.0,623.0,4.0,0.0,5.0,28.0,134.0,5264.700000000002,51.0,116.0,6.0,3.0,0.0,86.0,159.0,15.0,11.0,45.0,221.0,142.0,41.0,22.0,22,2017-18,74.9,54.1
145030,C. Stanko,MF,1993-07-26,Bundesliga,186.0,4.0,119.0,101.0,0.0,0.0,0.0,0.0,23.0,893.5499999999998,0.0,11.0,1.0,0.0,0.0,5.0,7.0,1.0,2.0,4.0,16.0,16.0,9.0,4.0,24,2017-18,84.9,71.4
366217,K. Danso,DF,1998-09-19,Bundesliga,1109.0,15.0,483.0,369.0,1.0,0.0,1.0,4.0,104.0,4422.600000000001,4.0,119.0,8.0,4.0,2.0,30.0,46.0,7.0,25.0,20.0,72.0,72.0,31.0,33.0,19,2017-18,76.4,65.2
16010,P. Tschauner,GK,1985-11-03,Bundesliga,2790.0,31.0,715.0,633.0,0.0,0.0,0.0,0.0,423.0,15943.199999999984,0.0,328.0,1.0,0.0,0.0,2.0,3.0,0.0,3.0,0.0,3.0,54.0,4.0,7.0,32,2017-18,88.5,66.7
16025,M. Kruse,FW,1988-03-19,Bundesliga,2455.0,29.0,1193.0,961.0,12.0,4.0,19.0,67.0,115.0,4762.799999999998,50.0,97.0,53.0,23.0,6.0,102.0,229.0,31.0,92.0,12.0,77.0,23.0,6.0,20.0,29,2017-18,80.6,44.5
16027,F. Bartels,MF,1987-02-07,Bundesliga,1129.0,14.0,375.0,293.0,9.0,2.0,10.0,29.0,35.0,1604.3999999999996,21.0,13.0,22.0,9.0,2.0,73.0,172.0,10.0,57.0,7.0,49.0,22.0,1.0,9.0,30,2017-18,78.1,42.4
65180,M. Gregoritsch,FW,1994-04-18,Bundesliga,2535.0,32.0,676.0,504.0,3.0,2.0,10.0,30.0,85.0,3164.7,18.0,59.0,90.0,36.0,13.0,68.0,192.0,9.0,178.0,12.0,84.0,102.0,39.0,111.0,23,2017-18,74.6,35.4
333477,A. Nübel,GK,1996-09-30,Bundesliga,44.0,1.0,13.0,11.0,0.0,0.0,0.0,0.0,5.0,263.55,0.0,5.0,0.0,0.0,0.0,0.0,0.0,0.0,0.0,1.0,1.0,1.0,0.0,0.0,21,2017-18,84.6,
343729,R. Kent,MF,1996-11-11,Bundesliga,240.0,6.0,61.0,42.0,0.0,0.0,0.0,1.0,4.0,176.39999999999998,7.0,2.0,8.0,2.0,0.0,17.0,39.0,2.0,12.0,2.0,12.0,5.0,1.0,1.0,21,2017-18,68.9,43.6
65207,R. Zulj,MF,1992-02-05,Bundesliga,206.0,5.0,90.0,68.0,1.0,0.0,1.0,5.0,10.0,297.15,2.0,1.0,5.0,0.0,0.0,7.0,20.0,0.0,19.0,0.0,9.0,7.0,1.0,8.0,25,2017-18,75.6,35.0
1722,V. Fischer,FW,1994-06-09,Bundesliga,331.0,10.0,99.0,77.0,2.0,0.0,2.0,6.0,8.0,395.85,3.0,3.0,6.0,2.0,0.0,22.0,48.0,2.0,21.0,4.0,16.0,8.0,0.0,3.0,23,2017-18,77.8,45.8
1729,R. Bazoer,MF,1996-10-12,Bundesliga,588.0,11.0,236.0,204.0,0.0,0.0,0.0,1.0,19.0,954.4499999999997,4.0,17.0,7.0,2.0,0.0,23.0,42.0,5.0,4.0,8.0,44.0,10.0,5.0,3.0,21,2017-18,86.4,54.8
286404,O. Käuper,MF,1997-01-09,Bundesliga,74.0,1.0,30.0,22.0,0.0,0.0,0.0,0.0,3.0,93.45000000000002,0.0,4.0,0.0,0.0,0.0,2.0,7.0,0.0,0.0,3.0,20.0,2.0,0.0,1.0,20,2017-18,73.3,28.6
224965,R. Framberger,DF,1995-09-06,Bundesliga,696.0,9.0,271.0,180.0,6.0,0.0,3.0,17.0,50.0,1865.8499999999985,40.0,35.0,1.0,1.0,0.0,25.0,41.0,10.0,12.0,15.0,56.0,29.0,12.0,14.0,22,2017-18,66.4,61.0
224971,E. Thommy,MF,1994-08-20,Bundesliga,1157.0,20.0,354.0,260.0,4.0,1.0,4.0,33.0,36.0,1553.999999999999,50.0,27.0,32.0,10.0,2.0,58.0,95.0,9.0,39.0,10.0,84.0,50.0,4.0,9.0,23,2017-18,73.4,61.1
40657,Wendell,DF,1993-07-20,Bundesliga,2170.0,26.0,1163.0,982.0,11.0,3.0,12.0,34.0,173.0,6840.750000000003,54.0,65.0,13.0,2.0,1.0,62.0,96.0,27.0,26.0,35.0,148.0,130.0,40.0,19.0,24,2017-18,84.4,64.6
448215,L. Maina,MF,1999-06-23,Bundesliga,32.0,2.0,18.0,16.0,0.0,1.0,0.0,2.0,3.0,108.14999999999999,1.0,0.0,0.0,0.0,0.0,6.0,8.0,3.0,4.0,0.0,4.0,2.0,0.0,0.0,18,2017-18,88.9,75.0
16094,S. Terodde,FW,1988-03-02,Bundesliga,2116.0,30.0,404.0,300.0,4.0,1.0,7.0,23.0,22.0,1161.3,3.0,12.0,42.0,17.0,7.0,91.0,282.0,2.0,213.0,19.0,79.0,29.0,8.0,95.0,29,2017-18,74.3,32.3
7904,S. Kalou,FW,1985-08-05,Bundesliga,2220.0,31.0,596.0,439.0,2.0,3.0,12.0,27.0,62.0,2672.2499999999986,19.0,25.0,48.0,23.0,12.0,114.0,263.0,24.0,115.0,11.0,84.0,74.0,15.0,30.0,32,2017-18,73.7,43.3
231139,K. Coman,FW,1996-06-13,Bundesliga,1147.0,21.0,583.0,483.0,8.0,3.0,6.0,66.0,40.0,1832.2499999999977,82.0,16.0,26.0,13.0,3.0,174.0,291.0,42.0,110.0,6.0,38.0,21.0,3.0,12.0,21,2017-18,82.8,59.8
397028,D. Zagadou,DF,1999-06-03,Bundesliga,684.0,11.0,402.0,346.0,1.0,0.0,0.0,7.0,40.0,1674.7499999999995,13.0,14.0,7.0,2.0,1.0,8.0,26.0,0.0,19.0,15.0,57.0,61.0,23.0,34.0,18,2017-18,86.1,30.8
16110,K. Kampl,MF,1990-10-09,Bundesliga,2047.0,26.0,1162.0,997.0,10.0,1.0,14.0,59.0,169.0,7021.350000000005,37.0,66.0,29.0,9.0,1.0,65.0,128.0,26.0,44.0,33.0,147.0,111.0,15.0,12.0,27,2017-18,85.8,50.8
337647,F. Müller,GK,1997-11-13,Bundesliga,450.0,5.0,102.0,86.0,0.0,0.0,0.0,0.0,57.0,2146.2000000000007,0.0,42.0,0.0,0.0,0.0,0.0,0.0,0.0,0.0,0.0,0.0,9.0,2.0,3.0,20,2017-18,84.3,
255732,P. Lienhart,DF,1996-07-11,Bundesliga,868.0,11.0,392.0,336.0,0.0,0.0,1.0,2.0,70.0,2972.55,0.0,60.0,1.0,0.0,0.0,8.0,12.0,1.0,6.0,9.0,48.0,65.0,44.0,15.0,21,2017-18,85.7,66.7
448246,P. Dárdai,FW,1999-04-24,Bundesliga,25.0,2.0,9.0,7.0,0.0,0.0,0.0,0.0,1.0,42.0,0.0,0.0,0.0,0.0,0.0,1.0,2.0,1.0,1.0,0.0,4.0,2.0,0.0,0.0,18,2017-18,77.8,50.0
337656,T. Knöll,FW,1997-09-13,Bundesliga,17.0,1.0,3.0,3.0,0.0,0.0,0.0,0.0,1.0,45.150000000000006,0.0,0.0,0.0,0.0,0.0,0.0,0.0,0.0,1.0,0.0,1.0,1.0,0.0,0.0,20,2017-18,100.0,
208652,V. Lazaro,MF,1996-03-24,Bundesliga,1859.0,26.0,599.0,452.0,9.0,3.0,7.0,35.0,44.0,2220.7500000000014,45.0,43.0,16.0,10.0,1.0,76.0,194.0,25.0,53.0,28.0,139.0,78.0,16.0,19.0,21,2017-18,75.5,39.2
218896,O. Duda,MF,1994-12-05,Bundesliga,743.0,17.0,296.0,250.0,1.0,0.0,3.0,8.0,24.0,1160.2499999999995,6.0,11.0,9.0,3.0,1.0,36.0,68.0,2.0,11.0,10.0,60.0,25.0,1.0,15.0,23,2017-18,84.5,52.9
337682,F. Uduokhai,DF,1997-09-09,Bundesliga,1562.0,19.0,859.0,753.0,0.0,0.0,2.0,4.0,136.0,6249.600000000001,2.0,77.0,4.0,1.0,1.0,28.0,43.0,9.0,19.0,30.0,134.0,110.0,42.0,41.0,20,2017-18,87.7,65.1
69411,A. Kramarić,FW,1991-06-19,Bundesliga,2220.0,34.0,812.0,644.0,14.0,6.0,15.0,80.0,83.0,3742.1999999999975,76.0,70.0,82.0,35.0,13.0,146.0,250.0,24.0,158.0,6.0,50.0,42.0,8.0,9.0,26,2017-18,79.3,58.4
284469,J. Brekalo,MF,1998-06-23,Bundesliga,1596.0,27.0,600.0,428.0,7.0,1.0,7.0,32.0,46.0,2140.9499999999994,55.0,33.0,31.0,13.0,4.0,139.0,255.0,24.0,65.0,22.0,102.0,29.0,2.0,9.0,19,2017-18,71.3,54.5
337732,C. Teuchert,FW,1997-01-14,Bundesliga,30.0,3.0,9.0,6.0,0.0,0.0,0.0,1.0,0.0,13.65,2.0,0.0,5.0,2.0,0.0,4.0,10.0,2.0,10.0,1.0,3.0,1.0,0.0,0.0,20,2017-18,66.7,40.0
51013,R. Quaison,MF,1993-10-09,Bundesliga,1407.0,24.0,259.0,193.0,0.0,1.0,2.0,14.0,19.0,961.7999999999997,9.0,14.0,39.0,16.0,4.0,70.0,187.0,6.0,95.0,8.0,67.0,30.0,7.0,30.0,24,2017-18,74.5,37.4
403273,V. Osimhen,FW,1998-12-29,Bundesliga,280.0,11.0,72.0,51.0,0.0,0.0,0.0,1.0,1.0,114.45,9.0,1.0,7.0,2.0,0.0,14.0,43.0,0.0,37.0,2.0,10.0,13.0,9.0,26.0,19,2017-18,70.8,32.6
208716,A. Schöpf,MF,1994-02-07,Bundesliga,806.0,15.0,341.0,277.0,2.0,0.0,3.0,15.0,41.0,1580.2499999999998,12.0,19.0,8.0,2.0,0.0,32.0,72.0,8.0,16.0,22.0,108.0,48.0,12.0,7.0,23,2017-18,81.2,44.4
491365,J. Arp,FW,2000-01-06,Bundesliga,844.0,17.0,126.0,85.0,1.0,0.0,2.0,4.0,7.0,375.90000000000003,6.0,5.0,17.0,7.0,2.0,41.0,123.0,3.0,75.0,5.0,52.0,14.0,5.0,12.0,18,2017-18,67.5,33.3
272234,M. Dräger,MF,1996-06-25,Bundesliga,50.0,2.0,11.0,5.0,0.0,0.0,0.0,0.0,0.0,13.650000000000002,0.0,1.0,0.0,0.0,0.0,1.0,5.0,1.0,2.0,1.0,3.0,2.0,0.0,0.0,21,2017-18,45.5,20.0
284524,J. Horn,DF,1997-02-06,Bundesliga,828.0,11.0,289.0,230.0,4.0,0.0,0.0,13.0,52.0,1817.550000000001,20.0,34.0,2.0,0.0,0.0,17.0,28.0,11.0,4.0,10.0,50.0,47.0,13.0,9.0,20,2017-18,79.6,60.7
337775,F. Reese,FW,1997-11-29,Bundesliga,68.0,6.0,18.0,16.0,0.0,0.0,0.0,2.0,1.0,78.75,0.0,0.0,4.0,0.0,0.0,4.0,8.0,2.0,3.0,2.0,7.0,1.0,2.0,0.0,20,2017-18,88.9,50.0
83836,A. Maxim,MF,1990-07-08,Bundesliga,959.0,21.0,376.0,313.0,3.0,0.0,1.0,11.0,59.0,2192.4,7.0,25.0,27.0,5.0,2.0,51.0,120.0,18.0,32.0,13.0,73.0,28.0,4.0,3.0,27,2017-18,83.2,42.5
253822,J. Pavlenka,GK,1992-04-14,Bundesliga,3060.0,34.0,741.0,630.0,0.0,0.0,0.0,0.0,403.0,15814.05,0.0,341.0,0.0,0.0,0.0,2.0,2.0,0.0,0.0,0.0,0.0,65.0,11.0,15.0,25,2017-18,85.0,100.0
337799,A. Ouahim,MF,1997-09-23,Bundesliga,18.0,1.0,8.0,6.0,0.0,0.0,0.0,0.0,1.0,46.2,1.0,0.0,1.0,0.0,0.0,4.0,7.0,0.0,3.0,1.0,2.0,0.0,0.0,0.0,20,2017-18,75.0,57.1
149389,J. Toljan,DF,1994-08-08,Bundesliga,1389.0,18.0,748.0,629.0,4.0,2.0,1.0,20.0,87.0,3670.800000000002,38.0,52.0,8.0,3.0,1.0,45.0,74.0,27.0,22.0,22.0,109.0,79.0,31.0,15.0,23,2017-18,84.1,60.8
284580,Ailton,DF,1995-03-16,Bundesliga,106.0,5.0,49.0,37.0,1.0,0.0,0.0,2.0,4.0,296.09999999999997,4.0,5.0,0.0,0.0,0.0,7.0,13.0,0.0,6.0,3.0,18.0,13.0,2.0,4.0,22,2017-18,75.5,53.8
16303,D. Latza,MF,1989-12-07,Bundesliga,2354.0,29.0,1144.0,940.0,6.0,1.0,10.0,30.0,157.0,6372.450000000004,11.0,83.0,38.0,9.0,2.0,103.0,180.0,12.0,46.0,38.0,239.0,143.0,34.0,71.0,28,2017-18,82.2,57.2
20402,K. Boateng,MF,1987-03-06,Bundesliga,2362.0,31.0,997.0,797.0,5.0,1.0,16.0,37.0,136.0,5257.350000000002,24.0,96.0,39.0,13.0,6.0,177.0,340.0,7.0,103.0,26.0,150.0,109.0,36.0,77.0,30,2017-18,79.9,52.1
235450,A. Diallo,DF,1996-05-04,Bundesliga,2416.0,27.0,1047.0,835.0,1.0,0.0,4.0,27.0,242.0,9423.750000000002,28.0,179.0,11.0,3.0,2.0,79.0,130.0,9.0,37.0,76.0,237.0,116.0,49.0,82.0,21,2017-18,79.8,60.8
51132,E. Forsberg,MF,1991-10-23,Bundesliga,1414.0,21.0,507.0,415.0,9.0,2.0,14.0,27.0,37.0,1912.049999999999,13.0,14.0,34.0,9.0,2.0,100.0,194.0,11.0,53.0,5.0,65.0,28.0,2.0,4.0,26,2017-18,81.9,51.5
425923,G. Itter,DF,1999-01-05,Bundesliga,414.0,5.0,150.0,117.0,1.0,0.0,1.0,6.0,22.0,829.5000000000002,10.0,7.0,0.0,0.0,0.0,14.0,20.0,4.0,0.0,9.0,61.0,24.0,8.0,3.0,19,2017-18,78.0,70.0
425925,K. Havertz,MF,1999-06-11,Bundesliga,2141.0,30.0,1008.0,853.0,8.0,5.0,14.0,48.0,100.0,4530.750000000005,29.0,46.0,34.0,14.0,3.0,113.0,236.0,27.0,101.0,19.0,100.0,79.0,9.0,83.0,18,2017-18,84.6,47.9
425926,A. Maier,MF,1999-01-08,Bundesliga,1227.0,17.0,614.0,521.0,5.0,1.0,4.0,19.0,71.0,3280.1999999999985,12.0,35.0,12.0,1.0,0.0,18.0,47.0,14.0,15.0,16.0,96.0,66.0,14.0,9.0,18,2017-18,84.9,38.3
272338,L. Klünter,DF,1996-05-26,Bundesliga,1335.0,19.0,407.0,269.0,7.0,0.0,4.0,19.0,55.0,1888.9499999999998,61.0,41.0,16.0,6.0,1.0,64.0,131.0,12.0,42.0,16.0,103.0,59.0,14.0,23.0,21,2017-18,66.1,48.9
217052,R. Steffen,MF,1991-11-03,Bundesliga,656.0,14.0,214.0,167.0,1.0,1.0,1.0,9.0,19.0,805.3499999999999,17.0,17.0,4.0,1.0,0.0,16.0,41.0,7.0,20.0,10.0,57.0,23.0,3.0,2.0,26,2017-18,78.0,39.0
337890,M. Mittelstädt,DF,1997-03-18,Bundesliga,423.0,11.0,150.0,111.0,2.0,0.0,3.0,6.0,15.0,673.0500000000001,17.0,14.0,9.0,6.0,0.0,20.0,44.0,4.0,6.0,9.0,51.0,21.0,11.0,11.0,20,2017-18,74.0,45.5
272363,M. Dahoud,MF,1996-01-01,Bundesliga,1139.0,23.0,665.0,563.0,4.0,4.0,13.0,31.0,78.0,3337.9500000000007,8.0,40.0,25.0,7.0,0.0,37.0,77.0,16.0,30.0,21.0,120.0,46.0,5.0,6.0,22,2017-18,84.7,48.1
337903,E. Rexhbecaj,MF,1997-11-01,Bundesliga,125.0,4.0,48.0,34.0,0.0,0.0,1.0,3.0,5.0,211.05,2.0,6.0,0.0,0.0,0.0,4.0,11.0,3.0,1.0,2.0,14.0,5.0,1.0,2.0,20,2017-18,70.8,36.4
69616,A. Rebić,FW,1993-09-21,Bundesliga,1761.0,25.0,445.0,267.0,11.0,2.0,13.0,54.0,40.0,1698.899999999999,49.0,21.0,39.0,23.0,6.0,166.0,335.0,24.0,145.0,19.0,131.0,46.0,5.0,30.0,24,2017-18,60.0,49.6
221172,A. Hack,DF,1993-09-08,Bundesliga,1287.0,15.0,592.0,481.0,1.0,0.0,2.0,6.0,167.0,6162.449999999999,4.0,107.0,11.0,4.0,1.0,17.0,28.0,5.0,39.0,43.0,118.0,122.0,57.0,76.0,24,2017-18,81.2,60.7
272378,P. Stenzel,DF,1996-03-20,Bundesliga,1939.0,25.0,842.0,661.0,5.0,0.0,4.0,24.0,129.0,4870.9500000000035,41.0,128.0,14.0,4.0,1.0,47.0,79.0,9.0,7.0,41.0,181.0,105.0,36.0,24.0,21,2017-18,78.5,59.5
20475,A. Vidal,MF,1987-05-22,Bundesliga,1459.0,22.0,1109.0,1006.0,4.0,2.0,11.0,34.0,140.0,6319.950000000003,9.0,83.0,44.0,20.0,6.0,26.0,53.0,4.0,83.0,43.0,164.0,106.0,10.0,43.0,30,2017-18,90.7,49.1
368642,G. Crociata,MF,1997-08-11,Serie A,270.0,10.0,76.0,56.0,1.0,0.0,0.0,2.0,4.0,236.24999999999997,1.0,5.0,9.0,3.0,1.0,17.0,31.0,3.0,9.0,3.0,35.0,9.0,0.0,3.0,20,2017-18,73.7,54.8
20483,A. Mirante,GK,1983-07-08,Serie A,2970.0,33.0,727.0,630.0,0.0,0.0,0.0,1.0,455.0,16705.5,0.0,328.0,0.0,0.0,0.0,2.0,3.0,0.0,1.0,0.0,4.0,56.0,12.0,13.0,34,2017-18,86.7,66.7
241676,R. Gagliardini,MF,1994-04-07,Serie A,1986.0,30.0,1349.0,1175.0,3.0,0.0,9.0,29.0,168.0,7691.250000000001,16.0,87.0,22.0,2.0,0.0,50.0,103.0,11.0,52.0,37.0,201.0,130.0,17.0,67.0,23,2017-18,87.1,48.5
20495,M. Gobbi,DF,1980-10-31,Serie A,2049.0,24.0,1033.0,793.0,10.0,2.0,4.0,47.0,214.0,7663.950000000004,80.0,199.0,6.0,0.0,0.0,28.0,64.0,22.0,17.0,31.0,164.0,94.0,43.0,20.0,37,2017-18,76.8,43.8
20503,S. Floccari,FW,1981-11-12,Serie A,877.0,19.0,222.0,177.0,2.0,0.0,3.0,12.0,17.0,713.9999999999997,10.0,9.0,20.0,6.0,3.0,54.0,142.0,4.0,56.0,15.0,39.0,14.0,6.0,28.0,36,2017-18,79.7,38.0
22552,V. Belec,GK,1990-06-06,Serie A,1350.0,15.0,269.0,222.0,0.0,0.0,0.0,0.0,121.0,5065.2000000000035,0.0,104.0,0.0,0.0,0.0,3.0,3.0,0.0,0.0,0.0,1.0,18.0,6.0,6.0,27,2017-18,82.5,100.0
69658,P. Brlek,MF,1994-01-29,Serie A,233.0,4.0,103.0,86.0,1.0,0.0,0.0,1.0,9.0,471.4499999999998,2.0,3.0,3.0,1.0,0.0,5.0,14.0,1.0,3.0,6.0,20.0,6.0,1.0,2.0,23,2017-18,83.5,35.7
20506,R. Palladino,FW,1984-04-17,Serie A,230.0,4.0,92.0,72.0,5.0,0.0,0.0,13.0,10.0,319.2,15.0,8.0,4.0,4.0,0.0,15.0,23.0,1.0,16.0,1.0,8.0,4.0,0.0,0.0,33,2017-18,78.3,65.2
22559,F. Migliore,DF,1988-04-17,Serie A,329.0,6.0,132.0,97.0,2.0,0.0,0.0,5.0,15.0,544.9500000000003,11.0,13.0,1.0,0.0,0.0,11.0,22.0,7.0,5.0,6.0,25.0,12.0,8.0,5.0,29,2017-18,73.5,50.0
20512,M. Bianchetti,DF,1993-03-17,Serie A,123.0,2.0,50.0,36.0,0.0,0.0,0.0,1.0,16.0,455.7,4.0,10.0,0.0,0.0,0.0,0.0,1.0,0.0,1.0,2.0,18.0,10.0,7.0,5.0,24,2017-18,72.0,0.0
20516,D. Faraoni,DF,1991-10-25,Serie A,1749.0,28.0,732.0,541.0,1.0,2.0,4.0,23.0,135.0,4981.2000000000035,48.0,145.0,13.0,5.0,2.0,44.0,91.0,16.0,19.0,35.0,172.0,138.0,53.0,24.0,26,2017-18,73.9,48.4
20517,Y. Nagatomo,DF,1986-09-12,Serie A,794.0,11.0,303.0,248.0,5.0,0.0,2.0,15.0,44.0,1566.599999999999,14.0,33.0,4.0,1.0,0.0,27.0,48.0,3.0,9.0,16.0,69.0,41.0,17.0,12.0,31,2017-18,81.8,56.2
22566,A. Florenzi,MF,1991-03-11,Serie A,2384.0,32.0,1490.0,1165.0,16.0,4.0,7.0,77.0,269.0,9997.050000000005,131.0,229.0,40.0,7.0,1.0,55.0,93.0,42.0,85.0,36.0,187.0,161.0,36.0,22.0,26,2017-18,78.2,59.1
20519,A. Ranocchia,DF,1988-02-16,Serie A,627.0,11.0,305.0,274.0,0.0,0.0,0.0,0.0,56.0,2715.2999999999993,0.0,23.0,7.0,3.0,2.0,2.0,3.0,0.0,19.0,13.0,45.0,37.0,16.0,27.0,29,2017-18,89.8,66.7
20518,Juan Jesus,DF,1991-06-10,Serie A,1688.0,22.0,1128.0,1012.0,2.0,0.0,0.0,11.0,203.0,9167.55,6.0,139.0,2.0,1.0,0.0,14.0,36.0,2.0,6.0,50.0,152.0,80.0,32.0,20.0,26,2017-18,89.7,38.9
20523,R. Álvarez,MF,1988-04-12,Serie A,263.0,11.0,157.0,125.0,1.0,0.0,0.0,7.0,11.0,510.2999999999999,11.0,6.0,8.0,3.0,1.0,22.0,48.0,4.0,14.0,4.0,23.0,12.0,1.0,8.0,29,2017-18,79.6,45.8
20525,J. Obi,MF,1991-05-22,Serie A,1202.0,22.0,538.0,450.0,1.0,1.0,1.0,14.0,56.0,2653.3500000000004,18.0,41.0,15.0,8.0,5.0,47.0,86.0,8.0,39.0,20.0,124.0,53.0,15.0,28.0,26,2017-18,83.6,54.7
20526,L. Crisetig,MF,1993-01-20,Serie A,560.0,8.0,339.0,300.0,0.0,0.0,0.0,4.0,53.0,2354.1000000000004,2.0,27.0,1.0,0.0,0.0,14.0,25.0,0.0,3.0,11.0,67.0,39.0,11.0,6.0,24,2017-18,88.5,56.0
45,G. van der Wiel,DF,1988-02-03,Serie A,288.0,5.0,133.0,108.0,1.0,0.0,0.0,3.0,15.0,716.1000000000004,10.0,13.0,1.0,0.0,0.0,5.0,12.0,1.0,2.0,7.0,22.0,17.0,9.0,7.0,29,2017-18,81.2,41.7
20529,A. Poli,MF,1989-09-29,Serie A,2566.0,32.0,1203.0,1093.0,10.0,0.0,10.0,25.0,120.0,5472.600000000004,22.0,33.0,13.0,4.0,2.0,97.0,197.0,9.0,40.0,56.0,244.0,136.0,11.0,18.0,28,2017-18,90.9,49.2
481329,P. Pellegri,FW,2001-03-17,Ligue 1,302.0,9.0,39.0,31.0,1.0,0.0,0.0,2.0,3.0,108.15,3.0,0.0,7.0,2.0,2.0,14.0,27.0,2.0,33.0,1.0,27.0,5.0,0.0,10.0,16,2017-18,79.5,51.9
340019,Gerson,MF,1997-05-20,Serie A,903.0,24.0,495.0,449.0,7.0,0.0,4.0,20.0,54.0,2231.2499999999986,11.0,25.0,8.0,3.0,2.0,53.0,111.0,5.0,33.0,13.0,77.0,29.0,7.0,24.0,20,2017-18,90.7,47.7
342075,N. Haas,MF,1996-01-23,Serie A,166.0,8.0,94.0,77.0,0.0,0.0,1.0,2.0,13.0,583.8000000000001,2.0,6.0,1.0,0.0,0.0,3.0,7.0,0.0,2.0,3.0,15.0,6.0,1.0,0.0,21,2017-18,81.9,42.9
20540,A. Bizzarri,GK,1977-11-09,Serie A,2880.0,32.0,636.0,516.0,0.0,0.0,0.0,0.0,333.0,12382.65,0.0,320.0,0.0,0.0,0.0,1.0,1.0,0.0,0.0,1.0,3.0,49.0,8.0,11.0,40,2017-18,81.1,100.0
415809,F. Depaoli,MF,1997-04-24,Serie A,1191.0,19.0,320.0,213.0,5.0,0.0,1.0,14.0,44.0,1747.200000000001,29.0,55.0,4.0,2.0,0.0,24.0,47.0,5.0,18.0,24.0,152.0,89.0,31.0,16.0,20,2017-18,66.6,51.1
20550,Ş. Radu,DF,1986-10-22,Serie A,2609.0,31.0,1609.0,1413.0,3.0,1.0,5.0,23.0,375.0,14261.100000000013,20.0,158.0,9.0,3.0,0.0,59.0,88.0,37.0,17.0,58.0,181.0,163.0,62.0,42.0,31,2017-18,87.8,67.0
41034,Rafael Tolói,DF,1990-10-10,Serie A,2473.0,30.0,1532.0,1283.0,3.0,3.0,6.0,24.0,317.0,12987.450000000003,19.0,242.0,18.0,6.0,1.0,37.0,67.0,17.0,52.0,73.0,239.0,188.0,70.0,51.0,27,2017-18,83.7,55.2
20556,A. Candreva,MF,1987-02-28,Serie A,2561.0,36.0,1455.0,1116.0,22.0,7.0,28.0,116.0,119.0,4853.0999999999985,219.0,115.0,72.0,26.0,0.0,174.0,272.0,67.0,104.0,14.0,94.0,80.0,11.0,1.0,30,2017-18,76.7,64.0
20561,S. Lulić,MF,1986-01-18,Serie A,2447.0,35.0,1254.0,973.0,11.0,4.0,12.0,74.0,169.0,6755.700000000007,113.0,158.0,16.0,8.0,3.0,164.0,284.0,53.0,96.0,51.0,267.0,121.0,25.0,22.0,31,2017-18,77.6,57.7
137298,J. Silva,DF,1994-06-29,Serie A,110.0,2.0,66.0,56.0,1.0,0.0,0.0,1.0,11.0,427.34999999999997,3.0,6.0,1.0,1.0,0.0,1.0,6.0,0.0,0.0,0.0,2.0,3.0,2.0,1.0,23,2017-18,84.8,16.7
22614,F. Lucioni,DF,1987-09-25,Serie A,720.0,8.0,265.0,207.0,0.0,0.0,0.0,0.0,61.0,2181.900000000001,1.0,57.0,6.0,1.0,0.0,6.0,8.0,2.0,13.0,11.0,39.0,62.0,44.0,15.0,30,2017-18,78.1,75.0
485464,Christian Rutjens,DF,1998-01-05,Serie A,2.0,1.0,5.0,4.0,0.0,0.0,0.0,0.0,2.0,61.95,0.0,1.0,0.0,0.0,0.0,0.0,0.0,0.0,0.0,1.0,1.0,0.0,0.0,0.0,20,2017-18,80.0,
333913,K. Lasagna,FW,1992-08-10,Serie A,2140.0,29.0,383.0,264.0,5.0,1.0,4.0,20.0,26.0,963.8999999999999,42.0,10.0,68.0,30.0,12.0,61.0,148.0,22.0,195.0,8.0,70.0,59.0,14.0,62.0,25,2017-18,68.9,41.2
403546,Lee Seung-Woo,FW,1998-01-06,Serie A,346.0,14.0,155.0,119.0,0.0,0.0,0.0,5.0,12.0,458.8500000000001,5.0,8.0,11.0,3.0,1.0,22.0,37.0,9.0,17.0,4.0,27.0,9.0,0.0,3.0,20,2017-18,76.8,59.5
20571,S. Handanovič,GK,1984-07-14,Serie A,3420.0,38.0,702.0,650.0,0.0,0.0,0.0,0.0,335.0,11583.599999999993,0.0,127.0,0.0,0.0,0.0,0.0,0.0,0.0,0.0,0.0,3.0,42.0,11.0,13.0,33,2017-18,92.6,
405597,A. Bastoni,DF,1999-04-13,Serie A,87.0,4.0,71.0,61.0,1.0,0.0,0.0,1.0,11.0,357.00000000000017,0.0,7.0,1.0,0.0,0.0,8.0,13.0,0.0,7.0,2.0,12.0,8.0,2.0,2.0,18,2017-18,85.9,61.5
20575,D. Basta,DF,1984-08-18,Serie A,778.0,11.0,325.0,249.0,3.0,1.0,1.0,22.0,34.0,1606.499999999999,35.0,44.0,9.0,3.0,0.0,16.0,29.0,5.0,23.0,11.0,46.0,36.0,6.0,6.0,33,2017-18,76.6,55.2
364640,S. Palombi,FW,1996-04-23,Serie A,67.0,1.0,13.0,13.0,0.0,0.0,0.0,1.0,1.0,34.650000000000006,1.0,0.0,0.0,0.0,0.0,1.0,6.0,0.0,1.0,1.0,2.0,1.0,0.0,0.0,21,2017-18,100.0,16.7
364641,S. Pontisso,MF,1997-03-20,Serie A,10.0,1.0,13.0,13.0,0.0,0.0,1.0,0.0,2.0,110.25,0.0,1.0,0.0,0.0,0.0,1.0,1.0,0.0,0.0,0.0,0.0,0.0,0.0,0.0,20,2017-18,100.0,100.0
405602,M. Antonucci,FW,1999-03-11,Serie A,31.0,2.0,15.0,11.0,0.0,1.0,0.0,2.0,1.0,28.35,5.0,0.0,0.0,0.0,0.0,2.0,2.0,0.0,3.0,0.0,1.0,1.0,0.0,0.0,18,2017-18,73.3,100.0
8291,Sandro,MF,1989-03-15,Serie A,1154.0,14.0,687.0,617.0,1.0,0.0,2.0,6.0,79.0,3648.7499999999995,4.0,22.0,15.0,4.0,1.0,26.0,42.0,3.0,15.0,29.0,94.0,98.0,32.0,17.0,28,2017-18,89.8,61.9
20579,M. Benatia,DF,1987-04-17,Serie A,1754.0,20.0,1338.0,1248.0,0.0,0.0,0.0,3.0,239.0,10948.35,0.0,107.0,10.0,4.0,2.0,21.0,35.0,1.0,27.0,46.0,127.0,116.0,50.0,49.0,30,2017-18,93.3,60.0
20583,Danilo,DF,1984-05-10,Serie A,2778.0,32.0,1315.0,1117.0,0.0,0.0,0.0,6.0,314.0,12853.050000000005,8.0,245.0,12.0,5.0,1.0,10.0,21.0,2.0,42.0,43.0,182.0,222.0,115.0,77.0,33,2017-18,84.9,47.6
405608,A. Pinamonti,FW,1999-05-19,Serie A,14.0,1.0,3.0,3.0,0.0,0.0,0.0,0.0,0.0,0.0,0.0,0.0,2.0,1.0,0.0,0.0,1.0,0.0,2.0,0.0,0.0,0.0,0.0,0.0,18,2017-18,100.0,0.0
20588,K. Asamoah,MF,1988-12-09,Serie A,1571.0,19.0,1134.0,1017.0,3.0,0.0,8.0,27.0,153.0,6041.7000000000035,38.0,66.0,7.0,1.0,0.0,75.0,126.0,21.0,11.0,28.0,104.0,76.0,13.0,15.0,29,2017-18,89.7,59.5
131184,Ali Adnan,DF,1993-12-19,Serie A,1668.0,23.0,639.0,477.0,7.0,1.0,2.0,30.0,95.0,3931.2000000000007,69.0,82.0,11.0,3.0,0.0,76.0,121.0,12.0,9.0,39.0,160.0,159.0,73.0,55.0,24,2017-18,74.6,62.8
114,K. Strootman,MF,1990-02-13,Serie A,2258.0,32.0,1392.0,1203.0,5.0,0.0,12.0,56.0,229.0,8913.449999999999,37.0,101.0,21.0,6.0,1.0,54.0,125.0,11.0,74.0,40.0,198.0,91.0,11.0,32.0,27,2017-18,86.4,43.2
8306,A. Kolarov,DF,1985-11-10,Serie A,3061.0,35.0,2043.0,1643.0,25.0,5.0,13.0,101.0,264.0,10566.149999999992,202.0,148.0,60.0,12.0,2.0,148.0,266.0,53.0,65.0,36.0,192.0,176.0,61.0,61.0,32,2017-18,80.4,55.6
122,D. Mertens,FW,1987-05-06,Serie A,3013.0,38.0,973.0,742.0,29.0,6.0,33.0,95.0,68.0,3210.9,53.0,31.0,120.0,49.0,18.0,157.0,314.0,14.0,282.0,24.0,111.0,44.0,8.0,5.0,30,2017-18,76.3,50.0
20604,Angelo da Costa,GK,1983-11-12,Serie A,360.0,4.0,111.0,101.0,0.0,0.0,0.0,2.0,56.0,2296.3500000000004,0.0,40.0,0.0,0.0,0.0,0.0,0.0,0.0,0.0,0.0,1.0,5.0,2.0,1.0,34,2017-18,91.0,
20609,A. Costa,DF,1986-02-01,Serie A,1378.0,16.0,653.0,539.0,2.0,0.0,3.0,12.0,151.0,6186.599999999993,8.0,138.0,6.0,0.0,0.0,7.0,9.0,5.0,21.0,30.0,99.0,82.0,51.0,29.0,31,2017-18,82.5,77.8
130,S. de Vrij,DF,1992-02-05,Serie A,3039.0,36.0,1507.0,1398.0,1.0,0.0,0.0,8.0,295.0,12827.84999999999,0.0,139.0,12.0,8.0,6.0,13.0,25.0,4.0,34.0,42.0,157.0,246.0,81.0,49.0,25,2017-18,92.8,52.0
8327,E. Džeko,FW,1986-03-17,Serie A,3019.0,36.0,704.0,530.0,12.0,2.0,13.0,54.0,85.0,3218.2499999999995,24.0,47.0,144.0,57.0,16.0,163.0,365.0,10.0,385.0,11.0,86.0,48.0,20.0,124.0,31,2017-18,75.3,44.7
20626,Eder,FW,1986-11-15,Serie A,778.0,27.0,233.0,199.0,6.0,0.0,3.0,19.0,18.0,750.75,18.0,9.0,28.0,10.0,3.0,35.0,79.0,7.0,75.0,2.0,40.0,14.0,2.0,9.0,31,2017-18,85.4,44.3
22677,G. Angella,DF,1989-04-28,Serie A,891.0,12.0,468.0,408.0,0.0,0.0,0.0,5.0,123.0,4412.1,3.0,77.0,4.0,1.0,0.0,4.0,7.0,0.0,17.0,26.0,81.0,81.0,39.0,33.0,28,2017-18,87.2,57.1
20632,C. Puggioni,GK,1981-01-17,Serie A,2070.0,23.0,484.0,416.0,0.0,0.0,0.0,1.0,227.0,8402.099999999999,0.0,163.0,0.0,0.0,0.0,1.0,1.0,0.0,0.0,0.0,2.0,59.0,3.0,10.0,36,2017-18,86.0,100.0
20633,S. Sorrentino,GK,1979-03-28,Serie A,3420.0,38.0,612.0,521.0,0.0,0.0,0.0,0.0,342.0,13509.299999999988,0.0,284.0,0.0,0.0,0.0,2.0,2.0,0.0,0.0,0.0,2.0,48.0,10.0,7.0,38,2017-18,85.1,100.0
260250,Wallace,DF,1994-10-14,Serie A,997.0,13.0,559.0,489.0,1.0,0.0,1.0,2.0,120.0,4618.950000000001,1.0,74.0,10.0,2.0,0.0,15.0,19.0,4.0,18.0,17.0,84.0,66.0,19.0,19.0,23,2017-18,87.5,78.9
20635,F. Acerbi,DF,1988-02-10,Serie A,3420.0,38.0,1514.0,1303.0,2.0,0.0,2.0,10.0,299.0,12225.149999999998,12.0,228.0,13.0,2.0,0.0,52.0,89.0,19.0,41.0,82.0,230.0,293.0,144.0,119.0,29,2017-18,86.1,58.4
20636,M. Andreolli,DF,1986-06-10,Serie A,1827.0,23.0,814.0,681.0,0.0,0.0,1.0,6.0,159.0,6789.299999999997,3.0,132.0,3.0,1.0,0.0,4.0,10.0,0.0,21.0,36.0,121.0,119.0,61.0,56.0,31,2017-18,83.7,40.0
90268,E. Pulgar,MF,1994-01-15,Serie A,2769.0,32.0,1627.0,1379.0,6.0,0.0,11.0,34.0,272.0,10722.599999999997,15.0,205.0,31.0,10.0,3.0,57.0,93.0,8.0,16.0,46.0,239.0,174.0,44.0,35.0,23,2017-18,84.8,61.3
20638,D. Dainelli,DF,1979-06-09,Serie A,1507.0,21.0,569.0,469.0,0.0,0.0,0.0,2.0,150.0,5904.150000000002,1.0,148.0,3.0,1.0,0.0,13.0,23.0,0.0,18.0,30.0,106.0,121.0,62.0,52.0,38,2017-18,82.4,56.5
20637,B. Cesar,DF,1982-07-09,Serie A,543.0,9.0,234.0,197.0,0.0,0.0,0.0,0.0,55.0,2207.1,0.0,43.0,0.0,0.0,0.0,5.0,6.0,1.0,5.0,7.0,28.0,30.0,16.0,19.0,35,2017-18,84.2,83.3
20639,B. Dramé,DF,1985-07-22,Serie A,89.0,4.0,45.0,36.0,0.0,0.0,0.0,1.0,6.0,231.00000000000003,2.0,4.0,0.0,0.0,0.0,1.0,4.0,1.0,1.0,2.0,2.0,5.0,1.0,1.0,32,2017-18,80.0,25.0
22686,F. Ceravolo,FW,1987-03-05,Serie A,58.0,1.0,10.0,9.0,0.0,0.0,0.0,0.0,0.0,16.8,0.0,0.0,2.0,1.0,0.0,4.0,8.0,0.0,4.0,0.0,2.0,2.0,0.0,0.0,30,2017-18,90.0,50.0
354470,E. Torrasi,MF,1999-03-16,Serie A,5.0,1.0,11.0,11.0,0.0,0.0,0.0,0.0,0.0,32.550000000000004,0.0,0.0,0.0,0.0,0.0,0.0,0.0,0.0,0.0,0.0,0.0,1.0,0.0,0.0,18,2017-18,100.0,
22695,N. Viola,MF,1989-10-12,Serie A,1857.0,24.0,1124.0,929.0,4.0,2.0,6.0,27.0,156.0,6599.250000000008,33.0,159.0,33.0,13.0,2.0,97.0,181.0,21.0,12.0,23.0,116.0,72.0,8.0,15.0,28,2017-18,82.7,53.6
22699,A. Ragusa,FW,1990-03-27,Serie A,813.0,30.0,221.0,165.0,6.0,1.0,0.0,16.0,19.0,906.1500000000001,26.0,7.0,22.0,6.0,0.0,55.0,99.0,13.0,66.0,17.0,76.0,37.0,8.0,10.0,27,2017-18,74.7,55.6
20653,P. Hetemaj,MF,1986-12-12,Serie A,2418.0,32.0,1123.0,922.0,8.0,2.0,7.0,38.0,108.0,5141.849999999999,89.0,59.0,27.0,8.0,3.0,156.0,264.0,19.0,50.0,41.0,278.0,127.0,32.0,20.0,31,2017-18,82.1,59.1
174,F. Đuričić,MF,1992-01-30,Serie A,983.0,16.0,369.0,301.0,3.0,1.0,7.0,16.0,41.0,1703.099999999999,8.0,7.0,13.0,7.0,0.0,74.0,148.0,43.0,40.0,15.0,60.0,28.0,5.0,3.0,25,2017-18,81.6,50.0
20655,L. Rigoni,MF,1984-12-07,Serie A,1580.0,23.0,526.0,446.0,4.0,2.0,3.0,21.0,80.0,3150.000000000001,15.0,51.0,17.0,9.0,2.0,28.0,55.0,10.0,47.0,24.0,131.0,63.0,8.0,21.0,33,2017-18,84.8,50.9
20661,A. Paloschi,FW,1990-01-04,Serie A,2191.0,36.0,360.0,277.0,2.0,0.0,2.0,11.0,19.0,895.6499999999999,11.0,14.0,26.0,11.0,7.0,71.0,206.0,1.0,110.0,6.0,81.0,18.0,8.0,23.0,28,2017-18,76.9,34.5
20662,S. Pellissier,FW,1979-04-12,Serie A,541.0,19.0,91.0,70.0,0.0,0.0,0.0,7.0,2.0,176.39999999999995,5.0,1.0,8.0,3.0,1.0,17.0,39.0,4.0,38.0,2.0,18.0,6.0,2.0,17.0,38,2017-18,76.9,43.6
20663,C. Théréau,FW,1983-04-24,Serie A,1306.0,22.0,513.0,431.0,3.0,3.0,7.0,17.0,30.0,1703.0999999999997,25.0,8.0,31.0,15.0,7.0,76.0,176.0,26.0,77.0,11.0,60.0,37.0,9.0,41.0,34,2017-18,84.0,43.2
192,J. Vuković,DF,1988-06-10,Serie A,1334.0,15.0,509.0,444.0,0.0,1.0,0.0,4.0,117.0,4586.400000000004,2.0,71.0,3.0,1.0,1.0,18.0,30.0,0.0,16.0,6.0,37.0,137.0,62.0,37.0,29,2017-18,87.2,60.0
22732,F. Pisacane,DF,1986-01-28,Serie A,1978.0,24.0,986.0,823.0,1.0,0.0,1.0,13.0,203.0,8432.549999999997,15.0,152.0,3.0,1.0,0.0,21.0,41.0,7.0,11.0,49.0,197.0,132.0,62.0,51.0,31,2017-18,83.5,51.2
20689,G. Ramírez,MF,1990-12-02,Serie A,2222.0,37.0,942.0,750.0,14.0,7.0,22.0,63.0,89.0,3604.6500000000005,46.0,65.0,49.0,21.0,3.0,198.0,381.0,16.0,109.0,30.0,167.0,64.0,14.0,33.0,27,2017-18,79.6,52.0
20690,S. Taïder,MF,1992-02-29,Serie A,379.0,9.0,204.0,184.0,2.0,1.0,1.0,4.0,26.0,920.8499999999998,10.0,10.0,4.0,1.0,0.0,16.0,26.0,0.0,6.0,3.0,23.0,8.0,2.0,4.0,25,2017-18,90.2,61.5
20707,S. De Maio,DF,1987-03-05,Serie A,2051.0,26.0,1061.0,894.0,1.0,0.0,3.0,10.0,206.0,8881.949999999999,7.0,145.0,5.0,2.0,2.0,9.0,25.0,4.0,22.0,33.0,146.0,162.0,96.0,35.0,30,2017-18,84.3,36.0
86243,D. Zapata,FW,1991-04-01,Serie A,2113.0,31.0,503.0,371.0,7.0,2.0,6.0,28.0,21.0,1130.85,57.0,6.0,51.0,25.0,11.0,135.0,365.0,20.0,205.0,8.0,58.0,32.0,13.0,71.0,26,2017-18,73.8,37.0
262384,L. Vido,FW,1997-02-03,Serie A,69.0,4.0,29.0,28.0,2.0,0.0,0.0,4.0,2.0,112.35,4.0,2.0,3.0,1.0,0.0,8.0,12.0,0.0,9.0,2.0,7.0,0.0,0.0,1.0,20,2017-18,96.6,66.7
354547,J. Jankto,MF,1996-01-19,Serie A,2651.0,36.0,1059.0,790.0,17.0,4.0,19.0,72.0,128.0,4924.500000000001,82.0,89.0,58.0,14.0,4.0,76.0,141.0,50.0,113.0,14.0,154.0,90.0,16.0,19.0,21,2017-18,74.6,53.9
20723,B. Salamon,DF,1991-05-01,Serie A,1727.0,22.0,849.0,718.0,2.0,0.0,1.0,13.0,182.0,7194.6,12.0,135.0,10.0,1.0,0.0,9.0,19.0,5.0,33.0,50.0,144.0,153.0,73.0,59.0,26,2017-18,84.6,47.4
354552,S. Edera,FW,1997-01-09,Serie A,316.0,14.0,102.0,78.0,1.0,1.0,2.0,5.0,5.0,297.1499999999999,2.0,1.0,8.0,5.0,1.0,21.0,57.0,8.0,10.0,4.0,38.0,5.0,1.0,0.0,20,2017-18,76.5,36.8
24838,G. Letizia,DF,1990-06-29,Serie A,2167.0,29.0,1065.0,829.0,8.0,0.0,9.0,36.0,146.0,6019.649999999995,112.0,99.0,22.0,6.0,1.0,130.0,207.0,59.0,21.0,42.0,187.0,118.0,13.0,22.0,27,2017-18,77.8,62.8
295176,R. Gosens,DF,1994-06-05,Serie A,1452.0,21.0,744.0,601.0,6.0,1.0,4.0,35.0,107.0,4114.95,47.0,42.0,10.0,2.0,1.0,32.0,55.0,14.0,29.0,34.0,140.0,77.0,34.0,18.0,23,2017-18,80.8,58.2
20748,N. Tomović,DF,1987-08-30,Serie A,2439.0,29.0,1050.0,895.0,1.0,0.0,0.0,9.0,198.0,8489.25000000001,22.0,141.0,10.0,2.0,0.0,18.0,36.0,4.0,44.0,57.0,193.0,178.0,91.0,65.0,30,2017-18,85.2,50.0
20749,A. Bertolacci,MF,1991-01-11,Serie A,2951.0,33.0,1536.0,1279.0,5.0,0.0,17.0,52.0,277.0,10969.35000000001,19.0,158.0,16.0,2.0,1.0,125.0,194.0,13.0,54.0,54.0,265.0,155.0,24.0,32.0,26,2017-18,83.3,64.4
20751,J. Cuadrado,MF,1988-05-26,Serie A,1362.0,21.0,811.0,703.0,11.0,5.0,8.0,55.0,78.0,3309.5999999999995,66.0,65.0,28.0,10.0,4.0,112.0,181.0,14.0,66.0,17.0,82.0,38.0,3.0,10.0,29,2017-18,86.7,61.9
86301,L. Castro,MF,1989-04-09,Serie A,1989.0,25.0,998.0,769.0,6.0,4.0,8.0,42.0,121.0,4729.200000000003,62.0,89.0,38.0,15.0,3.0,105.0,198.0,25.0,88.0,29.0,155.0,132.0,23.0,42.0,28,2017-18,77.1,53.0
278813,S. Bastien,MF,1996-09-26,Serie A,1406.0,21.0,462.0,400.0,0.0,0.0,2.0,7.0,38.0,1793.4000000000012,10.0,20.0,14.0,3.0,1.0,34.0,80.0,14.0,11.0,20.0,91.0,64.0,10.0,18.0,21,2017-18,86.6,42.5
284960,L. Venuti,DF,1995-04-12,Serie A,2385.0,31.0,966.0,796.0,7.0,1.0,0.0,26.0,132.0,5730.9000000000015,48.0,86.0,3.0,1.0,0.0,85.0,130.0,30.0,26.0,44.0,187.0,162.0,68.0,19.0,22,2017-18,82.4,65.4
22817,L. Sepe,GK,1991-05-08,Serie A,90.0,1.0,13.0,13.0,0.0,0.0,0.0,0.0,3.0,205.8,0.0,1.0,0.0,0.0,0.0,0.0,0.0,0.0,0.0,0.0,0.0,2.0,0.0,0.0,26,2017-18,100.0,
20771,G. Pegolo,GK,1981-03-25,Serie A,103.0,2.0,21.0,16.0,0.0,0.0,0.0,0.0,11.0,448.3500000000001,0.0,13.0,0.0,0.0,0.0,0.0,0.0,0.0,0.0,0.0,0.0,3.0,1.0,0.0,36,2017-18,76.2,
86309,B. Zuculini,MF,1993-04-02,Serie A,1297.0,16.0,609.0,521.0,0.0,0.0,2.0,1.0,86.0,3993.1499999999996,2.0,39.0,6.0,2.0,2.0,10.0,23.0,0.0,14.0,40.0,161.0,97.0,10.0,24.0,24,2017-18,85.6,43.5
20776,L. Rossettini,DF,1985-05-09,Serie A,2026.0,23.0,966.0,825.0,1.0,0.0,0.0,3.0,214.0,8307.600000000004,5.0,136.0,9.0,5.0,0.0,3.0,10.0,2.0,35.0,33.0,152.0,154.0,88.0,70.0,32,2017-18,85.4,30.0
246059,E. Goldaniga,DF,1993-11-02,Serie A,1158.0,13.0,344.0,266.0,1.0,0.0,0.0,2.0,67.0,2548.350000000001,3.0,63.0,6.0,1.0,1.0,8.0,13.0,2.0,20.0,20.0,72.0,48.0,35.0,23.0,24,2017-18,77.3,61.5
246061,F. Bernardeschi,MF,1994-02-16,Serie A,823.0,22.0,358.0,308.0,1.0,5.0,9.0,24.0,41.0,1631.7000000000007,23.0,38.0,27.0,11.0,4.0,72.0,139.0,11.0,45.0,13.0,57.0,36.0,12.0,3.0,23,2017-18,86.0,51.8
246063,S. Sensi,MF,1995-08-05,Serie A,1036.0,17.0,476.0,405.0,6.0,0.0,3.0,16.0,71.0,3098.5500000000025,13.0,49.0,20.0,5.0,2.0,48.0,75.0,11.0,14.0,24.0,95.0,62.0,7.0,4.0,22,2017-18,85.1,64.0
424241,N. Milenković,DF,1997-10-12,Serie A,1258.0,16.0,683.0,605.0,1.0,0.0,1.0,4.0,135.0,5625.900000000007,2.0,74.0,9.0,1.0,0.0,6.0,16.0,0.0,19.0,28.0,133.0,78.0,39.0,45.0,20,2017-18,88.6,37.5
86328,G. Pezzella,DF,1991-06-27,Serie A,2981.0,34.0,1796.0,1563.0,1.0,0.0,1.0,11.0,352.0,14986.650000000001,4.0,224.0,24.0,5.0,1.0,23.0,44.0,0.0,75.0,76.0,264.0,191.0,106.0,125.0,26,2017-18,87.0,52.3
20796,M. Destro,FW,1991-03-20,Serie A,1621.0,26.0,257.0,179.0,1.0,2.0,6.0,11.0,21.0,859.9500000000002,6.0,3.0,34.0,16.0,6.0,71.0,193.0,7.0,99.0,9.0,62.0,35.0,14.0,42.0,26,2017-18,69.6,36.8
20802,E. Viviano,GK,1985-12-01,Serie A,2430.0,27.0,503.0,410.0,0.0,0.0,0.0,0.0,250.0,10238.550000000001,0.0,251.0,0.0,0.0,0.0,2.0,3.0,0.0,0.0,0.0,1.0,54.0,5.0,8.0,32,2017-18,81.5,66.7
338249,Gil Dias,FW,1996-09-28,Ligue 1,1185.0,28.0,444.0,359.0,0.0,2.0,7.0,25.0,40.0,1468.9499999999996,23.0,16.0,32.0,10.0,2.0,92.0,198.0,19.0,76.0,30.0,135.0,43.0,8.0,12.0,21,2017-18,80.9,46.5
360778,L. Sparandeo,DF,1999-08-18,Serie A,33.0,1.0,15.0,15.0,0.0,0.0,0.0,0.0,3.0,152.25000000000003,0.0,1.0,0.0,0.0,0.0,0.0,0.0,0.0,0.0,0.0,4.0,1.0,1.0,1.0,18,2017-18,100.0,
20811,M. Silvestre,DF,1984-09-25,Serie A,3060.0,34.0,2125.0,1931.0,1.0,0.0,1.0,10.0,387.0,17424.749999999993,4.0,284.0,12.0,4.0,1.0,24.0,42.0,1.0,50.0,21.0,87.0,162.0,79.0,66.0,33,2017-18,90.9,57.1
20812,A. Acquah,MF,1992-01-05,Serie A,979.0,20.0,467.0,406.0,1.0,0.0,1.0,5.0,63.0,2687.999999999999,14.0,24.0,9.0,3.0,1.0,37.0,75.0,7.0,9.0,9.0,57.0,30.0,6.0,12.0,26,2017-18,86.9,49.3
293198,A. Romero,MF,1995-10-18,Serie A,82.0,6.0,50.0,36.0,1.0,0.0,0.0,1.0,7.0,214.2,0.0,3.0,0.0,0.0,0.0,5.0,11.0,1.0,3.0,4.0,23.0,6.0,0.0,1.0,22,2017-18,72.0,45.5
20815,A. Barberis,MF,1993-12-11,Serie A,3027.0,38.0,968.0,753.0,3.0,0.0,4.0,22.0,133.0,5019.000000000001,24.0,78.0,23.0,8.0,2.0,57.0,133.0,3.0,25.0,69.0,311.0,186.0,44.0,48.0,24,2017-18,77.8,42.9
69968,M. Brozović,MF,1992-11-16,Serie A,1922.0,31.0,1640.0,1436.0,11.0,5.0,24.0,71.0,259.0,10816.050000000003,45.0,148.0,46.0,16.0,4.0,66.0,136.0,15.0,70.0,36.0,184.0,84.0,11.0,21.0,25,2017-18,87.6,48.5
20816,É. Barreto,MF,1984-07-15,Serie A,2015.0,28.0,1042.0,853.0,3.0,0.0,4.0,34.0,120.0,4887.749999999996,39.0,93.0,17.0,6.0,1.0,48.0,92.0,2.0,49.0,43.0,215.0,96.0,19.0,31.0,33,2017-18,81.9,52.2
22864,L. Mora,MF,1988-05-10,Serie A,934.0,17.0,314.0,227.0,2.0,0.0,6.0,18.0,50.0,1903.6500000000005,26.0,32.0,5.0,0.0,0.0,34.0,63.0,0.0,16.0,10.0,71.0,27.0,11.0,37.0,29,2017-18,72.3,54.0
20820,J. Iličić,FW,1988-01-29,Serie A,2002.0,31.0,1038.0,845.0,16.0,5.0,27.0,97.0,135.0,4984.350000000009,50.0,65.0,91.0,39.0,11.0,251.0,469.0,29.0,166.0,13.0,92.0,46.0,4.0,6.0,29,2017-18,81.4,53.5
149846,C. Falletti,MF,1992-12-02,Serie A,309.0,13.0,154.0,124.0,0.0,0.0,0.0,7.0,12.0,547.05,11.0,6.0,10.0,3.0,1.0,26.0,53.0,6.0,26.0,6.0,22.0,14.0,2.0,1.0,25,2017-18,80.5,49.1
149848,F. Avenatti,FW,1993-04-26,Serie A,463.0,11.0,106.0,70.0,0.0,0.0,2.0,2.0,4.0,244.65,6.0,7.0,2.0,1.0,0.0,16.0,51.0,0.0,32.0,3.0,16.0,11.0,4.0,34.0,24,2017-18,66.0,31.4
82266,L. Krejčí,FW,1992-07-05,Serie A,390.0,11.0,152.0,119.0,0.0,0.0,1.0,9.0,6.0,385.34999999999997,12.0,3.0,3.0,2.0,0.0,13.0,26.0,4.0,14.0,2.0,20.0,9.0,1.0,4.0,25,2017-18,78.3,50.0
86366,J. Palomino,DF,1990-01-05,Serie A,1979.0,26.0,1051.0,901.0,1.0,0.0,3.0,7.0,223.0,8557.500000000007,10.0,84.0,9.0,2.0,1.0,20.0,43.0,6.0,28.0,74.0,239.0,136.0,56.0,67.0,28,2017-18,85.7,46.5
20832,A. Consigli,GK,1987-01-27,Serie A,3317.0,37.0,608.0,508.0,0.0,0.0,0.0,1.0,327.0,12816.300000000003,0.0,278.0,0.0,0.0,0.0,2.0,3.0,0.0,2.0,0.0,4.0,63.0,13.0,13.0,30,2017-18,83.6,66.7
289122,R. Karsdorp,DF,1995-02-11,Serie A,82.0,1.0,50.0,42.0,0.0,0.0,1.0,0.0,6.0,212.10000000000002,2.0,6.0,1.0,1.0,0.0,3.0,5.0,3.0,0.0,2.0,2.0,1.0,1.0,0.0,22,2017-18,84.0,60.0
22883,A. Izzo,DF,1992-03-02,Serie A,1388.0,16.0,781.0,622.0,0.0,0.0,0.0,12.0,160.0,5860.050000000003,16.0,185.0,3.0,1.0,1.0,33.0,55.0,5.0,7.0,50.0,139.0,81.0,38.0,38.0,25,2017-18,79.6,60.0
125286,G. González,DF,1988-02-08,Serie A,1947.0,22.0,933.0,783.0,0.0,0.0,0.0,1.0,237.0,8889.300000000005,0.0,182.0,0.0,0.0,0.0,10.0,19.0,2.0,9.0,25.0,104.0,150.0,86.0,50.0,29,2017-18,83.9,52.6
350569,L. Šimić,DF,1996-07-15,Serie A,316.0,5.0,112.0,90.0,0.0,0.0,0.0,0.0,26.0,963.8999999999997,0.0,21.0,2.0,1.0,1.0,4.0,7.0,2.0,7.0,8.0,34.0,19.0,14.0,14.0,21,2017-18,80.4,57.1
20842,F. Peluso,DF,1984-01-20,Serie A,2621.0,31.0,901.0,666.0,5.0,1.0,0.0,26.0,223.0,8521.799999999997,59.0,179.0,10.0,3.0,1.0,25.0,48.0,10.0,37.0,39.0,217.0,154.0,70.0,63.0,33,2017-18,73.9,52.1
20841,A. Masiello,DF,1985-02-05,Serie A,2707.0,31.0,1815.0,1586.0,0.0,0.0,7.0,17.0,414.0,16525.95,7.0,281.0,21.0,7.0,4.0,22.0,40.0,9.0,32.0,43.0,188.0,195.0,107.0,46.0,32,2017-18,87.4,55.0
295273,G. Donsah,MF,1996-06-07,Serie A,1795.0,28.0,617.0,470.0,4.0,1.0,6.0,22.0,61.0,2746.8,16.0,31.0,20.0,5.0,2.0,71.0,155.0,22.0,44.0,24.0,91.0,91.0,34.0,25.0,21,2017-18,76.2,45.8
20845,G. Bonaventura,MF,1989-08-22,Serie A,2549.0,33.0,1392.0,1229.0,7.0,3.0,16.0,52.0,151.0,6254.850000000007,51.0,54.0,59.0,28.0,8.0,148.0,266.0,24.0,113.0,29.0,135.0,93.0,15.0,25.0,28,2017-18,88.3,55.6
20850,L. Cigarini,MF,1986-06-20,Serie A,2047.0,26.0,1386.0,1152.0,4.0,0.0,10.0,42.0,269.0,10311.00000000001,23.0,204.0,23.0,5.0,2.0,47.0,80.0,5.0,8.0,38.0,197.0,137.0,20.0,15.0,31,2017-18,83.1,58.8
405880,O. Stijepović,FW,1999-10-22,Serie A,5.0,1.0,1.0,1.0,0.0,0.0,0.0,0.0,0.0,0.0,0.0,0.0,0.0,0.0,0.0,0.0,1.0,0.0,0.0,0.0,0.0,0.0,0.0,0.0,18,2017-18,100.0,0.0
145787,J. Andersen,DF,1996-05-31,Serie A,545.0,7.0,386.0,350.0,0.0,0.0,1.0,2.0,70.0,2989.3499999999995,0.0,40.0,3.0,0.0,0.0,2.0,6.0,0.0,13.0,6.0,28.0,43.0,27.0,15.0,21,2017-18,90.7,33.3
20866,D. Astori,DF,1987-01-07,Serie A,2250.0,25.0,1461.0,1303.0,3.0,1.0,5.0,19.0,277.0,12206.250000000005,20.0,165.0,9.0,2.0,1.0,30.0,56.0,4.0,44.0,51.0,180.0,146.0,63.0,62.0,31,2017-18,89.2,53.6
24964,M. Pucciarelli,FW,1991-06-17,Serie A,1387.0,22.0,368.0,286.0,3.0,0.0,2.0,17.0,21.0,1019.5499999999996,15.0,11.0,24.0,9.0,2.0,48.0,118.0,7.0,84.0,13.0,49.0,34.0,1.0,6.0,26,2017-18,77.7,40.7
20869,N. Murru,DF,1994-12-16,Serie A,1449.0,20.0,668.0,532.0,3.0,1.0,1.0,23.0,115.0,4546.500000000002,58.0,70.0,4.0,0.0,0.0,32.0,53.0,2.0,10.0,26.0,143.0,110.0,30.0,17.0,23,2017-18,79.6,60.4
20874,A. Cossu,MF,1980-05-03,Serie A,236.0,11.0,101.0,69.0,0.0,0.0,0.0,5.0,8.0,326.55,12.0,12.0,2.0,1.0,0.0,19.0,32.0,1.0,3.0,0.0,12.0,10.0,2.0,1.0,37,2017-18,68.3,59.4
394,B. Nuytinck,DF,1990-05-04,Serie A,2362.0,27.0,1177.0,1039.0,0.0,1.0,0.0,7.0,227.0,9603.300000000005,3.0,164.0,13.0,1.0,1.0,5.0,18.0,1.0,35.0,49.0,202.0,164.0,68.0,51.0,27,2017-18,88.3,27.8
20875,D. Dessena,MF,1987-05-10,Serie A,570.0,16.0,226.0,163.0,1.0,0.0,0.0,6.0,26.0,1052.1000000000001,7.0,33.0,3.0,0.0,0.0,15.0,32.0,5.0,6.0,9.0,50.0,33.0,14.0,10.0,30,2017-18,72.1,46.9
213387,R. Centurión,MF,1993-01-19,Serie A,52.0,3.0,20.0,12.0,0.0,0.0,0.0,1.0,2.0,66.15,1.0,0.0,0.0,0.0,0.0,3.0,9.0,1.0,1.0,1.0,3.0,1.0,0.0,0.0,24,2017-18,60.0,33.3
20879,R. Nainggolan,MF,1988-05-04,Serie A,2641.0,31.0,1272.0,1041.0,16.0,8.0,22.0,83.0,183.0,7278.599999999994,90.0,96.0,61.0,14.0,4.0,162.0,321.0,33.0,70.0,39.0,162.0,76.0,21.0,22.0,29,2017-18,81.8,50.5
22933,L. Pavoletti,FW,1988-11-26,Serie A,2723.0,33.0,612.0,465.0,4.0,0.0,3.0,23.0,30.0,1618.0499999999993,4.0,33.0,73.0,32.0,11.0,61.0,187.0,0.0,281.0,20.0,118.0,60.0,21.0,206.0,29,2017-18,76.0,32.6
41368,Maurício,DF,1988-09-20,Serie A,4.0,1.0,1.0,1.0,0.0,0.0,0.0,0.0,0.0,6.300000000000001,0.0,0.0,0.0,0.0,0.0,0.0,0.0,0.0,0.0,0.0,1.0,0.0,0.0,0.0,29,2017-18,100.0,
14745,C. Molinaro,DF,1983-07-30,Serie A,1562.0,20.0,824.0,646.0,3.0,1.0,3.0,22.0,143.0,5961.900000000003,33.0,135.0,2.0,0.0,0.0,54.0,78.0,24.0,18.0,28.0,138.0,76.0,37.0,25.0,34,2017-18,78.4,69.2
246175,A. Petagna,FW,1995-06-30,Serie A,1627.0,29.0,476.0,374.0,16.0,4.0,15.0,58.0,32.0,1548.75,25.0,35.0,39.0,15.0,4.0,118.0,332.0,8.0,201.0,3.0,52.0,24.0,2.0,27.0,22,2017-18,78.6,35.5
240042,D. Kownacki,FW,1997-03-14,Serie A,808.0,22.0,225.0,168.0,2.0,1.0,2.0,13.0,8.0,385.35000000000014,20.0,5.0,21.0,11.0,5.0,35.0,73.0,4.0,73.0,5.0,43.0,16.0,4.0,24.0,20,2017-18,74.7,47.9
20911,P. Schiattarella,MF,1987-05-30,Serie A,1994.0,31.0,1086.0,891.0,11.0,3.0,18.0,42.0,145.0,5702.549999999999,19.0,92.0,21.0,4.0,1.0,98.0,159.0,11.0,37.0,23.0,117.0,75.0,28.0,11.0,30,2017-18,82.0,61.6
410031,M. Kean,FW,2000-02-28,Serie A,1134.0,19.0,179.0,139.0,3.0,0.0,0.0,12.0,13.0,477.74999999999994,13.0,5.0,34.0,10.0,4.0,64.0,176.0,17.0,61.0,6.0,31.0,13.0,3.0,13.0,17,2017-18,77.7,36.4
285109,F. Kessié,MF,1996-12-19,Serie A,3268.0,37.0,1716.0,1460.0,18.0,1.0,15.0,87.0,172.0,8124.900000000004,88.0,74.0,70.0,24.0,5.0,176.0,361.0,41.0,212.0,41.0,218.0,124.0,28.0,53.0,21,2017-18,85.1,48.8
283062,V. Milinković-Savić,GK,1997-02-20,Serie A,90.0,1.0,34.0,28.0,0.0,0.0,0.0,0.0,13.0,526.0500000000002,0.0,10.0,0.0,0.0,0.0,1.0,1.0,0.0,0.0,0.0,0.0,1.0,1.0,1.0,20,2017-18,82.4,100.0
20927,L. De Silvestri,DF,1988-05-23,Serie A,2962.0,35.0,1334.0,1012.0,6.0,2.0,3.0,40.0,203.0,8137.5,90.0,159.0,23.0,13.0,5.0,64.0,132.0,42.0,84.0,34.0,214.0,196.0,94.0,102.0,29,2017-18,75.9,48.5
20928,Felipe,DF,1984-07-31,Serie A,2657.0,30.0,1206.0,1008.0,2.0,0.0,3.0,10.0,255.0,10852.799999999977,11.0,212.0,14.0,6.0,1.0,25.0,38.0,8.0,43.0,55.0,202.0,174.0,78.0,48.0,33,2017-18,83.6,65.8
20929,A. Gamberini,DF,1981-08-27,Serie A,1817.0,23.0,633.0,577.0,0.0,0.0,0.0,1.0,110.0,4809.000000000001,0.0,43.0,3.0,1.0,0.0,5.0,14.0,0.0,15.0,17.0,74.0,101.0,73.0,54.0,36,2017-18,91.2,35.7
70084,Alex Sandro,DF,1991-01-26,Serie A,2115.0,26.0,1447.0,1238.0,6.0,4.0,12.0,70.0,158.0,7024.500000000001,97.0,118.0,17.0,7.0,4.0,134.0,242.0,26.0,75.0,37.0,198.0,87.0,31.0,47.0,26,2017-18,85.6,55.4
20935,Rômulo,MF,1987-05-22,Serie A,3171.0,37.0,1349.0,1043.0,13.0,4.0,10.0,61.0,163.0,6637.050000000002,128.0,73.0,27.0,9.0,3.0,174.0,323.0,104.0,48.0,42.0,214.0,106.0,22.0,6.0,30,2017-18,77.3,53.9
20938,V. Behrami,MF,1985-04-19,Serie A,1408.0,20.0,478.0,412.0,0.0,0.0,1.0,8.0,54.0,2413.9500000000007,1.0,27.0,9.0,2.0,1.0,36.0,72.0,6.0,10.0,51.0,209.0,114.0,19.0,21.0,32,2017-18,86.2,50.0
20941,A. Ljajić,FW,1991-09-29,Serie A,2165.0,27.0,1114.0,943.0,13.0,3.0,18.0,81.0,116.0,5077.799999999999,26.0,39.0,63.0,22.0,6.0,112.0,210.0,30.0,99.0,10.0,51.0,43.0,8.0,0.0,26,2017-18,84.6,53.3
20943,R. Montolivo,MF,1985-01-18,Serie A,1106.0,18.0,674.0,577.0,2.0,1.0,5.0,24.0,97.0,4069.800000000003,11.0,64.0,12.0,2.0,1.0,27.0,54.0,4.0,9.0,15.0,72.0,74.0,13.0,9.0,32,2017-18,85.6,50.0
352722,Ľ. Tupta,FW,1998-03-27,Serie A,30.0,2.0,13.0,9.0,0.0,0.0,0.0,0.0,3.0,72.45,0.0,0.0,0.0,0.0,0.0,0.0,2.0,2.0,0.0,1.0,7.0,0.0,0.0,1.0,19,2017-18,69.2,0.0
20947,A. Cerci,FW,1987-07-23,Serie A,1646.0,24.0,412.0,301.0,8.0,1.0,13.0,38.0,39.0,1541.3999999999999,45.0,23.0,40.0,13.0,3.0,121.0,224.0,33.0,95.0,8.0,57.0,27.0,7.0,13.0,30,2017-18,73.1,54.0
20949,Ryder Matos,FW,1993-02-27,Serie A,1148.0,18.0,294.0,239.0,0.0,1.0,2.0,14.0,25.0,1010.0999999999998,22.0,6.0,16.0,4.0,0.0,101.0,224.0,25.0,46.0,17.0,64.0,22.0,9.0,7.0,24,2017-18,81.3,45.1
14812,I. Perišić,MF,1989-02-02,Serie A,3317.0,37.0,1512.0,1082.0,28.0,8.0,17.0,112.0,88.0,4331.250000000002,249.0,63.0,114.0,39.0,11.0,181.0,315.0,38.0,320.0,31.0,197.0,159.0,47.0,67.0,28,2017-18,71.6,57.5
256478,D. Cataldi,MF,1994-08-06,Serie A,2313.0,29.0,1260.0,1069.0,5.0,3.0,6.0,31.0,161.0,6744.150000000006,30.0,107.0,36.0,7.0,1.0,62.0,120.0,17.0,31.0,27.0,146.0,92.0,10.0,4.0,23,2017-18,84.8,51.7
20972,D. Di Gennaro,MF,1988-06-16,Serie A,9.0,2.0,2.0,2.0,0.0,0.0,0.0,0.0,0.0,0.0,0.0,0.0,0.0,0.0,0.0,0.0,0.0,0.0,0.0,0.0,2.0,0.0,0.0,0.0,29,2017-18,100.0,
272878,A. Nalini,FW,1990-06-20,Serie A,1643.0,23.0,488.0,335.0,7.0,2.0,5.0,36.0,42.0,1875.3000000000002,54.0,58.0,21.0,8.0,0.0,100.0,189.0,14.0,83.0,23.0,121.0,57.0,7.0,59.0,27,2017-18,68.6,52.9
209400,D. Berardi,FW,1994-08-01,Serie A,2340.0,31.0,848.0,601.0,18.0,0.0,17.0,58.0,98.0,3765.2999999999997,69.0,63.0,79.0,26.0,4.0,152.0,278.0,38.0,128.0,23.0,167.0,58.0,14.0,13.0,23,2017-18,70.9,54.7
14855,B. Höwedes,DF,1988-02-29,Serie A,247.0,3.0,208.0,193.0,0.0,0.0,0.0,4.0,31.0,1380.7499999999998,2.0,12.0,2.0,1.0,1.0,0.0,0.0,0.0,6.0,5.0,12.0,9.0,7.0,3.0,29,2017-18,92.8,
21001,E. Hysaj,DF,1994-02-20,Serie A,3133.0,35.0,2273.0,1976.0,8.0,1.0,10.0,37.0,214.0,10162.949999999995,67.0,102.0,11.0,2.0,0.0,67.0,165.0,24.0,28.0,54.0,234.0,173.0,32.0,42.0,23,2017-18,86.9,40.6
45579,Everton Luiz,MF,1988-05-24,Serie A,639.0,10.0,220.0,189.0,0.0,0.0,0.0,3.0,30.0,1079.3999999999999,1.0,21.0,1.0,0.0,0.0,24.0,43.0,6.0,2.0,13.0,78.0,26.0,6.0,3.0,29,2017-18,85.9,55.8
21004,V. Regini,DF,1990-09-09,Serie A,1069.0,14.0,592.0,521.0,2.0,0.0,0.0,8.0,107.0,4313.400000000002,13.0,45.0,1.0,0.0,0.0,17.0,36.0,10.0,10.0,12.0,66.0,62.0,37.0,15.0,27,2017-18,88.0,47.2
21006,L. Tonelli,DF,1990-01-17,Serie A,350.0,4.0,210.0,202.0,0.0,0.0,0.0,1.0,37.0,1782.9000000000008,0.0,7.0,3.0,2.0,1.0,3.0,5.0,0.0,11.0,8.0,24.0,20.0,4.0,16.0,27,2017-18,96.2,60.0
16922,O. Kragl,MF,1990-05-12,Serie A,95.0,5.0,32.0,21.0,0.0,0.0,1.0,1.0,3.0,141.75000000000003,0.0,2.0,0.0,0.0,0.0,7.0,13.0,1.0,1.0,3.0,10.0,4.0,2.0,5.0,27,2017-18,65.6,53.8
21019,M. Valdifiori,MF,1986-04-21,Serie A,614.0,13.0,353.0,300.0,1.0,0.0,0.0,10.0,61.0,2568.299999999999,8.0,51.0,2.0,0.0,0.0,10.0,18.0,0.0,2.0,10.0,40.0,26.0,6.0,4.0,31,2017-18,85.0,55.6
21025,R. Saponara,MF,1991-12-21,Serie A,902.0,18.0,409.0,338.0,4.0,4.0,6.0,38.0,70.0,2679.6000000000004,17.0,39.0,22.0,8.0,0.0,65.0,117.0,9.0,54.0,14.0,48.0,15.0,2.0,6.0,26,2017-18,82.6,55.6
127524,N. Maksimović,DF,1991-11-25,Serie A,95.0,2.0,57.0,56.0,0.0,0.0,0.0,0.0,9.0,446.2500000000001,0.0,2.0,0.0,0.0,0.0,1.0,3.0,0.0,1.0,3.0,9.0,6.0,0.0,2.0,26,2017-18,98.2,33.3
299557,Á. Nagy,MF,1995-06-17,Serie A,712.0,12.0,222.0,186.0,2.0,0.0,3.0,5.0,18.0,867.2999999999998,5.0,2.0,1.0,1.0,1.0,19.0,35.0,6.0,8.0,7.0,47.0,28.0,1.0,8.0,22,2017-18,83.8,54.3
127534,D. Lazović,MF,1990-09-15,Serie A,1190.0,21.0,568.0,417.0,9.0,1.0,3.0,38.0,60.0,2454.900000000001,87.0,50.0,9.0,2.0,0.0,49.0,90.0,25.0,46.0,18.0,68.0,40.0,10.0,4.0,27,2017-18,73.4,54.4
14903,T. Rincón,MF,1988-01-13,Serie A,3008.0,36.0,1404.0,1194.0,4.0,0.0,9.0,38.0,190.0,8458.8,21.0,156.0,18.0,5.0,1.0,140.0,273.0,12.0,19.0,55.0,271.0,153.0,39.0,62.0,29,2017-18,85.0,51.3
14904,J. Sala,DF,1991-12-05,Serie A,1001.0,13.0,647.0,563.0,2.0,0.0,3.0,18.0,84.0,3553.200000000001,24.0,53.0,3.0,0.0,0.0,28.0,46.0,3.0,6.0,12.0,72.0,38.0,15.0,6.0,26,2017-18,87.0,60.9
252473,S. Gustafson,MF,1995-01-11,Serie A,73.0,4.0,31.0,24.0,0.0,0.0,0.0,0.0,2.0,124.95000000000002,1.0,0.0,0.0,0.0,0.0,2.0,7.0,1.0,0.0,1.0,12.0,3.0,0.0,0.0,22,2017-18,77.4,28.6
520774,E. Salcedo,FW,2001-10-01,Serie A,9.0,1.0,6.0,5.0,0.0,0.0,0.0,1.0,1.0,30.450000000000003,0.0,0.0,2.0,2.0,0.0,1.0,5.0,0.0,2.0,0.0,2.0,0.0,0.0,1.0,16,2017-18,83.3,20.0
14922,R. Rodríguez,DF,1992-08-25,Serie A,3016.0,34.0,1823.0,1589.0,9.0,0.0,7.0,62.0,226.0,10097.849999999986,129.0,147.0,30.0,6.0,1.0,86.0,161.0,24.0,32.0,47.0,230.0,133.0,53.0,36.0,25,2017-18,87.2,53.4
21072,N. Spolli,DF,1983-02-20,Serie A,1795.0,21.0,621.0,548.0,0.0,0.0,0.0,2.0,99.0,4433.1,0.0,58.0,6.0,0.0,0.0,12.0,17.0,3.0,34.0,56.0,150.0,108.0,68.0,44.0,34,2017-18,88.2,70.6
23124,M. Kanoute,FW,1993-10-07,Serie A,32.0,2.0,14.0,12.0,0.0,0.0,0.0,1.0,1.0,32.550000000000004,1.0,0.0,0.0,0.0,0.0,6.0,9.0,0.0,2.0,1.0,4.0,2.0,0.0,0.0,24,2017-18,85.7,66.7
21077,A. Gómez,FW,1988-02-15,Serie A,2754.0,33.0,1273.0,1018.0,33.0,7.0,29.0,110.0,129.0,5094.600000000006,134.0,95.0,95.0,35.0,6.0,306.0,508.0,60.0,177.0,12.0,83.0,46.0,3.0,1.0,29,2017-18,80.0,60.2
21078,M. Izco,MF,1983-03-13,Serie A,176.0,4.0,73.0,61.0,0.0,0.0,0.0,1.0,11.0,407.40000000000003,0.0,2.0,1.0,0.0,0.0,8.0,15.0,1.0,2.0,3.0,11.0,7.0,0.0,1.0,34,2017-18,83.6,53.3
402014,N. Zanellato,MF,1998-06-24,Serie A,74.0,1.0,33.0,27.0,0.0,0.0,1.0,2.0,4.0,150.15000000000003,2.0,4.0,2.0,0.0,0.0,1.0,5.0,0.0,5.0,0.0,8.0,3.0,1.0,3.0,19,2017-18,81.8,20.0
14943,M. Mandžukić,FW,1986-01-14,Serie A,2392.0,32.0,887.0,702.0,7.0,2.0,9.0,38.0,49.0,2404.5,27.0,51.0,44.0,21.0,5.0,66.0,187.0,10.0,169.0,24.0,93.0,93.0,29.0,82.0,31,2017-18,79.1,35.3
402017,B. Gyamfi,DF,1996-01-20,Serie A,318.0,8.0,156.0,124.0,0.0,0.0,0.0,5.0,8.0,592.2,11.0,7.0,3.0,2.0,0.0,7.0,18.0,0.0,11.0,3.0,27.0,17.0,3.0,6.0,21,2017-18,79.5,38.9
21094,D. D'Ambrosio,DF,1988-09-09,Serie A,2984.0,34.0,1744.0,1454.0,6.0,3.0,11.0,46.0,288.0,11623.499999999998,73.0,160.0,15.0,5.0,2.0,75.0,132.0,19.0,67.0,83.0,268.0,126.0,47.0,62.0,29,2017-18,83.4,56.8
21098,A. Gomis,GK,1993-09-05,Serie A,2260.0,26.0,422.0,335.0,0.0,0.0,0.0,0.0,224.0,9969.75,0.0,229.0,0.0,0.0,0.0,0.0,0.0,1.0,1.0,1.0,5.0,48.0,8.0,14.0,24,2017-18,79.4,
23149,G. Defrel,FW,1991-06-17,Serie A,482.0,15.0,122.0,108.0,1.0,0.0,2.0,8.0,5.0,292.95,4.0,2.0,14.0,5.0,1.0,30.0,62.0,6.0,36.0,4.0,31.0,14.0,3.0,3.0,26,2017-18,88.5,48.4
625,M. de Roon,MF,1991-03-29,Serie A,2616.0,34.0,1589.0,1396.0,3.0,2.0,6.0,37.0,264.0,10927.349999999999,9.0,112.0,27.0,9.0,3.0,43.0,81.0,7.0,55.0,62.0,280.0,149.0,22.0,55.0,26,2017-18,87.9,53.1
385655,J. Billong,DF,1993-12-28,Serie A,293.0,5.0,139.0,128.0,0.0,0.0,0.0,0.0,18.0,815.8499999999999,1.0,4.0,0.0,0.0,0.0,3.0,8.0,2.0,2.0,8.0,36.0,21.0,13.0,3.0,24,2017-18,92.1,37.5
21114,M. Antenucci,FW,1984-09-08,Serie A,2573.0,33.0,596.0,457.0,5.0,4.0,8.0,32.0,44.0,1896.2999999999995,45.0,7.0,61.0,26.0,11.0,157.0,346.0,16.0,150.0,8.0,82.0,39.0,9.0,24.0,33,2017-18,76.7,45.4
21119,R. Meggiorini,FW,1985-09-04,Serie A,788.0,15.0,164.0,106.0,2.0,0.0,0.0,6.0,10.0,483.0,16.0,5.0,8.0,3.0,0.0,33.0,73.0,2.0,42.0,7.0,35.0,25.0,7.0,37.0,32,2017-18,64.6,45.2
21123,S. Verdi,FW,1992-07-12,Serie A,2836.0,34.0,1090.0,828.0,11.0,3.0,14.0,66.0,115.0,4492.950000000002,87.0,123.0,91.0,31.0,10.0,232.0,464.0,32.0,94.0,24.0,135.0,64.0,5.0,5.0,25,2017-18,76.0,50.0
166534,T. Strakosha,GK,1995-03-19,Serie A,3420.0,38.0,764.0,636.0,0.0,0.0,0.0,1.0,402.0,15344.7,0.0,349.0,0.0,0.0,0.0,3.0,4.0,0.0,0.0,1.0,2.0,38.0,10.0,9.0,22,2017-18,83.2,75.0
21128,C. Pinsoglio,GK,1990-03-16,Serie A,27.0,1.0,3.0,2.0,0.0,0.0,0.0,0.0,0.0,24.150000000000002,0.0,1.0,0.0,0.0,0.0,0.0,0.0,0.0,0.0,0.0,0.0,1.0,0.0,0.0,27,2017-18,66.7,
328333,L. Pellegrini,MF,1996-06-19,Serie A,1836.0,27.0,930.0,750.0,9.0,1.0,11.0,42.0,123.0,5025.300000000002,46.0,54.0,37.0,21.0,3.0,71.0,145.0,21.0,58.0,29.0,155.0,91.0,18.0,26.0,21,2017-18,80.6,49.0
328336,M. Fares,FW,1996-02-15,Serie A,2603.0,30.0,981.0,674.0,6.0,1.0,5.0,34.0,130.0,5273.100000000003,81.0,154.0,33.0,5.0,0.0,106.0,215.0,35.0,71.0,47.0,255.0,154.0,73.0,58.0,21,2017-18,68.7,49.3
658,S. Armenteros,FW,1990-05-27,Serie A,429.0,9.0,66.0,53.0,1.0,0.0,1.0,1.0,3.0,199.5,1.0,1.0,5.0,2.0,1.0,10.0,51.0,0.0,23.0,4.0,22.0,5.0,3.0,9.0,27,2017-18,80.3,19.6
21148,N. Rigoni,MF,1990-11-12,Serie A,908.0,14.0,399.0,340.0,0.0,0.0,1.0,8.0,67.0,3058.6499999999996,4.0,49.0,11.0,1.0,0.0,13.0,23.0,1.0,8.0,16.0,77.0,49.0,16.0,17.0,27,2017-18,85.2,56.5
21162,P. Cannavaro,DF,1981-06-26,Serie A,1440.0,16.0,510.0,424.0,0.0,0.0,0.0,2.0,116.0,5127.150000000005,2.0,109.0,5.0,0.0,0.0,6.0,12.0,2.0,14.0,29.0,94.0,101.0,60.0,30.0,36,2017-18,83.1,50.0
252589,B. Petković,FW,1994-09-16,Serie A,1246.0,24.0,318.0,233.0,3.0,3.0,11.0,19.0,22.0,1048.9500000000003,10.0,15.0,13.0,4.0,0.0,124.0,271.0,3.0,65.0,17.0,65.0,40.0,9.0,46.0,23,2017-18,73.3,45.8
21169,B. Džemaili,MF,1986-04-12,Serie A,1195.0,15.0,467.0,366.0,4.0,0.0,7.0,23.0,61.0,2381.400000000001,16.0,25.0,13.0,8.0,1.0,38.0,84.0,14.0,33.0,17.0,81.0,37.0,7.0,7.0,31,2017-18,78.4,45.2
21171,M. Hamšík,MF,1987-07-27,Serie A,2389.0,38.0,2489.0,2227.0,14.0,1.0,19.0,83.0,285.0,11782.050000000008,47.0,148.0,83.0,30.0,7.0,53.0,97.0,14.0,117.0,30.0,110.0,76.0,10.0,13.0,30,2017-18,89.5,54.6
21173,C. Maggio,DF,1982-02-11,Serie A,637.0,12.0,337.0,291.0,0.0,0.0,0.0,8.0,26.0,1454.2499999999993,17.0,14.0,1.0,1.0,0.0,19.0,39.0,1.0,7.0,12.0,51.0,40.0,17.0,22.0,35,2017-18,86.4,48.7
4792,Patric,DF,1993-04-17,Serie A,495.0,11.0,338.0,293.0,4.0,1.0,1.0,12.0,43.0,2143.0499999999997,15.0,26.0,2.0,1.0,0.0,3.0,9.0,3.0,8.0,5.0,36.0,27.0,17.0,12.0,24,2017-18,86.7,33.3
21177,G. Pandev,FW,1983-07-27,Serie A,1831.0,32.0,571.0,427.0,10.0,1.0,24.0,61.0,81.0,3140.5500000000006,22.0,26.0,43.0,21.0,5.0,136.0,301.0,24.0,117.0,12.0,65.0,30.0,7.0,17.0,34,2017-18,74.8,45.2
49857,A. Ajeti,DF,1993-09-25,Serie A,1268.0,20.0,366.0,304.0,0.0,1.0,0.0,5.0,87.0,3331.6500000000005,1.0,72.0,6.0,0.0,0.0,10.0,17.0,1.0,16.0,38.0,132.0,109.0,53.0,29.0,24,2017-18,83.1,58.8
72397,Simy,FW,1992-05-07,Serie A,1210.0,22.0,244.0,184.0,0.0,1.0,1.0,9.0,8.0,515.5500000000001,6.0,6.0,30.0,9.0,7.0,72.0,228.0,4.0,148.0,12.0,66.0,36.0,14.0,65.0,25,2017-18,75.4,31.6
56026,J. Stryger Larsen,DF,1991-02-21,Serie A,2529.0,30.0,1127.0,961.0,1.0,1.0,3.0,13.0,224.0,8733.89999999999,23.0,127.0,17.0,5.0,1.0,37.0,70.0,16.0,40.0,46.0,204.0,134.0,49.0,25.0,26,2017-18,85.3,52.9
352993,Y. Karamoh,FW,1998-07-08,Serie A,478.0,14.0,231.0,183.0,2.0,0.0,5.0,14.0,14.0,697.2,32.0,3.0,20.0,7.0,1.0,50.0,104.0,7.0,34.0,1.0,20.0,9.0,0.0,3.0,19,2017-18,79.2,48.1
92900,C. Lykogiannis,DF,1993-10-22,Serie A,687.0,11.0,195.0,115.0,0.0,1.0,1.0,5.0,29.0,947.1000000000003,20.0,32.0,5.0,2.0,0.0,18.0,39.0,3.0,4.0,13.0,72.0,50.0,19.0,17.0,24,2017-18,59.0,46.2
92908,V. Torosidis,DF,1985-06-10,Serie A,863.0,16.0,330.0,250.0,3.0,0.0,1.0,10.0,59.0,2132.549999999999,24.0,44.0,2.0,1.0,0.0,18.0,28.0,0.0,5.0,11.0,56.0,53.0,21.0,19.0,32,2017-18,75.8,64.3
404209,Han Kwang-Song,FW,1998-09-11,Serie A,277.0,7.0,56.0,41.0,1.0,0.0,0.0,1.0,5.0,181.65000000000003,6.0,3.0,2.0,1.0,0.0,8.0,40.0,3.0,14.0,1.0,19.0,3.0,0.0,5.0,19,2017-18,73.2,20.0
21234,A. Belotti,FW,1993-12-20,Serie A,2680.0,32.0,514.0,393.0,7.0,4.0,8.0,29.0,33.0,1542.4499999999987,25.0,10.0,81.0,28.0,10.0,177.0,384.0,26.0,239.0,29.0,145.0,37.0,16.0,78.0,24,2017-18,76.5,46.1
170738,S. Väisänen,DF,1994-06-05,Serie A,543.0,7.0,262.0,232.0,1.0,0.0,0.0,0.0,45.0,2013.8999999999996,0.0,21.0,2.0,0.0,0.0,4.0,8.0,1.0,8.0,10.0,45.0,30.0,12.0,15.0,23,2017-18,88.5,50.0
21235,K. Cissé,FW,1988-11-14,Serie A,11.0,2.0,6.0,5.0,1.0,0.0,0.0,2.0,0.0,2.1,1.0,0.0,0.0,0.0,0.0,2.0,2.0,0.0,1.0,0.0,2.0,0.0,0.0,0.0,29,2017-18,83.3,100.0
135927,André Silva,FW,1995-11-06,Serie A,923.0,24.0,278.0,212.0,3.0,0.0,1.0,10.0,15.0,718.2000000000002,11.0,6.0,29.0,10.0,2.0,59.0,142.0,8.0,112.0,8.0,46.0,13.0,5.0,23.0,22,2017-18,76.3,41.5
361214,R. Zekhnini,FW,1998-01-12,Serie A,12.0,1.0,4.0,3.0,0.0,0.0,0.0,0.0,0.0,0.0,0.0,1.0,0.0,0.0,0.0,0.0,0.0,1.0,0.0,0.0,0.0,0.0,0.0,1.0,19,2017-18,75.0,
86785,L. López,DF,1989-09-01,Serie A,44.0,1.0,25.0,25.0,0.0,0.0,0.0,0.0,3.0,164.85,0.0,1.0,0.0,0.0,0.0,2.0,3.0,0.0,0.0,2.0,5.0,3.0,3.0,1.0,28,2017-18,100.0,66.7
350992,S. Umar,FW,1997-02-02,Serie A,226.0,3.0,39.0,27.0,0.0,0.0,0.0,1.0,1.0,86.1,1.0,0.0,2.0,0.0,0.0,21.0,53.0,2.0,30.0,0.0,11.0,2.0,2.0,2.0,20,2017-18,69.2,39.6
23314,Diego Farias,FW,1990-05-10,Serie A,1603.0,28.0,515.0,414.0,3.0,4.0,6.0,33.0,25.0,1381.8,37.0,10.0,42.0,14.0,1.0,102.0,221.0,25.0,124.0,14.0,104.0,27.0,4.0,8.0,27,2017-18,80.4,46.2
350999,G. Donnarumma,GK,1999-02-25,Serie A,3420.0,38.0,821.0,748.0,0.0,0.0,0.0,0.0,406.0,14536.199999999988,0.0,242.0,0.0,0.0,0.0,1.0,1.0,1.0,0.0,0.0,1.0,41.0,12.0,5.0,18,2017-18,91.1,100.0
21272,L. Antonelli,DF,1987-02-11,Serie A,137.0,5.0,84.0,74.0,0.0,0.0,0.0,1.0,11.0,463.05,1.0,5.0,0.0,0.0,0.0,5.0,12.0,0.0,4.0,3.0,10.0,9.0,8.0,1.0,30,2017-18,88.1,41.7
346908,A. Murgia,MF,1996-08-09,Serie A,851.0,15.0,361.0,299.0,2.0,0.0,3.0,10.0,51.0,1922.5499999999995,6.0,24.0,11.0,3.0,0.0,28.0,59.0,8.0,29.0,12.0,75.0,45.0,11.0,5.0,21,2017-18,82.8,47.5
21279,E. Moretti,DF,1981-06-11,Serie A,1781.0,22.0,1002.0,876.0,0.0,0.0,1.0,5.0,213.0,8595.300000000008,0.0,141.0,4.0,1.0,0.0,16.0,26.0,1.0,23.0,46.0,124.0,102.0,47.0,44.0,36,2017-18,87.4,61.5
21280,M. Sampirisi,DF,1992-10-31,Serie A,2193.0,31.0,869.0,684.0,4.0,0.0,1.0,29.0,201.0,7356.300000000002,40.0,172.0,5.0,1.0,0.0,27.0,60.0,7.0,11.0,44.0,200.0,140.0,82.0,33.0,25,2017-18,78.7,45.0
346913,G. Mancini,DF,1996-04-17,Serie A,696.0,10.0,312.0,259.0,0.0,0.0,1.0,3.0,57.0,2292.15,4.0,42.0,4.0,1.0,1.0,12.0,17.0,0.0,11.0,33.0,106.0,37.0,12.0,26.0,21,2017-18,83.0,70.6
21282,D. Biondini,MF,1983-01-24,Serie A,206.0,7.0,106.0,93.0,1.0,0.0,0.0,2.0,15.0,600.5999999999999,4.0,7.0,0.0,0.0,0.0,3.0,8.0,0.0,2.0,4.0,18.0,7.0,2.0,1.0,34,2017-18,87.7,37.5
351010,P. Cutrone,FW,1998-01-03,Serie A,1501.0,28.0,293.0,225.0,0.0,1.0,0.0,9.0,9.0,549.1500000000001,16.0,1.0,42.0,19.0,10.0,54.0,157.0,8.0,151.0,13.0,76.0,25.0,6.0,18.0,20,2017-18,76.8,34.4
92966,K. Manolas,DF,1991-06-14,Serie A,2341.0,29.0,1295.0,1177.0,0.0,0.0,1.0,7.0,239.0,10282.649999999998,2.0,124.0,9.0,3.0,2.0,17.0,36.0,5.0,28.0,44.0,135.0,138.0,71.0,80.0,26,2017-18,90.9,47.2
21288,Miguel Veloso,MF,1986-05-11,Serie A,1742.0,22.0,955.0,793.0,1.0,0.0,2.0,11.0,158.0,6280.050000000003,27.0,83.0,30.0,9.0,1.0,20.0,44.0,9.0,5.0,34.0,170.0,92.0,19.0,26.0,31,2017-18,83.0,45.5
21290,S. Sturaro,MF,1993-03-09,Serie A,616.0,12.0,253.0,205.0,1.0,0.0,2.0,8.0,32.0,1157.1,8.0,24.0,5.0,1.0,0.0,21.0,47.0,4.0,16.0,6.0,61.0,28.0,10.0,11.0,24,2017-18,81.0,44.7
21291,V. Birsa,MF,1986-08-07,Serie A,2517.0,35.0,1282.0,1015.0,13.0,2.0,13.0,61.0,139.0,6105.749999999997,103.0,72.0,48.0,15.0,3.0,125.0,252.0,22.0,45.0,22.0,166.0,73.0,12.0,23.0,31,2017-18,79.2,49.6
21296,R. Palacio,FW,1982-02-05,Serie A,2066.0,28.0,622.0,473.0,13.0,2.0,8.0,43.0,30.0,1534.0500000000002,72.0,17.0,30.0,12.0,4.0,170.0,382.0,21.0,139.0,16.0,107.0,39.0,11.0,57.0,35,2017-18,76.0,44.5
21298,Nicolas,GK,1988-04-12,Serie A,3240.0,36.0,834.0,634.0,0.0,0.0,0.0,0.0,457.0,17344.949999999997,0.0,434.0,0.0,0.0,0.0,4.0,4.0,0.0,0.0,0.0,11.0,78.0,11.0,14.0,29,2017-18,76.0,100.0
21299,Rafael,GK,1982-03-03,Serie A,792.0,10.0,108.0,86.0,0.0,0.0,0.0,0.0,62.0,2516.8500000000004,0.0,68.0,0.0,0.0,0.0,0.0,0.0,1.0,0.0,0.0,0.0,19.0,4.0,2.0,35,2017-18,79.6,
11063,Suso,FW,1993-11-19,Serie A,2839.0,35.0,1461.0,1164.0,27.0,6.0,33.0,151.0,198.0,7494.900000000003,172.0,99.0,96.0,40.0,6.0,352.0,566.0,32.0,175.0,13.0,122.0,63.0,3.0,6.0,24,2017-18,79.7,62.2
21306,D. Maietta,DF,1982-08-03,Serie A,469.0,7.0,234.0,204.0,0.0,0.0,0.0,2.0,49.0,1998.1499999999996,1.0,35.0,0.0,0.0,0.0,7.0,12.0,1.0,2.0,8.0,25.0,27.0,8.0,6.0,35,2017-18,87.2,58.3
49979,D. Pavlovic,DF,1988-04-22,Serie A,846.0,11.0,323.0,210.0,1.0,0.0,1.0,11.0,41.0,1676.8499999999988,30.0,43.0,4.0,1.0,0.0,1.0,7.0,2.0,4.0,4.0,58.0,37.0,17.0,8.0,29,2017-18,65.0,14.3
25405,M. Gonalons,MF,1989-03-10,Serie A,1094.0,16.0,722.0,654.0,3.0,1.0,11.0,16.0,126.0,5275.200000000001,5.0,44.0,13.0,2.0,0.0,37.0,68.0,9.0,23.0,28.0,95.0,60.0,16.0,53.0,28,2017-18,90.6,54.4
215869,M. Bani,DF,1993-12-10,Serie A,1319.0,16.0,607.0,523.0,0.0,0.0,1.0,4.0,120.0,5138.699999999998,7.0,107.0,3.0,0.0,0.0,11.0,12.0,0.0,22.0,23.0,115.0,92.0,65.0,44.0,24,2017-18,86.2,91.7
21314,E. Hallfreðsson,MF,1984-06-29,Serie A,760.0,19.0,434.0,377.0,5.0,0.0,1.0,10.0,45.0,2034.8999999999983,20.0,15.0,2.0,1.0,0.0,29.0,53.0,2.0,2.0,19.0,82.0,64.0,13.0,9.0,33,2017-18,86.9,54.7
21315,Jorginho,MF,1991-12-20,Serie A,2661.0,33.0,3118.0,2805.0,10.0,3.0,33.0,74.0,406.0,19342.050000000007,3.0,209.0,17.0,4.0,2.0,46.0,101.0,8.0,8.0,51.0,229.0,138.0,7.0,17.0,26,2017-18,90.0,45.5
49991,R. Freuler,MF,1992-04-15,Serie A,3026.0,35.0,2056.0,1820.0,5.0,3.0,10.0,57.0,299.0,12966.450000000033,34.0,98.0,44.0,15.0,5.0,126.0,226.0,20.0,83.0,63.0,273.0,154.0,13.0,25.0,25,2017-18,88.5,55.8
21322,M. D'Alessandro,FW,1991-02-17,Serie A,1044.0,16.0,278.0,208.0,8.0,1.0,2.0,24.0,14.0,788.5500000000002,33.0,9.0,18.0,10.0,1.0,102.0,165.0,32.0,46.0,23.0,86.0,35.0,3.0,3.0,26,2017-18,74.8,61.8
25421,S. Sirigu,GK,1987-01-12,Serie A,3330.0,37.0,813.0,683.0,0.0,0.0,0.0,0.0,375.0,13483.049999999997,0.0,329.0,0.0,0.0,0.0,3.0,4.0,0.0,0.0,1.0,1.0,70.0,21.0,15.0,30,2017-18,84.0,75.0
523089,A. Danzi,MF,1999-02-25,Serie A,392.0,5.0,186.0,173.0,0.0,0.0,0.0,1.0,28.0,1127.7,0.0,8.0,0.0,0.0,0.0,2.0,9.0,2.0,0.0,7.0,42.0,10.0,3.0,3.0,18,2017-18,93.0,22.2
50007,B. Djimsiti,DF,1993-02-19,Serie A,2700.0,30.0,1533.0,1390.0,0.0,1.0,3.0,5.0,306.0,12640.950000000019,1.0,128.0,9.0,3.0,0.0,27.0,35.0,4.0,35.0,41.0,169.0,229.0,110.0,72.0,24,2017-18,90.7,77.1
23386,L. Rizzo,MF,1992-04-24,Serie A,483.0,11.0,191.0,139.0,2.0,0.0,1.0,10.0,15.0,758.1,22.0,7.0,10.0,7.0,2.0,43.0,78.0,4.0,27.0,6.0,48.0,23.0,4.0,2.0,25,2017-18,72.8,55.1
25437,B. Matuidi,MF,1987-04-09,Ligue 1,2381.0,34.0,1347.0,1241.0,4.0,0.0,1.0,24.0,181.0,7806.750000000007,33.0,48.0,23.0,7.0,3.0,87.0,171.0,9.0,75.0,40.0,203.0,93.0,9.0,39.0,30,2017-18,92.1,50.9
269152,G. Simeone,FW,1995-07-05,Serie A,3008.0,38.0,487.0,357.0,7.0,4.0,9.0,33.0,22.0,1207.4999999999995,29.0,23.0,100.0,39.0,14.0,151.0,374.0,17.0,276.0,33.0,179.0,64.0,25.0,41.0,22,2017-18,73.3,40.4
37732,L. Biglia,MF,1986-01-30,Serie A,2042.0,28.0,1548.0,1423.0,2.0,0.0,4.0,22.0,219.0,9605.400000000001,5.0,108.0,21.0,4.0,1.0,57.0,100.0,3.0,7.0,43.0,214.0,139.0,22.0,22.0,31,2017-18,91.9,57.0
21350,M. Parolo,MF,1985-01-25,Serie A,2616.0,31.0,1166.0,966.0,7.0,3.0,10.0,40.0,136.0,5581.8,34.0,89.0,51.0,11.0,4.0,31.0,84.0,6.0,130.0,43.0,233.0,155.0,37.0,54.0,32,2017-18,82.8,36.9
461671,G. Volpicelli,MF,1999-09-24,Serie A,2.0,1.0,1.0,1.0,0.0,0.0,0.0,0.0,0.0,0.0,0.0,0.0,1.0,0.0,0.0,0.0,0.0,0.0,0.0,0.0,1.0,0.0,0.0,0.0,18,2017-18,100.0,
246633,M. Zaccagni,MF,1995-06-16,Serie A,149.0,6.0,56.0,41.0,0.0,0.0,0.0,1.0,6.0,238.35000000000005,3.0,5.0,2.0,1.0,0.0,11.0,20.0,1.0,5.0,3.0,11.0,7.0,0.0,3.0,22,2017-18,73.2,55.0
37739,D. Praet,MF,1994-05-14,Serie A,2665.0,32.0,1431.0,1199.0,9.0,3.0,17.0,59.0,173.0,7124.250000000006,86.0,66.0,33.0,11.0,1.0,149.0,266.0,25.0,88.0,48.0,210.0,152.0,17.0,21.0,23,2017-18,83.8,56.0
37745,J. Lukaku,DF,1994-07-25,Serie A,1341.0,30.0,642.0,507.0,6.0,1.0,0.0,30.0,46.0,2271.15,87.0,26.0,6.0,3.0,1.0,82.0,168.0,17.0,48.0,23.0,101.0,57.0,13.0,5.0,23,2017-18,79.0,48.8
105334,Douglas Costa,MF,1990-09-14,Serie A,1790.0,31.0,997.0,806.0,15.0,10.0,13.0,76.0,63.0,3137.4000000000037,100.0,49.0,35.0,14.0,4.0,224.0,353.0,47.0,116.0,8.0,75.0,40.0,4.0,10.0,27,2017-18,80.8,63.5
234359,P. Schick,FW,1996-01-24,Serie A,978.0,22.0,265.0,219.0,3.0,0.0,2.0,16.0,19.0,779.0999999999999,8.0,7.0,30.0,11.0,2.0,61.0,147.0,3.0,133.0,9.0,46.0,28.0,6.0,31.0,21,2017-18,82.6,41.5
9080,A. Taarabt,MF,1989-05-24,Serie A,1617.0,22.0,718.0,580.0,12.0,2.0,22.0,54.0,65.0,2726.8500000000004,38.0,17.0,29.0,11.0,2.0,129.0,257.0,32.0,77.0,14.0,63.0,45.0,6.0,3.0,28,2017-18,80.8,50.2
21370,M. Capuano,DF,1991-10-14,Serie A,2128.0,25.0,900.0,747.0,1.0,0.0,1.0,6.0,172.0,6926.850000000001,12.0,110.0,4.0,1.0,0.0,14.0,32.0,9.0,28.0,45.0,191.0,130.0,71.0,50.0,26,2017-18,83.0,43.8
21373,S. Romagnoli,DF,1990-02-09,Serie A,557.0,8.0,276.0,226.0,0.0,0.0,0.0,1.0,44.0,2110.5000000000014,1.0,44.0,0.0,0.0,0.0,3.0,5.0,0.0,5.0,19.0,54.0,45.0,20.0,21.0,27,2017-18,81.9,60.0
21376,G. Caprari,FW,1993-07-30,Serie A,1867.0,34.0,619.0,501.0,9.0,2.0,14.0,58.0,53.0,2245.9500000000007,38.0,18.0,66.0,25.0,5.0,131.0,278.0,19.0,152.0,15.0,73.0,41.0,1.0,7.0,24,2017-18,80.9,47.1
23427,M. Fossati,MF,1992-10-05,Serie A,1097.0,17.0,651.0,545.0,1.0,0.0,2.0,8.0,93.0,4056.1499999999965,6.0,97.0,11.0,1.0,0.0,25.0,44.0,0.0,3.0,22.0,102.0,80.0,23.0,16.0,25,2017-18,83.7,56.8
269188,P. Jaroszyński,DF,1994-10-02,Serie A,810.0,11.0,309.0,203.0,3.0,0.0,0.0,15.0,47.0,1717.8000000000002,46.0,46.0,1.0,0.0,0.0,13.0,25.0,4.0,1.0,16.0,86.0,53.0,32.0,12.0,23,2017-18,65.7,52.0
21384,C. Immobile,FW,1990-02-20,Serie A,2741.0,33.0,746.0,594.0,9.0,9.0,10.0,53.0,41.0,1868.9999999999995,32.0,20.0,110.0,54.0,29.0,106.0,264.0,40.0,270.0,8.0,63.0,34.0,5.0,15.0,27,2017-18,79.6,40.2
21385,L. Insigne,FW,1991-06-04,Serie A,3101.0,37.0,2439.0,2067.0,36.0,9.0,36.0,134.0,137.0,6573.00000000001,92.0,116.0,172.0,64.0,8.0,188.0,363.0,65.0,328.0,15.0,95.0,60.0,8.0,4.0,26,2017-18,84.7,51.8
347024,G. Scamacca,FW,1999-01-01,Serie A,20.0,2.0,15.0,11.0,1.0,0.0,0.0,2.0,2.0,72.45,1.0,1.0,3.0,0.0,0.0,2.0,2.0,0.0,1.0,0.0,2.0,1.0,0.0,1.0,19,2017-18,73.3,100.0
105361,I. Strinić,DF,1987-07-17,Serie A,1257.0,17.0,709.0,579.0,3.0,2.0,2.0,13.0,135.0,4941.299999999998,55.0,53.0,0.0,0.0,0.0,40.0,69.0,2.0,9.0,21.0,115.0,93.0,30.0,14.0,30,2017-18,81.7,58.0
347026,M. Tumminello,FW,1998-11-06,Serie A,198.0,9.0,72.0,49.0,1.0,1.0,0.0,3.0,4.0,180.6,6.0,5.0,8.0,6.0,3.0,7.0,18.0,0.0,13.0,4.0,20.0,3.0,0.0,6.0,19,2017-18,68.1,38.9
11156,M. Trotta,FW,1992-09-29,Serie A,2267.0,34.0,699.0,518.0,6.0,2.0,4.0,23.0,48.0,2324.699999999999,19.0,40.0,65.0,24.0,7.0,105.0,243.0,21.0,140.0,21.0,147.0,75.0,17.0,18.0,25,2017-18,74.1,43.2
50069,S. Widmer,DF,1993-03-05,Serie A,1624.0,24.0,786.0,575.0,5.0,2.0,4.0,39.0,92.0,3931.2000000000016,76.0,94.0,12.0,3.0,3.0,46.0,80.0,14.0,45.0,30.0,160.0,93.0,35.0,29.0,24,2017-18,73.2,57.5
226200,M. Lazzari,MF,1993-11-29,Serie A,3119.0,36.0,1182.0,908.0,14.0,1.0,6.0,49.0,78.0,3838.799999999999,177.0,53.0,24.0,5.0,2.0,290.0,463.0,95.0,68.0,42.0,209.0,118.0,48.0,12.0,24,2017-18,76.8,62.6
50073,A. Ioniţă,MF,1990-08-17,Serie A,2670.0,36.0,875.0,710.0,9.0,2.0,3.0,32.0,67.0,3503.850000000004,41.0,51.0,22.0,8.0,0.0,69.0,162.0,18.0,99.0,39.0,222.0,110.0,12.0,79.0,27,2017-18,81.1,42.6
377757,Lyanco,DF,1997-02-01,Serie A,317.0,4.0,147.0,132.0,0.0,0.0,0.0,1.0,31.0,1320.9,0.0,19.0,1.0,0.0,0.0,14.0,22.0,2.0,3.0,8.0,24.0,21.0,12.0,8.0,20,2017-18,89.8,63.6
105376,N. Kalinić,FW,1988-01-05,Serie A,1819.0,31.0,312.0,273.0,4.0,2.0,5.0,26.0,19.0,865.1999999999997,6.0,5.0,48.0,24.0,6.0,69.0,183.0,3.0,215.0,7.0,55.0,20.0,7.0,52.0,30,2017-18,87.5,37.7
21415,A. Brignoli,GK,1991-08-19,Serie A,1125.0,13.0,313.0,242.0,0.0,0.0,0.0,0.0,141.0,5928.299999999998,0.0,167.0,1.0,1.0,1.0,0.0,0.0,0.0,2.0,1.0,3.0,40.0,13.0,13.0,26,2017-18,77.3,
349102,S. Omeonga,MF,1996-03-27,Serie A,786.0,19.0,323.0,274.0,2.0,0.0,0.0,10.0,31.0,1559.2499999999995,15.0,9.0,13.0,4.0,0.0,46.0,83.0,11.0,16.0,15.0,77.0,29.0,2.0,9.0,21,2017-18,84.8,55.4
267185,C. Dell'Orco,DF,1994-02-10,Serie A,418.0,8.0,147.0,110.0,0.0,0.0,1.0,2.0,26.0,1214.85,0.0,34.0,0.0,0.0,0.0,9.0,16.0,1.0,1.0,6.0,28.0,29.0,16.0,8.0,23,2017-18,74.8,56.2
213948,R. de Paul,MF,1994-05-24,Serie A,2323.0,37.0,958.0,722.0,15.0,5.0,37.0,75.0,143.0,5283.600000000003,94.0,73.0,52.0,15.0,4.0,201.0,392.0,53.0,68.0,15.0,135.0,73.0,10.0,4.0,23,2017-18,75.4,51.3
21438,R. Inglese,FW,1991-11-12,Serie A,2798.0,34.0,471.0,333.0,6.0,1.0,3.0,20.0,20.0,1249.4999999999995,22.0,18.0,72.0,34.0,12.0,142.0,381.0,9.0,255.0,22.0,110.0,40.0,11.0,92.0,26,2017-18,70.7,37.3
138174,K. Linetty,MF,1995-02-02,Serie A,2132.0,29.0,987.0,816.0,4.0,1.0,10.0,42.0,96.0,4202.1,21.0,46.0,26.0,7.0,3.0,99.0,187.0,28.0,65.0,49.0,226.0,81.0,8.0,14.0,22,2017-18,82.7,52.9
25541,J. Veretout,MF,1993-03-01,Serie A,3211.0,36.0,1977.0,1699.0,9.0,1.0,12.0,50.0,387.0,14848.05,54.0,168.0,63.0,18.0,8.0,90.0,182.0,33.0,41.0,60.0,266.0,144.0,38.0,27.0,24,2017-18,85.9,49.5
265172,A. Barák,MF,1994-12-03,Serie A,2715.0,34.0,1112.0,923.0,6.0,4.0,12.0,46.0,153.0,6255.900000000009,35.0,66.0,37.0,22.0,7.0,119.0,247.0,43.0,91.0,37.0,216.0,104.0,18.0,37.0,23,2017-18,83.0,48.2
25558,N. N'Koulou,DF,1990-03-27,Serie A,3259.0,37.0,1569.0,1446.0,0.0,0.0,1.0,4.0,262.0,11306.399999999996,0.0,151.0,13.0,4.0,2.0,45.0,75.0,5.0,46.0,59.0,215.0,210.0,92.0,94.0,27,2017-18,92.2,60.0
21468,M. Perin,GK,1992-11-10,Serie A,3330.0,37.0,711.0,589.0,1.0,0.0,0.0,1.0,371.0,15433.949999999997,0.0,373.0,0.0,0.0,0.0,1.0,1.0,0.0,0.0,0.0,1.0,43.0,12.0,13.0,25,2017-18,82.8,100.0
21494,A. Cordaz,GK,1983-01-01,Serie A,3420.0,38.0,592.0,428.0,0.0,0.0,0.0,0.0,325.0,14684.250000000007,0.0,409.0,0.0,0.0,0.0,0.0,0.0,2.0,0.0,1.0,1.0,55.0,11.0,9.0,35,2017-18,72.3,
25601,C. Diabaté,FW,1988-04-25,Serie A,673.0,11.0,94.0,74.0,0.0,0.0,0.0,2.0,7.0,268.79999999999995,0.0,0.0,16.0,11.0,8.0,21.0,64.0,1.0,57.0,0.0,11.0,7.0,6.0,19.0,29,2017-18,78.7,32.8
21507,D. Baselli,MF,1992-02-12,Serie A,2563.0,31.0,1265.0,1058.0,8.0,0.0,8.0,39.0,162.0,6720.000000000003,21.0,107.0,32.0,8.0,4.0,95.0,194.0,12.0,53.0,41.0,210.0,132.0,29.0,38.0,25,2017-18,83.6,49.0
257028,D. Calabria,DF,1996-12-06,Serie A,1584.0,21.0,937.0,746.0,1.0,3.0,2.0,35.0,154.0,5826.45,84.0,91.0,8.0,4.0,1.0,42.0,70.0,12.0,16.0,45.0,183.0,108.0,46.0,18.0,21,2017-18,79.6,60.0
388099,E. Bearzotti,MF,1996-10-20,Serie A,409.0,6.0,152.0,106.0,0.0,0.0,0.0,1.0,28.0,979.6500000000001,14.0,20.0,4.0,1.0,0.0,3.0,13.0,1.0,3.0,4.0,19.0,16.0,12.0,3.0,21,2017-18,69.7,23.1
373768,R. Orsolini,FW,1997-01-24,Serie A,457.0,15.0,143.0,106.0,6.0,0.0,3.0,10.0,16.0,635.25,19.0,7.0,8.0,1.0,0.0,29.0,65.0,4.0,29.0,6.0,42.0,10.0,4.0,11.0,20,2017-18,74.1,44.6
21517,E. Schiavon,MF,1983-04-24,Serie A,350.0,10.0,113.0,83.0,0.0,0.0,2.0,2.0,14.0,597.4499999999999,5.0,13.0,1.0,0.0,0.0,13.0,30.0,2.0,3.0,7.0,31.0,14.0,3.0,1.0,34,2017-18,73.5,43.3
21528,F. Ceccherini,DF,1992-05-11,Serie A,3316.0,37.0,1214.0,1019.0,1.0,0.0,3.0,9.0,245.0,9990.75000000002,4.0,182.0,15.0,5.0,1.0,47.0,75.0,5.0,60.0,49.0,231.0,262.0,165.0,98.0,25,2017-18,83.9,62.7
289827,K. Bonifazi,DF,1996-05-19,Serie A,408.0,6.0,166.0,149.0,0.0,0.0,1.0,1.0,25.0,948.1500000000001,3.0,13.0,1.0,0.0,0.0,7.0,16.0,1.0,7.0,11.0,40.0,30.0,10.0,9.0,21,2017-18,89.8,43.8
234533,S. Perica,FW,1995-07-07,Serie A,936.0,22.0,172.0,141.0,1.0,0.0,6.0,9.0,17.0,657.3,5.0,3.0,17.0,5.0,1.0,46.0,155.0,2.0,77.0,5.0,47.0,24.0,8.0,27.0,22,2017-18,82.0,29.7
21564,I. Radovanović,MF,1988-08-29,Serie A,3143.0,35.0,1635.0,1385.0,2.0,1.0,3.0,26.0,300.0,12188.400000000009,19.0,280.0,32.0,10.0,1.0,60.0,115.0,2.0,11.0,50.0,200.0,222.0,76.0,71.0,29,2017-18,84.7,52.2
21573,M. Silvestri,GK,1991-03-02,Serie A,180.0,2.0,27.0,24.0,0.0,0.0,0.0,0.0,14.0,509.25000000000006,0.0,10.0,0.0,0.0,0.0,0.0,0.0,0.0,0.0,0.0,0.0,4.0,0.0,0.0,26,2017-18,88.9,
37959,N. Dussenne,DF,1992-04-07,Serie A,82.0,1.0,14.0,7.0,0.0,0.0,0.0,1.0,1.0,94.5,0.0,5.0,1.0,0.0,0.0,0.0,1.0,0.0,6.0,2.0,10.0,5.0,5.0,0.0,25,2017-18,50.0,0.0
21578,G. Di Chiara,DF,1993-01-12,Serie A,1008.0,13.0,534.0,434.0,3.0,0.0,1.0,14.0,120.0,4358.550000000002,30.0,82.0,6.0,0.0,0.0,19.0,33.0,11.0,6.0,20.0,102.0,51.0,18.0,3.0,24,2017-18,81.3,57.6
250956,F. Ricci,FW,1994-05-27,Serie A,1138.0,20.0,400.0,281.0,3.0,1.0,1.0,26.0,44.0,1639.049999999999,52.0,26.0,27.0,7.0,1.0,88.0,189.0,11.0,51.0,19.0,90.0,37.0,3.0,8.0,23,2017-18,70.2,46.6
99423,A. Tonev,FW,1990-02-02,Serie A,401.0,8.0,116.0,71.0,0.0,0.0,0.0,6.0,3.0,217.35000000000002,15.0,5.0,10.0,3.0,0.0,16.0,39.0,5.0,7.0,3.0,23.0,6.0,3.0,1.0,27,2017-18,61.2,41.0
89186,P. Dybala,FW,1993-11-15,Serie A,2354.0,33.0,1219.0,1061.0,10.0,3.0,20.0,56.0,117.0,4881.450000000002,35.0,53.0,110.0,46.0,22.0,215.0,398.0,31.0,134.0,16.0,97.0,44.0,2.0,5.0,24,2017-18,87.0,54.0
99430,Ł. Skorupski,GK,1991-05-05,Serie A,90.0,1.0,23.0,20.0,0.0,0.0,0.0,0.0,16.0,575.4,0.0,7.0,0.0,0.0,0.0,0.0,0.0,0.0,0.0,0.0,0.0,3.0,1.0,0.0,26,2017-18,87.0,
21607,F. Cacciatore,DF,1986-10-08,Serie A,2899.0,33.0,1623.0,1259.0,17.0,2.0,13.0,85.0,236.0,9794.400000000003,138.0,210.0,20.0,9.0,2.0,58.0,117.0,9.0,48.0,43.0,191.0,155.0,58.0,57.0,31,2017-18,77.6,49.6
21620,J. Kurtič,MF,1989-01-10,Serie A,2098.0,30.0,882.0,706.0,4.0,0.0,10.0,23.0,80.0,3344.2500000000023,39.0,50.0,31.0,10.0,3.0,98.0,188.0,10.0,67.0,27.0,133.0,67.0,18.0,100.0,28,2017-18,80.0,52.1
248950,Samir,DF,1994-12-05,Serie A,2599.0,31.0,1201.0,1020.0,2.0,0.0,2.0,7.0,203.0,8129.0999999999985,22.0,133.0,7.0,2.0,2.0,54.0,100.0,13.0,32.0,73.0,271.0,195.0,99.0,62.0,23,2017-18,84.9,54.0
99452,A. Milik,FW,1994-02-28,Serie A,440.0,15.0,133.0,106.0,1.0,0.0,3.0,10.0,6.0,364.35,3.0,6.0,22.0,15.0,5.0,17.0,42.0,0.0,41.0,0.0,11.0,4.0,1.0,11.0,23,2017-18,79.7,40.5
25726,K. Koulibaly,DF,1991-06-20,Serie A,3150.0,35.0,2860.0,2647.0,0.0,1.0,3.0,6.0,677.0,27039.600000000017,2.0,173.0,15.0,7.0,5.0,30.0,55.0,9.0,61.0,51.0,183.0,173.0,70.0,69.0,26,2017-18,92.6,54.5
21636,E. Lamanna,GK,1989-08-07,Serie A,90.0,1.0,11.0,9.0,0.0,0.0,0.0,0.0,6.0,281.40000000000003,0.0,7.0,0.0,0.0,0.0,0.0,0.0,0.0,0.0,0.0,0.0,1.0,1.0,0.0,28,2017-18,81.8,
21639,L. Ceppitelli,DF,1989-08-11,Serie A,2228.0,26.0,1112.0,921.0,2.0,0.0,2.0,11.0,276.0,11748.449999999993,2.0,241.0,9.0,4.0,3.0,21.0,36.0,3.0,47.0,56.0,174.0,162.0,76.0,93.0,28,2017-18,82.8,58.3
21655,A. Stoian,FW,1991-02-11,Serie A,2147.0,32.0,994.0,669.0,6.0,4.0,13.0,62.0,165.0,6695.850000000002,75.0,175.0,21.0,7.0,2.0,120.0,235.0,35.0,35.0,25.0,135.0,68.0,18.0,7.0,26,2017-18,67.3,51.1
23705,M. Sportiello,GK,1992-05-10,Serie A,3286.0,37.0,636.0,560.0,0.0,0.0,0.0,1.0,311.0,11790.450000000004,0.0,210.0,0.0,0.0,0.0,2.0,3.0,0.0,0.0,0.0,2.0,40.0,9.0,18.0,25,2017-18,88.1,66.7
146588,A. Romagnoli,DF,1995-01-12,Serie A,2369.0,28.0,1429.0,1320.0,0.0,0.0,1.0,6.0,268.0,11015.550000000008,6.0,107.0,7.0,4.0,2.0,12.0,19.0,1.0,27.0,26.0,112.0,124.0,75.0,69.0,22,2017-18,92.4,63.2
93341,M. Oikonomou,DF,1992-10-06,Serie A,171.0,4.0,58.0,46.0,0.0,0.0,0.0,0.0,12.0,516.6000000000001,0.0,10.0,0.0,0.0,0.0,0.0,3.0,0.0,4.0,2.0,12.0,9.0,6.0,5.0,25,2017-18,79.3,0.0
146590,F. Mattiello,DF,1995-07-14,Serie A,2189.0,28.0,692.0,539.0,3.0,0.0,2.0,16.0,79.0,3151.0499999999984,55.0,68.0,17.0,5.0,0.0,100.0,173.0,48.0,35.0,46.0,223.0,149.0,39.0,23.0,22,2017-18,77.9,57.8
15524,H. Çalhanoğlu,MF,1994-02-08,Serie A,2183.0,31.0,1177.0,975.0,16.0,2.0,9.0,79.0,124.0,5055.750000000005,75.0,108.0,85.0,28.0,6.0,96.0,184.0,14.0,104.0,25.0,134.0,80.0,9.0,13.0,23,2017-18,82.8,52.2
138408,M. Škriniar,DF,1995-02-11,Serie A,3420.0,38.0,2273.0,2102.0,1.0,0.0,4.0,5.0,407.0,18284.699999999964,0.0,142.0,19.0,10.0,4.0,48.0,84.0,10.0,61.0,80.0,236.0,252.0,101.0,75.0,22,2017-18,92.5,57.1
21678,L. Del Pinto,MF,1990-06-17,Serie A,756.0,15.0,389.0,332.0,0.0,0.0,0.0,7.0,34.0,1654.799999999999,1.0,26.0,6.0,2.0,0.0,19.0,41.0,1.0,17.0,12.0,91.0,44.0,10.0,11.0,27,2017-18,85.3,46.3
70834,Guilherme,MF,1991-05-21,Serie A,944.0,12.0,351.0,299.0,4.0,2.0,3.0,15.0,27.0,1201.2000000000003,13.0,11.0,11.0,3.0,2.0,53.0,119.0,20.0,29.0,14.0,85.0,22.0,2.0,4.0,26,2017-18,85.2,44.5
220341,R. Chibsah,MF,1993-03-10,Serie A,1052.0,14.0,391.0,356.0,2.0,0.0,1.0,5.0,36.0,1887.8999999999994,3.0,7.0,7.0,4.0,0.0,37.0,81.0,6.0,13.0,21.0,96.0,34.0,6.0,9.0,24,2017-18,91.0,45.7
99511,M. Stępiński,FW,1995-05-12,Ligue 1,700.0,22.0,132.0,106.0,2.0,0.0,2.0,3.0,5.0,379.04999999999995,5.0,3.0,18.0,8.0,5.0,28.0,81.0,4.0,59.0,6.0,50.0,11.0,4.0,17.0,22,2017-18,80.3,34.6
283832,F. Romagna,DF,1997-05-26,Serie A,1887.0,21.0,810.0,654.0,3.0,0.0,5.0,16.0,190.0,7131.600000000003,15.0,155.0,3.0,0.0,0.0,21.0,44.0,10.0,4.0,28.0,130.0,121.0,68.0,35.0,20,2017-18,80.7,47.7
220359,P. Faragò,MF,1993-02-12,Serie A,2448.0,35.0,950.0,618.0,18.0,5.0,4.0,62.0,134.0,5015.849999999998,140.0,163.0,26.0,6.0,2.0,101.0,187.0,22.0,80.0,61.0,291.0,137.0,42.0,80.0,24,2017-18,65.1,54.0
214220,Alisson,GK,1992-10-02,Serie A,3330.0,37.0,921.0,828.0,0.0,0.0,0.0,0.0,508.0,17437.349999999984,0.0,249.0,0.0,0.0,0.0,8.0,9.0,0.0,0.0,0.0,0.0,99.0,22.0,8.0,25,2017-18,89.9,88.9
265431,B. Drągowski,GK,1997-08-19,Serie A,215.0,3.0,29.0,23.0,0.0,0.0,0.0,0.0,18.0,773.8499999999999,0.0,15.0,0.0,0.0,0.0,1.0,1.0,0.0,0.0,0.0,0.0,1.0,0.0,1.0,20,2017-18,79.3,100.0
44251,Bruno Peres,DF,1990-03-01,Serie A,1154.0,18.0,665.0,558.0,6.0,0.0,5.0,22.0,85.0,3538.5000000000005,51.0,41.0,7.0,3.0,0.0,50.0,80.0,13.0,14.0,24.0,93.0,66.0,11.0,8.0,27,2017-18,83.9,62.5
259292,F. Di Francesco,FW,1994-06-14,Serie A,1596.0,24.0,424.0,333.0,7.0,1.0,3.0,20.0,25.0,1201.2000000000005,44.0,20.0,35.0,5.0,1.0,91.0,187.0,15.0,66.0,10.0,99.0,53.0,13.0,4.0,23,2017-18,78.5,48.7
115933,G. Lapadula,FW,1990-02-07,Serie A,1485.0,28.0,204.0,142.0,2.0,0.0,2.0,13.0,11.0,441.00000000000006,9.0,2.0,49.0,13.0,6.0,57.0,130.0,5.0,179.0,8.0,52.0,20.0,5.0,80.0,27,2017-18,69.6,43.8
21725,M. Cremonesi,DF,1988-04-15,Serie A,349.0,4.0,143.0,122.0,0.0,0.0,0.0,1.0,27.0,1069.9499999999996,2.0,14.0,0.0,0.0,0.0,1.0,4.0,1.0,7.0,5.0,25.0,31.0,15.0,11.0,29,2017-18,85.3,25.0
21730,M. Rigione,DF,1991-03-07,Serie A,27.0,1.0,5.0,3.0,0.0,0.0,0.0,0.0,1.0,16.8,0.0,0.0,1.0,0.0,0.0,0.0,1.0,0.0,2.0,0.0,5.0,1.0,0.0,2.0,26,2017-18,60.0,0.0
3300,Albiol,DF,1985-09-04,Serie A,2742.0,31.0,2390.0,2182.0,1.0,1.0,2.0,12.0,591.0,22735.64999999995,4.0,244.0,15.0,7.0,3.0,18.0,26.0,2.0,49.0,36.0,139.0,134.0,71.0,94.0,32,2017-18,91.3,69.2
298212,Dalbert,DF,1993-09-08,Serie A,525.0,13.0,295.0,248.0,2.0,0.0,1.0,10.0,27.0,1366.0500000000002,22.0,11.0,6.0,1.0,0.0,22.0,44.0,3.0,7.0,12.0,56.0,29.0,10.0,14.0,24,2017-18,84.1,50.0
238832,L. Garritano,MF,1994-02-11,Serie A,179.0,11.0,73.0,52.0,0.0,0.0,2.0,4.0,12.0,497.7,11.0,8.0,3.0,1.0,0.0,10.0,20.0,6.0,8.0,2.0,18.0,11.0,1.0,4.0,23,2017-18,71.2,50.0
3313,José Callejón,FW,1987-02-11,Serie A,3246.0,38.0,1476.0,1215.0,20.0,5.0,12.0,73.0,88.0,3767.400000000001,119.0,80.0,61.0,30.0,9.0,68.0,148.0,15.0,176.0,20.0,154.0,102.0,26.0,17.0,30,2017-18,82.3,45.9
412914,A. Gravillon,DF,1998-02-08,Serie A,82.0,2.0,20.0,15.0,0.0,0.0,0.0,0.0,4.0,181.64999999999998,0.0,4.0,0.0,0.0,0.0,2.0,2.0,0.0,0.0,2.0,13.0,9.0,10.0,2.0,19,2017-18,75.0,100.0
3318,S. Khedira,MF,1987-04-04,Serie A,1919.0,26.0,923.0,824.0,2.0,1.0,6.0,23.0,96.0,4503.45,15.0,40.0,28.0,17.0,9.0,25.0,59.0,11.0,57.0,12.0,76.0,75.0,10.0,17.0,30,2017-18,89.3,42.4
339192,M. Vitale,MF,1997-10-01,Serie A,96.0,2.0,27.0,21.0,0.0,0.0,0.0,0.0,1.0,91.35,1.0,3.0,2.0,0.0,0.0,5.0,12.0,1.0,4.0,1.0,6.0,8.0,0.0,0.0,20,2017-18,77.8,41.7
25849,F. Ghoulam,DF,1991-02-01,Serie A,987.0,11.0,812.0,716.0,8.0,3.0,5.0,37.0,99.0,4446.750000000001,53.0,14.0,9.0,5.0,2.0,28.0,45.0,10.0,30.0,5.0,36.0,47.0,14.0,26.0,26,2017-18,88.2,62.2
3323,G. Higuaín,FW,1987-12-10,Serie A,2818.0,35.0,681.0,555.0,6.0,4.0,10.0,29.0,55.0,2451.750000000001,25.0,45.0,99.0,39.0,16.0,170.0,403.0,30.0,222.0,14.0,93.0,52.0,19.0,13.0,30,2017-18,81.5,42.2
374013,A. Diawara,MF,1997-07-17,Serie A,646.0,17.0,696.0,654.0,1.0,1.0,3.0,9.0,60.0,3509.1000000000017,0.0,30.0,6.0,3.0,1.0,11.0,29.0,1.0,2.0,11.0,46.0,38.0,5.0,3.0,20,2017-18,94.0,37.9
101635,F. Caicedo,FW,1988-09-05,Serie A,700.0,22.0,159.0,132.0,1.0,1.0,2.0,12.0,10.0,585.9000000000001,3.0,1.0,15.0,8.0,3.0,32.0,70.0,3.0,60.0,8.0,44.0,9.0,1.0,22.0,29,2017-18,83.0,45.7
263432,F. Vicari,DF,1994-08-03,Serie A,2918.0,34.0,1140.0,977.0,0.0,0.0,2.0,9.0,239.0,10191.299999999985,1.0,177.0,8.0,1.0,0.0,14.0,21.0,0.0,19.0,56.0,171.0,182.0,120.0,44.0,23,2017-18,85.7,66.7
263433,A. Ferrari,DF,1994-07-01,Serie A,2139.0,25.0,842.0,643.0,0.0,0.0,8.0,14.0,165.0,6375.599999999998,20.0,131.0,8.0,1.0,1.0,48.0,97.0,9.0,17.0,63.0,221.0,159.0,63.0,57.0,23,2017-18,76.4,49.5
134413,A. Cragno,GK,1994-06-28,Serie A,2538.0,29.0,411.0,339.0,0.0,0.0,0.0,0.0,200.0,8636.25,0.0,187.0,0.0,0.0,0.0,1.0,1.0,0.0,0.0,1.0,3.0,47.0,3.0,7.0,23,2017-18,82.5,100.0
3344,Rafinha,MF,1993-02-12,Serie A,1046.0,16.0,724.0,649.0,9.0,2.0,9.0,42.0,85.0,3273.9000000000005,21.0,20.0,16.0,9.0,2.0,93.0,182.0,14.0,48.0,13.0,58.0,37.0,2.0,6.0,24,2017-18,89.6,51.1
134419,A. Conti,DF,1994-03-02,Serie A,158.0,2.0,84.0,72.0,1.0,0.0,0.0,2.0,15.0,569.1,4.0,2.0,1.0,0.0,0.0,3.0,5.0,0.0,2.0,5.0,15.0,9.0,0.0,6.0,23,2017-18,85.7,60.0
134420,F. Costa,DF,1995-05-21,Serie A,1471.0,23.0,552.0,390.0,3.0,1.0,4.0,26.0,78.0,2950.4999999999986,80.0,65.0,7.0,0.0,0.0,64.0,108.0,17.0,15.0,17.0,118.0,89.0,19.0,22.0,22,2017-18,70.7,59.3
25878,T. Heurtaux,DF,1988-07-03,Serie A,1417.0,17.0,523.0,438.0,0.0,0.0,0.0,3.0,98.0,4132.800000000003,0.0,93.0,0.0,0.0,0.0,6.0,8.0,0.0,4.0,15.0,62.0,113.0,67.0,19.0,29,2017-18,83.7,75.0
134427,D. Rugani,DF,1994-07-29,Serie A,1936.0,22.0,1470.0,1374.0,1.0,1.0,0.0,3.0,266.0,11804.100000000017,1.0,100.0,7.0,2.0,2.0,12.0,21.0,1.0,23.0,29.0,102.0,94.0,52.0,51.0,23,2017-18,93.5,57.1
134429,L. Capezzi,MF,1995-03-28,Serie A,211.0,5.0,125.0,102.0,1.0,1.0,1.0,5.0,26.0,890.4000000000004,7.0,16.0,0.0,0.0,0.0,6.0,10.0,0.0,1.0,7.0,28.0,8.0,1.0,1.0,22,2017-18,81.6,60.0
564512,S. Sanogo,FW,2001-12-21,Serie A,37.0,1.0,16.0,13.0,0.0,0.0,0.0,0.0,0.0,16.8,0.0,0.0,1.0,0.0,0.0,3.0,4.0,0.0,3.0,0.0,0.0,0.0,0.0,3.0,16,2017-18,81.2,75.0
134435,A. Grassi,MF,1995-03-07,Serie A,2257.0,28.0,736.0,632.0,1.0,0.0,5.0,14.0,63.0,3074.400000000002,11.0,37.0,35.0,12.0,3.0,90.0,164.0,19.0,49.0,26.0,124.0,123.0,36.0,60.0,22,2017-18,85.9,54.9
25898,M. Niang,FW,1994-12-19,Serie A,1541.0,26.0,443.0,333.0,3.0,0.0,5.0,19.0,32.0,1228.5000000000002,35.0,21.0,46.0,20.0,4.0,148.0,333.0,27.0,123.0,20.0,103.0,45.0,8.0,32.0,23,2017-18,75.2,44.4
388398,G. Pezzella,DF,1997-11-29,Serie A,916.0,15.0,360.0,250.0,3.0,0.0,1.0,20.0,45.0,1717.800000000001,47.0,45.0,7.0,1.0,0.0,32.0,70.0,10.0,7.0,15.0,93.0,46.0,23.0,6.0,20,2017-18,69.4,45.7
361779,C. Keita,DF,1996-04-16,Serie A,125.0,3.0,27.0,22.0,0.0,0.0,0.0,0.0,1.0,54.60000000000001,0.0,2.0,0.0,0.0,0.0,3.0,8.0,0.0,0.0,3.0,23.0,9.0,1.0,2.0,21,2017-18,81.5,37.5
447804,F. Chiesa,MF,1997-10-25,Serie A,3024.0,36.0,966.0,731.0,23.0,4.0,15.0,94.0,103.0,3903.900000000003,137.0,46.0,104.0,31.0,6.0,281.0,503.0,72.0,250.0,47.0,220.0,67.0,17.0,8.0,20,2017-18,75.7,55.9
70974,Iuri Medeiros,FW,1994-07-10,Serie A,639.0,11.0,247.0,186.0,2.0,1.0,6.0,23.0,27.0,1130.85,14.0,26.0,19.0,7.0,2.0,52.0,90.0,8.0,31.0,3.0,24.0,7.0,3.0,3.0,23,2017-18,75.3,57.8
99661,T. Cionek,DF,1986-04-21,Serie A,1350.0,15.0,711.0,587.0,1.0,0.0,1.0,4.0,139.0,5772.9000000000015,4.0,115.0,6.0,4.0,1.0,33.0,57.0,6.0,14.0,35.0,138.0,104.0,42.0,32.0,31,2017-18,82.6,57.9
361807,R. Bentancur,MF,1997-06-25,Serie A,567.0,20.0,503.0,459.0,2.0,0.0,4.0,5.0,50.0,2715.3000000000015,3.0,20.0,5.0,2.0,0.0,24.0,46.0,7.0,6.0,12.0,67.0,36.0,5.0,7.0,20,2017-18,91.3,52.2
21842,C. Biraghi,DF,1992-09-01,Serie A,2984.0,34.0,1303.0,993.0,23.0,3.0,4.0,77.0,167.0,6859.650000000008,147.0,164.0,32.0,7.0,1.0,43.0,78.0,12.0,29.0,63.0,288.0,168.0,69.0,40.0,25,2017-18,76.2,55.1
134484,A. Ciciretti,FW,1993-12-31,Serie A,809.0,12.0,309.0,230.0,4.0,0.0,2.0,10.0,25.0,950.2500000000001,36.0,29.0,32.0,10.0,2.0,62.0,97.0,7.0,44.0,8.0,46.0,21.0,4.0,4.0,24,2017-18,74.4,63.9
300373,A. Barreca,DF,1995-03-18,Serie A,478.0,9.0,195.0,163.0,1.0,0.0,0.0,4.0,37.0,1420.6499999999999,10.0,18.0,1.0,0.0,0.0,9.0,20.0,4.0,3.0,8.0,36.0,27.0,5.0,8.0,22,2017-18,83.6,45.0
21861,D. Falcinelli,FW,1991-06-20,Serie A,1750.0,31.0,289.0,208.0,3.0,1.0,4.0,16.0,18.0,804.2999999999998,20.0,12.0,45.0,15.0,2.0,120.0,272.0,6.0,132.0,7.0,96.0,39.0,8.0,39.0,26,2017-18,72.0,44.1
3431,João Miranda,DF,1984-09-07,Serie A,2728.0,31.0,1582.0,1430.0,0.0,0.0,1.0,6.0,296.0,13302.450000000008,2.0,143.0,8.0,1.0,0.0,38.0,68.0,2.0,36.0,67.0,187.0,181.0,93.0,61.0,33,2017-18,90.4,55.9
21865,M. Sau,FW,1987-11-03,Serie A,1313.0,29.0,358.0,285.0,4.0,0.0,1.0,17.0,12.0,949.2000000000004,14.0,10.0,23.0,10.0,2.0,59.0,151.0,12.0,90.0,14.0,59.0,27.0,1.0,2.0,30,2017-18,79.6,39.1
134508,S. Fofana,MF,1995-05-07,Serie A,1913.0,27.0,892.0,758.0,3.0,0.0,8.0,15.0,107.0,4795.350000000008,9.0,45.0,38.0,10.0,3.0,103.0,180.0,31.0,27.0,19.0,96.0,90.0,20.0,7.0,22,2017-18,85.0,57.2
101742,C. Ansaldi,DF,1986-09-20,Serie A,1875.0,25.0,774.0,581.0,9.0,3.0,4.0,47.0,112.0,4603.199999999998,84.0,147.0,18.0,7.0,1.0,152.0,246.0,22.0,34.0,41.0,166.0,91.0,42.0,6.0,31,2017-18,75.1,61.8
21872,L. Antei,DF,1992-04-19,Serie A,646.0,8.0,346.0,303.0,0.0,0.0,1.0,0.0,79.0,2933.7,1.0,37.0,2.0,1.0,0.0,8.0,12.0,2.0,1.0,22.0,57.0,42.0,17.0,7.0,25,2017-18,87.6,66.7
413041,J. El Yamiq,DF,1992-02-29,Serie A,360.0,4.0,169.0,140.0,0.0,0.0,1.0,0.0,39.0,1465.8,0.0,22.0,1.0,0.0,0.0,2.0,9.0,0.0,9.0,8.0,26.0,32.0,11.0,9.0,25,2017-18,82.8,22.2
232822,A. Masina,DF,1994-01-02,Serie A,2840.0,34.0,1273.0,1016.0,9.0,1.0,3.0,46.0,225.0,8701.350000000013,55.0,116.0,15.0,4.0,0.0,80.0,177.0,12.0,53.0,75.0,285.0,168.0,63.0,117.0,24,2017-18,79.8,45.2
419204,M. Diaby,FW,1999-07-07,Serie A,70.0,2.0,13.0,13.0,0.0,0.0,0.0,3.0,1.0,44.1,2.0,1.0,0.0,0.0,0.0,6.0,14.0,2.0,5.0,1.0,10.0,2.0,0.0,0.0,18,2017-18,100.0,42.9
3463,F. Fazio,DF,1987-03-17,Serie A,2911.0,33.0,1828.0,1614.0,2.0,0.0,4.0,9.0,327.0,14581.349999999999,7.0,180.0,15.0,4.0,2.0,40.0,73.0,2.0,44.0,60.0,160.0,216.0,88.0,187.0,30,2017-18,88.3,54.8
26000,B. Dabo,MF,1992-02-18,Ligue 1,1934.0,26.0,881.0,719.0,8.0,0.0,3.0,24.0,103.0,4244.100000000002,20.0,40.0,21.0,5.0,3.0,109.0,219.0,14.0,60.0,34.0,157.0,104.0,27.0,52.0,25,2017-18,81.6,49.8
3475,D. Perotti,FW,1988-07-26,Serie A,1605.0,25.0,832.0,677.0,16.0,4.0,20.0,74.0,79.0,3054.4500000000007,113.0,13.0,38.0,13.0,5.0,217.0,366.0,47.0,138.0,18.0,79.0,47.0,6.0,11.0,29,2017-18,81.4,59.3
3484,Luis Alberto,MF,1992-09-28,Serie A,2677.0,34.0,1527.0,1221.0,21.0,7.0,65.0,122.0,226.0,9382.799999999994,46.0,100.0,78.0,27.0,11.0,153.0,297.0,62.0,103.0,25.0,142.0,71.0,1.0,11.0,25,2017-18,80.0,51.5
263591,A. Deiola,MF,1995-08-01,Serie A,445.0,12.0,144.0,103.0,1.0,0.0,1.0,6.0,12.0,523.95,4.0,11.0,9.0,2.0,0.0,8.0,24.0,0.0,13.0,8.0,41.0,26.0,6.0,1.0,22,2017-18,71.5,33.3
449978,M. Léris,FW,1998-05-23,Serie A,37.0,3.0,13.0,10.0,0.0,0.0,0.0,0.0,0.0,22.050000000000004,1.0,1.0,0.0,0.0,0.0,5.0,9.0,0.0,3.0,0.0,2.0,3.0,1.0,2.0,19,2017-18,76.9,55.6
3526,M. Musacchio,DF,1990-08-26,Serie A,1199.0,15.0,916.0,834.0,1.0,1.0,1.0,11.0,204.0,8446.200000000004,2.0,91.0,3.0,1.0,0.0,13.0,20.0,0.0,22.0,31.0,93.0,59.0,29.0,21.0,27,2017-18,91.0,65.0
21959,N. Giannetti,FW,1991-05-12,Serie A,291.0,7.0,57.0,44.0,1.0,0.0,0.0,2.0,5.0,193.2,6.0,2.0,5.0,2.0,0.0,17.0,30.0,0.0,22.0,6.0,18.0,8.0,2.0,10.0,26,2017-18,77.2,56.7
347593,S. Ingelsson,MF,1998-06-14,Serie A,323.0,7.0,90.0,62.0,0.0,0.0,2.0,2.0,9.0,361.2,8.0,3.0,5.0,1.0,1.0,11.0,27.0,2.0,14.0,4.0,26.0,12.0,0.0,3.0,19,2017-18,68.9,40.7
116170,S. Cristóforo,MF,1993-08-23,Serie A,266.0,7.0,184.0,159.0,1.0,0.0,1.0,4.0,22.0,961.7999999999997,2.0,12.0,2.0,0.0,0.0,17.0,29.0,1.0,2.0,10.0,43.0,25.0,3.0,5.0,24,2017-18,86.4,58.6
116171,João Pedro,MF,1992-03-09,Serie A,1662.0,22.0,457.0,334.0,6.0,1.0,12.0,16.0,43.0,1694.6999999999996,17.0,33.0,40.0,11.0,5.0,84.0,181.0,10.0,71.0,6.0,61.0,43.0,10.0,30.0,25,2017-18,73.1,46.4
3531,C. Zapata,DF,1986-09-30,Serie A,993.0,12.0,640.0,589.0,1.0,0.0,0.0,5.0,111.0,5071.500000000004,7.0,40.0,2.0,1.0,0.0,17.0,24.0,3.0,20.0,40.0,88.0,54.0,19.0,41.0,31,2017-18,92.0,70.8
417231,C. Adjapong,DF,1998-05-06,Serie A,1281.0,16.0,436.0,316.0,4.0,0.0,1.0,10.0,50.0,1988.7,40.0,38.0,13.0,3.0,0.0,55.0,113.0,19.0,38.0,21.0,121.0,67.0,23.0,15.0,19,2017-18,72.5,48.7
402898,S. Miangue,DF,1997-02-05,Serie A,804.0,11.0,301.0,216.0,7.0,1.0,1.0,23.0,38.0,1515.1499999999996,46.0,39.0,3.0,0.0,0.0,24.0,48.0,5.0,11.0,8.0,54.0,39.0,17.0,10.0,20,2017-18,71.8,50.0
292310,L. Mazzitelli,MF,1995-11-15,Serie A,1013.0,20.0,409.0,301.0,0.0,1.0,2.0,11.0,61.0,2318.3999999999996,19.0,45.0,13.0,3.0,0.0,27.0,64.0,4.0,23.0,15.0,114.0,63.0,13.0,20.0,22,2017-18,73.6,42.2
3543,Borja Valero,MF,1985-01-12,Serie A,2571.0,36.0,1967.0,1801.0,4.0,0.0,16.0,48.0,274.0,12184.200000000003,24.0,124.0,17.0,8.0,2.0,78.0,155.0,22.0,35.0,30.0,172.0,112.0,32.0,11.0,32,2017-18,91.6,50.3
24024,F. Zampano,DF,1993-09-30,Serie A,410.0,6.0,132.0,104.0,1.0,2.0,2.0,8.0,18.0,663.6000000000004,16.0,11.0,2.0,0.0,0.0,23.0,43.0,4.0,9.0,8.0,45.0,13.0,4.0,5.0,24,2017-18,78.8,53.5
3548,G. Rossi,FW,1987-02-01,Serie A,253.0,9.0,101.0,86.0,1.0,0.0,2.0,9.0,5.0,267.75,3.0,4.0,11.0,3.0,1.0,15.0,32.0,1.0,23.0,3.0,9.0,5.0,1.0,1.0,30,2017-18,85.1,46.9
44510,Vitor Hugo,DF,1991-05-20,Serie A,1204.0,19.0,614.0,546.0,0.0,0.0,0.0,2.0,113.0,4978.050000000005,0.0,50.0,5.0,2.0,1.0,10.0,16.0,0.0,27.0,45.0,123.0,95.0,55.0,41.0,26,2017-18,88.9,62.5
206314,M. Icardi,FW,1993-02-19,Serie A,2967.0,34.0,419.0,323.0,12.0,1.0,11.0,33.0,38.0,1478.3999999999992,18.0,17.0,95.0,50.0,29.0,61.0,151.0,10.0,258.0,5.0,34.0,37.0,15.0,46.0,24,2017-18,77.1,40.4
206318,D. Biraschi,DF,1994-07-02,Serie A,1796.0,23.0,899.0,723.0,3.0,1.0,2.0,12.0,170.0,6624.449999999999,33.0,121.0,6.0,0.0,0.0,63.0,102.0,16.0,7.0,52.0,196.0,105.0,53.0,28.0,23,2017-18,80.4,61.8
99833,B. Bereszyński,DF,1992-07-12,Serie A,2483.0,31.0,1268.0,1045.0,2.0,1.0,4.0,31.0,194.0,7551.600000000007,65.0,99.0,5.0,0.0,0.0,75.0,134.0,13.0,7.0,53.0,221.0,172.0,55.0,31.0,25,2017-18,82.4,56.0
116225,M. Olivera,DF,1992-03-05,Serie A,409.0,7.0,237.0,192.0,2.0,0.0,0.0,11.0,37.0,1398.5999999999995,15.0,29.0,3.0,1.0,0.0,5.0,9.0,2.0,4.0,8.0,41.0,22.0,4.0,7.0,25,2017-18,81.0,55.6
22020,A. Galabinov,FW,1988-11-27,Serie A,1131.0,20.0,295.0,202.0,0.0,1.0,5.0,16.0,13.0,611.0999999999996,9.0,5.0,35.0,15.0,3.0,59.0,189.0,3.0,127.0,7.0,44.0,33.0,10.0,63.0,29,2017-18,68.5,31.2
286215,A. Meret,GK,1997-03-22,Serie A,1160.0,13.0,204.0,174.0,0.0,0.0,0.0,0.0,110.0,4736.550000000003,0.0,109.0,0.0,0.0,0.0,0.0,1.0,0.0,0.0,0.0,2.0,17.0,2.0,4.0,20,2017-18,85.3,0.0
286223,N. Barella,MF,1997-02-07,Serie A,2965.0,34.0,1485.0,1178.0,10.0,1.0,20.0,59.0,215.0,8432.55000000001,70.0,165.0,34.0,11.0,6.0,160.0,313.0,35.0,52.0,60.0,294.0,148.0,22.0,31.0,20,2017-18,79.3,51.1
286225,G. Felicioli,DF,1997-09-30,Serie A,275.0,6.0,70.0,52.0,0.0,0.0,0.0,0.0,6.0,265.65000000000003,7.0,2.0,0.0,0.0,0.0,16.0,23.0,0.0,6.0,6.0,30.0,10.0,6.0,0.0,20,2017-18,74.3,69.6
286226,M. Locatelli,MF,1998-01-08,Serie A,671.0,20.0,526.0,462.0,2.0,0.0,4.0,12.0,62.0,2858.100000000001,7.0,56.0,11.0,5.0,0.0,19.0,36.0,8.0,7.0,15.0,64.0,31.0,9.0,9.0,19,2017-18,87.8,52.8
22053,F. Rossi,GK,1991-04-27,Serie A,7.0,1.0,2.0,2.0,0.0,0.0,0.0,0.0,1.0,25.200000000000003,0.0,0.0,0.0,0.0,0.0,0.0,0.0,0.0,0.0,0.0,0.0,0.0,0.0,0.0,26,2017-18,100.0,
376362,Luiz Felipe,DF,1997-03-22,Serie A,1164.0,18.0,661.0,588.0,0.0,0.0,1.0,7.0,121.0,5329.799999999999,3.0,60.0,2.0,0.0,0.0,13.0,22.0,10.0,14.0,25.0,98.0,78.0,21.0,20.0,20,2017-18,89.0,59.1
116269,D. Laxalt,MF,1993-02-07,Serie A,2809.0,32.0,1065.0,771.0,11.0,2.0,3.0,51.0,123.0,4943.399999999997,124.0,115.0,32.0,6.0,3.0,143.0,282.0,59.0,82.0,50.0,271.0,132.0,35.0,16.0,24,2017-18,72.4,50.7
222766,Bruno Gaspar,DF,1993-04-21,Serie A,772.0,15.0,450.0,379.0,5.0,2.0,1.0,20.0,77.0,2835.000000000001,41.0,30.0,1.0,0.0,0.0,29.0,52.0,3.0,13.0,18.0,92.0,33.0,17.0,8.0,24,2017-18,84.2,55.8
99902,P. Zieliński,MF,1994-05-20,Serie A,1665.0,36.0,1263.0,1118.0,10.0,2.0,13.0,40.0,135.0,5845.349999999998,27.0,60.0,39.0,14.0,4.0,89.0,161.0,28.0,64.0,20.0,96.0,79.0,15.0,8.0,23,2017-18,88.5,55.3
228928,A. Marušić,MF,1992-10-17,Serie A,2551.0,32.0,961.0,758.0,14.0,4.0,3.0,66.0,72.0,3417.75,127.0,33.0,36.0,12.0,3.0,109.0,226.0,28.0,124.0,31.0,138.0,97.0,17.0,28.0,25,2017-18,78.9,48.2
22093,A. Caracciolo,DF,1990-06-30,Serie A,2856.0,33.0,967.0,830.0,1.0,0.0,1.0,6.0,196.0,8256.150000000009,7.0,184.0,15.0,2.0,2.0,16.0,28.0,1.0,56.0,39.0,168.0,227.0,128.0,54.0,27,2017-18,85.8,57.1
22099,M. Büchel,MF,1991-03-18,Serie A,1699.0,23.0,777.0,629.0,1.0,0.0,4.0,14.0,93.0,3785.249999999999,12.0,111.0,9.0,2.0,0.0,52.0,96.0,0.0,4.0,22.0,151.0,120.0,33.0,54.0,26,2017-18,81.0,54.2
149076,V. Eysseric,MF,1992-03-25,Ligue 1,785.0,22.0,430.0,355.0,4.0,1.0,10.0,26.0,47.0,2108.4000000000015,24.0,28.0,14.0,5.0,1.0,52.0,101.0,6.0,58.0,12.0,65.0,27.0,3.0,10.0,25,2017-18,82.6,51.5
40538,Leandro Castán,DF,1986-11-05,Serie A,1141.0,14.0,498.0,411.0,0.0,1.0,0.0,7.0,75.0,3506.9999999999995,4.0,87.0,1.0,0.0,0.0,17.0,23.0,0.0,10.0,23.0,96.0,64.0,27.0,20.0,31,2017-18,82.5,73.9
22107,Mário Rui,DF,1991-05-27,Serie A,2101.0,25.0,1859.0,1592.0,5.0,1.0,12.0,40.0,197.0,9604.34999999999,80.0,105.0,7.0,3.0,2.0,54.0,99.0,19.0,14.0,47.0,206.0,89.0,22.0,21.0,26,2017-18,85.6,54.5
415348,N. Pierini,FW,1998-08-06,Serie A,39.0,2.0,16.0,15.0,0.0,0.0,0.0,0.0,0.0,9.450000000000001,0.0,0.0,0.0,0.0,0.0,1.0,8.0,0.0,2.0,2.0,6.0,1.0,0.0,0.0,19,2017-18,93.8,12.5
50805,F. Helander,DF,1993-04-22,Serie A,2498.0,29.0,1166.0,990.0,0.0,0.0,1.0,4.0,240.0,9093.000000000007,2.0,139.0,2.0,1.0,0.0,18.0,42.0,2.0,23.0,49.0,236.0,194.0,79.0,78.0,24,2017-18,84.9,42.9
22135,P. Iemmello,FW,1992-03-06,Serie A,882.0,16.0,195.0,153.0,1.0,1.0,2.0,11.0,11.0,563.8499999999999,1.0,6.0,22.0,11.0,2.0,22.0,67.0,12.0,50.0,4.0,20.0,18.0,3.0,8.0,25,2017-18,78.5,32.8
83575,V. Chiricheș,DF,1989-11-14,Serie A,583.0,7.0,545.0,506.0,0.0,0.0,1.0,0.0,121.0,5038.950000000005,0.0,19.0,3.0,0.0,0.0,8.0,19.0,1.0,4.0,11.0,40.0,29.0,11.0,22.0,28,2017-18,92.8,42.1
263803,T. Castagne,DF,1995-12-05,Serie A,1502.0,20.0,818.0,671.0,9.0,2.0,0.0,40.0,85.0,3808.3500000000013,47.0,36.0,8.0,4.0,0.0,44.0,79.0,11.0,53.0,41.0,144.0,86.0,24.0,14.0,22,2017-18,82.0,55.7
116349,M. Vecino,MF,1991-08-24,Serie A,2209.0,29.0,1537.0,1368.0,5.0,1.0,8.0,33.0,182.0,8829.450000000006,23.0,75.0,37.0,17.0,3.0,81.0,161.0,26.0,93.0,26.0,171.0,99.0,17.0,33.0,26,2017-18,89.0,50.3
3710,K. Babacar,FW,1993-03-17,Serie A,1185.0,29.0,221.0,181.0,3.0,2.0,1.0,17.0,19.0,745.4999999999998,10.0,5.0,45.0,18.0,6.0,47.0,130.0,4.0,121.0,7.0,44.0,20.0,6.0,20.0,24,2017-18,81.9,36.2
300669,A. Balić,MF,1997-08-11,Serie A,1077.0,21.0,519.0,434.0,2.0,0.0,6.0,14.0,61.0,2578.8000000000006,16.0,38.0,16.0,3.0,0.0,38.0,66.0,8.0,13.0,11.0,75.0,64.0,7.0,4.0,20,2017-18,83.6,57.6
38532,E. Zukanović,DF,1987-02-11,Serie A,2790.0,31.0,1501.0,1260.0,5.0,1.0,2.0,24.0,331.0,12607.349999999988,46.0,231.0,18.0,3.0,0.0,22.0,46.0,7.0,51.0,67.0,216.0,197.0,107.0,85.0,30,2017-18,83.9,47.8
22152,M. Gazzola,DF,1985-04-03,Serie A,743.0,9.0,345.0,259.0,1.0,0.0,0.0,13.0,59.0,2150.4,34.0,41.0,1.0,0.0,0.0,10.0,20.0,4.0,3.0,8.0,52.0,39.0,22.0,7.0,32,2017-18,75.1,50.0
265865,S. Milinković-Savić,MF,1995-02-27,Serie A,2848.0,35.0,1671.0,1373.0,18.0,3.0,31.0,83.0,222.0,8992.199999999986,42.0,144.0,91.0,38.0,12.0,179.0,427.0,30.0,214.0,45.0,196.0,111.0,31.0,108.0,22,2017-18,82.2,41.9
345740,Pedro Pereira,DF,1998-01-22,Serie A,382.0,6.0,166.0,125.0,2.0,0.0,0.0,6.0,18.0,676.1999999999997,18.0,19.0,2.0,0.0,0.0,8.0,19.0,1.0,6.0,7.0,32.0,19.0,8.0,1.0,19,2017-18,75.3,42.1
22158,I. Cofie,MF,1991-09-20,Serie A,585.0,11.0,287.0,239.0,0.0,0.0,0.0,5.0,44.0,1863.7499999999989,0.0,22.0,5.0,0.0,0.0,15.0,27.0,0.0,2.0,18.0,67.0,36.0,4.0,15.0,26,2017-18,83.3,55.6
22162,F. Magnanelli,MF,1984-11-12,Serie A,2517.0,32.0,1508.0,1258.0,6.0,0.0,10.0,29.0,237.0,9747.149999999994,18.0,208.0,10.0,1.0,0.0,74.0,125.0,2.0,9.0,57.0,239.0,235.0,48.0,39.0,33,2017-18,83.4,59.2
22163,S. Missiroli,MF,1986-05-23,Serie A,2920.0,35.0,1104.0,889.0,11.0,1.0,3.0,31.0,150.0,6455.399999999997,23.0,90.0,23.0,7.0,1.0,85.0,147.0,24.0,78.0,34.0,210.0,187.0,47.0,129.0,31,2017-18,80.5,57.8
3736,F. Zuculini,MF,1990-09-05,Serie A,321.0,9.0,160.0,139.0,0.0,0.0,0.0,4.0,18.0,896.7,2.0,4.0,4.0,2.0,0.0,22.0,38.0,3.0,6.0,16.0,50.0,18.0,5.0,2.0,27,2017-18,86.9,57.9
284315,M. Rog,MF,1995-07-19,Serie A,257.0,27.0,262.0,233.0,2.0,0.0,1.0,8.0,16.0,827.4000000000001,4.0,4.0,5.0,4.0,1.0,25.0,50.0,5.0,15.0,8.0,45.0,5.0,0.0,7.0,22,2017-18,88.9,50.0
50849,E. Berisha,GK,1989-03-10,Serie A,2790.0,31.0,473.0,407.0,0.0,0.0,0.0,1.0,240.0,8989.050000000003,0.0,162.0,0.0,0.0,0.0,0.0,0.0,1.0,0.0,0.0,0.0,42.0,10.0,9.0,28,2017-18,86.0,
22185,B. Martella,DF,1992-08-14,Serie A,2619.0,30.0,1061.0,745.0,8.0,3.0,7.0,55.0,223.0,8241.450000000003,121.0,166.0,23.0,6.0,1.0,61.0,114.0,30.0,22.0,26.0,164.0,194.0,70.0,50.0,25,2017-18,70.2,53.5
7849,W. Szczęsny,GK,1990-04-18,Serie A,1530.0,17.0,312.0,282.0,0.0,0.0,0.0,0.0,161.0,5435.850000000008,0.0,98.0,0.0,0.0,0.0,1.0,1.0,0.0,0.0,0.0,0.0,18.0,4.0,3.0,27,2017-18,90.4,100.0
7858,B. Sagna,DF,1983-02-14,Serie A,955.0,13.0,674.0,612.0,4.0,0.0,1.0,15.0,80.0,3741.1500000000005,24.0,27.0,3.0,1.0,1.0,17.0,25.0,2.0,8.0,9.0,42.0,49.0,18.0,33.0,34,2017-18,90.8,68.0
255670,C. Lombardi,FW,1995-08-19,Serie A,1115.0,17.0,297.0,216.0,6.0,2.0,0.0,19.0,14.0,762.2999999999998,40.0,16.0,16.0,5.0,0.0,58.0,100.0,15.0,53.0,18.0,77.0,32.0,18.0,15.0,22,2017-18,72.7,58.0
239288,S. Scuffet,GK,1996-05-31,Serie A,540.0,6.0,103.0,86.0,0.0,0.0,0.0,0.0,62.0,2338.3500000000004,0.0,58.0,0.0,0.0,0.0,0.0,0.0,0.0,0.0,0.0,0.0,6.0,0.0,0.0,21,2017-18,83.5,
239290,E. Capradossi,DF,1996-03-11,Serie A,86.0,2.0,46.0,38.0,0.0,0.0,0.0,0.0,4.0,232.04999999999998,0.0,3.0,0.0,0.0,0.0,1.0,3.0,0.0,0.0,0.0,7.0,11.0,5.0,3.0,21,2017-18,82.6,33.3
239294,J. Mauri,MF,1996-05-16,Serie A,12.0,1.0,11.0,11.0,0.0,0.0,0.0,0.0,0.0,40.95,0.0,0.0,1.0,1.0,0.0,0.0,0.0,0.0,1.0,0.0,0.0,0.0,0.0,0.0,21,2017-18,100.0,
239295,V. Parigini,FW,1996-03-25,Serie A,858.0,21.0,304.0,220.0,7.0,0.0,4.0,19.0,18.0,698.2500000000001,46.0,8.0,21.0,3.0,0.0,82.0,147.0,31.0,30.0,12.0,70.0,18.0,2.0,4.0,21,2017-18,72.4,55.8
239298,F. Bonazzoli,FW,1997-05-21,Serie A,197.0,12.0,50.0,41.0,0.0,0.0,0.0,1.0,2.0,123.89999999999999,3.0,3.0,10.0,2.0,0.0,12.0,22.0,1.0,13.0,1.0,13.0,5.0,0.0,3.0,20,2017-18,82.0,54.5
24269,M. Coda,FW,1988-11-10,Serie A,1412.0,24.0,294.0,217.0,6.0,1.0,2.0,15.0,24.0,1003.7999999999997,12.0,14.0,51.0,18.0,4.0,52.0,157.0,10.0,98.0,4.0,39.0,23.0,6.0,43.0,29,2017-18,73.8,33.1
302798,F. Cassata,MF,1997-07-16,Serie A,456.0,10.0,124.0,92.0,0.0,0.0,0.0,6.0,19.0,781.1999999999999,11.0,23.0,4.0,1.0,1.0,25.0,44.0,2.0,8.0,5.0,42.0,9.0,2.0,3.0,20,2017-18,74.2,56.8
302799,R. Mandragora,MF,1997-06-29,Serie A,3240.0,36.0,1256.0,1029.0,5.0,0.0,7.0,28.0,164.0,7506.449999999999,19.0,126.0,34.0,9.0,2.0,61.0,117.0,11.0,32.0,50.0,295.0,234.0,54.0,72.0,20,2017-18,81.9,52.1
368340,S. Lo Faso,FW,1998-02-18,Serie A,34.0,2.0,32.0,30.0,0.0,0.0,0.0,1.0,0.0,57.75000000000001,0.0,0.0,2.0,0.0,0.0,8.0,15.0,1.0,1.0,0.0,7.0,1.0,0.0,0.0,19,2017-18,93.8,53.3
190167,L. Spinazzola,MF,1993-03-25,Serie A,1505.0,18.0,832.0,632.0,5.0,2.0,8.0,48.0,104.0,4070.850000000001,82.0,84.0,9.0,1.0,0.0,116.0,190.0,30.0,35.0,12.0,85.0,91.0,23.0,9.0,24,2017-18,76.0,61.1
190168,A. Santurro,GK,1992-02-29,Serie A,90.0,1.0,23.0,19.0,0.0,0.0,0.0,0.0,18.0,740.25,0.0,18.0,0.0,0.0,0.0,0.0,0.0,0.0,0.0,0.0,0.0,2.0,0.0,1.0,25,2017-18,82.6,
26336,S. Gentiletti,DF,1985-01-09,Serie A,290.0,4.0,221.0,196.0,0.0,0.0,0.0,1.0,41.0,1687.3500000000001,3.0,16.0,0.0,0.0,0.0,0.0,1.0,0.0,6.0,4.0,20.0,17.0,7.0,5.0,33,2017-18,88.7,0.0
7926,Nani,MF,1986-11-17,Serie A,375.0,18.0,177.0,143.0,0.0,2.0,2.0,11.0,19.0,694.05,12.0,5.0,13.0,8.0,3.0,33.0,68.0,4.0,24.0,5.0,27.0,9.0,0.0,7.0,31,2017-18,80.8,48.5
22270,G. Ferrari,DF,1992-02-15,Serie A,2644.0,30.0,1641.0,1467.0,1.0,0.0,0.0,14.0,359.0,14597.099999999979,1.0,192.0,7.0,3.0,2.0,19.0,32.0,1.0,35.0,22.0,83.0,171.0,69.0,54.0,25,2017-18,89.4,59.4
333571,L. Torreira,MF,1996-02-11,Serie A,3184.0,36.0,2046.0,1832.0,3.0,0.0,12.0,39.0,288.0,13160.70000000001,17.0,141.0,33.0,10.0,4.0,133.0,210.0,2.0,17.0,62.0,255.0,210.0,27.0,29.0,21,2017-18,89.5,63.3
26373,S. Souprayen,DF,1989-02-02,Serie A,1607.0,22.0,693.0,581.0,1.0,0.0,1.0,11.0,111.0,4500.300000000004,10.0,86.0,5.0,0.0,0.0,24.0,51.0,7.0,6.0,24.0,117.0,89.0,44.0,24.0,28,2017-18,83.8,47.1
7949,Pepe Reina,GK,1982-08-31,Serie A,3330.0,37.0,813.0,724.0,0.0,0.0,0.0,0.0,432.0,13757.099999999993,0.0,183.0,0.0,0.0,0.0,2.0,2.0,0.0,0.0,1.0,5.0,49.0,8.0,8.0,35,2017-18,89.1,100.0
335634,D. Ceter,FW,1997-11-02,Serie A,196.0,6.0,42.0,28.0,0.0,0.0,0.0,1.0,3.0,141.75000000000003,2.0,0.0,0.0,0.0,0.0,11.0,31.0,3.0,12.0,1.0,7.0,6.0,0.0,17.0,20,2017-18,66.7,35.5
40726,Allan,MF,1991-01-08,Serie A,2856.0,38.0,1746.0,1532.0,12.0,2.0,21.0,56.0,166.0,7735.350000000009,38.0,95.0,38.0,12.0,4.0,179.0,341.0,30.0,65.0,81.0,318.0,118.0,11.0,16.0,27,2017-18,87.7,52.5
69400,M. Badelj,MF,1989-02-25,Serie A,2380.0,27.0,1686.0,1444.0,8.0,1.0,8.0,52.0,292.0,11356.800000000003,21.0,173.0,30.0,6.0,2.0,82.0,156.0,4.0,46.0,73.0,250.0,195.0,35.0,26.0,28,2017-18,85.6,52.6
7965,Lucas Leiva,MF,1987-01-09,Serie A,2894.0,36.0,2011.0,1780.0,7.0,2.0,14.0,42.0,390.0,16180.499999999995,12.0,108.0,27.0,9.0,2.0,62.0,109.0,5.0,63.0,85.0,313.0,176.0,27.0,69.0,31,2017-18,88.5,56.9
300830,A. Ounas,FW,1996-11-11,Serie A,89.0,7.0,56.0,47.0,1.0,0.0,0.0,2.0,6.0,156.45000000000002,7.0,3.0,5.0,1.0,0.0,13.0,23.0,1.0,5.0,2.0,7.0,5.0,2.0,0.0,21,2017-18,83.9,56.5
22313,V. Laurini,DF,1989-06-10,Serie A,1618.0,22.0,846.0,680.0,8.0,1.0,4.0,29.0,164.0,6192.900000000001,54.0,122.0,1.0,0.0,0.0,50.0,79.0,6.0,2.0,44.0,175.0,101.0,36.0,26.0,28,2017-18,80.4,63.3
7982,D. Santon,DF,1991-01-02,Serie A,835.0,14.0,464.0,394.0,1.0,0.0,0.0,6.0,56.0,2325.7500000000005,21.0,47.0,7.0,2.0,0.0,45.0,71.0,15.0,3.0,21.0,68.0,54.0,20.0,24.0,27,2017-18,84.9,63.4
22323,L. Memushaj,MF,1986-12-07,Serie A,1262.0,17.0,610.0,506.0,4.0,0.0,6.0,18.0,90.0,3809.400000000001,18.0,55.0,18.0,2.0,0.0,78.0,141.0,18.0,28.0,30.0,120.0,47.0,3.0,6.0,31,2017-18,83.0,55.3
208696,M. Politano,FW,1993-08-03,Serie A,2830.0,36.0,955.0,675.0,16.0,4.0,24.0,82.0,86.0,3499.65,134.0,61.0,97.0,35.0,10.0,243.0,441.0,64.0,167.0,17.0,130.0,61.0,13.0,16.0,24,2017-18,70.7,55.1
454457,E. Brignola,FW,1999-07-08,Serie A,1352.0,18.0,456.0,375.0,4.0,2.0,7.0,26.0,33.0,1495.2,18.0,10.0,31.0,9.0,3.0,89.0,212.0,32.0,64.0,24.0,138.0,23.0,4.0,6.0,18,2017-18,82.2,42.0
403272,O. Okwonkwo,FW,1998-01-19,Serie A,204.0,10.0,68.0,53.0,0.0,0.0,0.0,2.0,5.0,227.85000000000002,5.0,3.0,5.0,3.0,3.0,10.0,25.0,2.0,13.0,3.0,21.0,4.0,1.0,2.0,19,2017-18,77.9,40.0
354123,Pol Lirola,DF,1997-08-13,Serie A,2023.0,24.0,753.0,526.0,6.0,1.0,1.0,28.0,121.0,5300.399999999998,92.0,119.0,7.0,2.0,0.0,69.0,121.0,24.0,26.0,23.0,131.0,103.0,50.0,21.0,20,2017-18,69.9,57.0
339791,Álex Berenguer,FW,1995-07-04,Serie A,1038.0,22.0,401.0,318.0,5.0,2.0,8.0,17.0,34.0,1515.1499999999996,23.0,21.0,14.0,9.0,1.0,88.0,205.0,25.0,54.0,22.0,100.0,43.0,8.0,9.0,22,2017-18,79.3,42.9
350032,C. Ünder,FW,1997-07-14,Serie A,1257.0,26.0,405.0,293.0,7.0,1.0,4.0,35.0,27.0,1219.0500000000006,56.0,21.0,47.0,18.0,7.0,76.0,163.0,28.0,104.0,8.0,58.0,30.0,4.0,4.0,20,2017-18,72.3,46.6
137048,S. Simič,DF,1995-01-20,Serie A,552.0,9.0,188.0,157.0,0.0,0.0,0.0,0.0,41.0,1601.2500000000005,1.0,32.0,2.0,1.0,0.0,6.0,8.0,0.0,4.0,11.0,47.0,37.0,34.0,13.0,22,2017-18,83.5,75.0
218971,A. Lazaar,DF,1992-01-22,Serie A,478.0,8.0,143.0,107.0,2.0,0.0,0.0,8.0,12.0,436.8,19.0,12.0,6.0,4.0,1.0,25.0,52.0,5.0,12.0,11.0,43.0,14.0,7.0,9.0,25,2017-18,74.8,48.1
280419,H. Hateboer,DF,1994-01-09,Serie A,2396.0,33.0,1158.0,941.0,6.0,0.0,5.0,53.0,124.0,4957.049999999995,64.0,35.0,24.0,8.0,0.0,64.0,148.0,28.0,81.0,23.0,148.0,105.0,29.0,42.0,23,2017-18,81.3,43.2
40806,Felipe Anderson,MF,1993-04-15,Serie A,1152.0,21.0,609.0,464.0,9.0,5.0,28.0,68.0,78.0,2881.1999999999994,54.0,34.0,26.0,11.0,4.0,125.0,261.0,49.0,98.0,17.0,91.0,32.0,4.0,5.0,24,2017-18,76.2,47.9
22377,I. M'baye,DF,1994-11-19,Serie A,1777.0,25.0,811.0,669.0,2.0,0.0,2.0,7.0,130.0,5261.549999999996,18.0,56.0,7.0,4.0,1.0,58.0,118.0,8.0,28.0,34.0,169.0,105.0,53.0,38.0,23,2017-18,82.5,49.2
472938,L. Crosta,GK,1998-02-23,Serie A,90.0,1.0,8.0,5.0,0.0,0.0,0.0,0.0,1.0,59.85,0.0,2.0,0.0,0.0,0.0,0.0,0.0,0.0,0.0,0.0,1.0,3.0,2.0,1.0,19,2017-18,62.5,
22380,M. Benassi,MF,1994-09-08,Serie A,2795.0,35.0,1275.0,1010.0,7.0,2.0,17.0,72.0,169.0,6602.40000000001,72.0,76.0,71.0,27.0,5.0,61.0,138.0,20.0,108.0,33.0,190.0,125.0,28.0,29.0,23,2017-18,79.2,44.2
22381,Daniel Bessa,MF,1993-01-14,Serie A,1814.0,27.0,837.0,705.0,3.0,2.0,3.0,24.0,86.0,3811.4999999999995,22.0,48.0,15.0,7.0,3.0,75.0,174.0,19.0,58.0,22.0,126.0,66.0,9.0,6.0,24,2017-18,84.2,43.1
22383,A. Duncan,MF,1993-03-10,Serie A,1955.0,26.0,722.0,535.0,10.0,2.0,11.0,54.0,136.0,5045.249999999995,66.0,72.0,34.0,9.0,0.0,92.0,211.0,18.0,60.0,26.0,160.0,89.0,23.0,13.0,24,2017-18,74.1,43.6
343925,D. Verde,FW,1996-06-20,Serie A,1956.0,30.0,610.0,428.0,7.0,3.0,11.0,47.0,101.0,3224.5500000000006,90.0,81.0,32.0,12.0,2.0,82.0,128.0,31.0,28.0,8.0,46.0,64.0,21.0,0.0,21,2017-18,70.2,64.1
221047,T. Letschert,DF,1993-05-25,Serie A,418.0,7.0,179.0,155.0,0.0,0.0,0.0,0.0,47.0,1611.7500000000007,0.0,15.0,0.0,0.0,0.0,6.0,13.0,3.0,1.0,11.0,50.0,25.0,17.0,10.0,24,2017-18,86.6,46.2
51064,E. Krafth,DF,1994-08-02,Serie A,948.0,12.0,428.0,355.0,2.0,0.0,2.0,8.0,62.0,2346.749999999999,14.0,37.0,2.0,1.0,0.0,23.0,43.0,6.0,8.0,19.0,100.0,64.0,21.0,20.0,23,2017-18,82.9,53.5
10113,A. Benali,MF,1992-02-07,Serie A,813.0,10.0,368.0,298.0,1.0,0.0,4.0,12.0,58.0,2123.1000000000004,12.0,26.0,5.0,4.0,1.0,28.0,55.0,2.0,19.0,18.0,93.0,28.0,10.0,8.0,25,2017-18,81.0,50.9
69513,A. Budimir,FW,1991-07-21,Serie A,1588.0,21.0,298.0,221.0,5.0,0.0,0.0,14.0,25.0,965.9999999999999,4.0,5.0,32.0,16.0,6.0,79.0,193.0,7.0,138.0,20.0,99.0,50.0,15.0,100.0,26,2017-18,74.2,40.9
491409,M. Barrow,FW,1998-11-14,Serie A,446.0,12.0,116.0,94.0,2.0,1.0,0.0,12.0,9.0,372.75,8.0,4.0,26.0,13.0,3.0,29.0,77.0,1.0,65.0,3.0,14.0,5.0,1.0,6.0,19,2017-18,81.0,37.7
264084,P. Gollini,GK,1995-03-18,Serie A,623.0,7.0,128.0,121.0,0.0,0.0,0.0,0.0,62.0,2181.9,0.0,24.0,0.0,0.0,0.0,1.0,1.0,0.0,0.0,0.0,0.0,6.0,0.0,5.0,22,2017-18,94.5,100.0
268180,R. Bajić,FW,1994-05-06,Serie A,75.0,5.0,16.0,14.0,0.0,0.0,2.0,2.0,3.0,89.25,0.0,0.0,2.0,1.0,0.0,2.0,5.0,0.0,8.0,0.0,1.0,1.0,0.0,4.0,23,2017-18,87.5,40.0
288663,M. Caldara,DF,1994-05-05,Serie A,2160.0,24.0,946.0,823.0,0.0,0.0,1.0,2.0,157.0,6705.300000000002,1.0,100.0,10.0,6.0,3.0,24.0,46.0,4.0,37.0,49.0,196.0,186.0,71.0,50.0,23,2017-18,87.0,52.2
272280,G. Gaudino,MF,1996-11-11,Serie A,16.0,2.0,8.0,7.0,0.0,0.0,0.0,0.0,2.0,38.85,0.0,0.0,1.0,0.0,0.0,2.0,2.0,0.0,0.0,0.0,2.0,1.0,1.0,0.0,21,2017-18,87.5,100.0
20390,I. Abate,DF,1986-11-12,Serie A,1057.0,17.0,652.0,547.0,4.0,0.0,1.0,35.0,119.0,4349.100000000003,35.0,78.0,4.0,2.0,1.0,16.0,29.0,8.0,11.0,22.0,101.0,60.0,19.0,6.0,31,2017-18,83.9,55.2
20395,M. De Sciglio,DF,1992-10-20,Serie A,968.0,12.0,702.0,628.0,1.0,0.0,2.0,15.0,109.0,4369.05,25.0,42.0,5.0,1.0,1.0,18.0,36.0,7.0,10.0,28.0,68.0,55.0,14.0,13.0,25,2017-18,89.5,50.0
20403,S. Calvano,MF,1993-07-11,Serie A,642.0,15.0,225.0,185.0,1.0,0.0,0.0,2.0,35.0,1328.2500000000002,6.0,32.0,3.0,0.0,0.0,20.0,42.0,1.0,6.0,6.0,49.0,40.0,9.0,20.0,24,2017-18,82.2,47.6
20404,B. Cristante,MF,1995-03-03,Serie A,2833.0,36.0,1492.0,1215.0,5.0,2.0,22.0,80.0,210.0,9009.0,30.0,106.0,70.0,22.0,9.0,128.0,339.0,15.0,189.0,58.0,235.0,100.0,14.0,114.0,22,2017-18,81.4,37.8
137143,D. Boldor,DF,1995-02-03,Serie A,90.0,1.0,36.0,28.0,0.0,0.0,0.0,0.0,11.0,386.40000000000003,0.0,11.0,0.0,0.0,0.0,0.0,0.0,0.0,0.0,0.0,5.0,11.0,5.0,3.0,22,2017-18,77.8,
491451,A. Buongiorno,DF,1999-06-06,Serie A,8.0,1.0,6.0,6.0,0.0,0.0,0.0,0.0,1.0,54.60000000000001,0.0,0.0,0.0,0.0,0.0,0.0,0.0,0.0,0.0,0.0,1.0,0.0,0.0,2.0,18,2017-18,100.0,
20414,M. Valoti,MF,1993-09-06,Serie A,1574.0,26.0,524.0,409.0,2.0,0.0,1.0,12.0,77.0,3029.250000000001,17.0,64.0,19.0,10.0,3.0,66.0,123.0,4.0,52.0,53.0,169.0,100.0,23.0,59.0,24,2017-18,78.1,53.7
20418,S. El Shaarawy,FW,1992-10-27,Serie A,2151.0,32.0,946.0,796.0,8.0,4.0,22.0,69.0,78.0,3301.1999999999994,44.0,47.0,74.0,25.0,7.0,107.0,241.0,29.0,151.0,16.0,92.0,56.0,5.0,10.0,25,2017-18,84.1,44.4
20422,Maxi López,FW,1984-04-03,Serie A,1686.0,27.0,318.0,233.0,5.0,2.0,11.0,25.0,27.0,1208.5500000000002,8.0,9.0,28.0,10.0,2.0,55.0,210.0,5.0,132.0,8.0,60.0,30.0,10.0,39.0,33,2017-18,73.3,26.2
51145,O. Hiljemark,MF,1992-06-28,Serie A,1282.0,15.0,573.0,478.0,7.0,3.0,4.0,36.0,56.0,2537.849999999998,44.0,21.0,11.0,5.0,0.0,30.0,60.0,9.0,38.0,13.0,80.0,41.0,10.0,15.0,25,2017-18,83.4,50.0
137161,G. Puşcaş,FW,1996-04-08,Serie A,701.0,11.0,121.0,99.0,0.0,0.0,0.0,7.0,9.0,430.5,4.0,2.0,21.0,7.0,1.0,28.0,75.0,6.0,55.0,2.0,17.0,11.0,4.0,22.0,21,2017-18,81.8,37.3
20429,N. Burdisso,DF,1981-04-12,Serie A,2069.0,24.0,1027.0,899.0,1.0,0.0,0.0,4.0,240.0,9263.100000000013,1.0,159.0,10.0,2.0,0.0,3.0,10.0,1.0,25.0,18.0,73.0,158.0,80.0,50.0,36,2017-18,87.5,30.0
51151,M. Rohdén,MF,1991-05-11,Serie A,1636.0,26.0,481.0,347.0,2.0,0.0,3.0,12.0,52.0,2390.8499999999995,15.0,36.0,20.0,8.0,2.0,48.0,100.0,16.0,40.0,24.0,159.0,52.0,20.0,18.0,26,2017-18,72.1,48.0
20434,A. Rosi,DF,1987-05-17,Serie A,1708.0,24.0,604.0,424.0,3.0,0.0,1.0,17.0,66.0,2613.450000000001,60.0,72.0,11.0,2.0,0.0,49.0,109.0,22.0,52.0,28.0,151.0,78.0,39.0,53.0,30,2017-18,70.2,45.0
8148,Iago Falqué,FW,1990-01-04,Serie A,2838.0,37.0,1236.0,998.0,25.0,6.0,18.0,93.0,118.0,4916.100000000003,104.0,101.0,70.0,24.0,12.0,194.0,388.0,19.0,163.0,26.0,180.0,63.0,7.0,11.0,28,2017-18,80.7,50.0
20438,D. De Rossi,MF,1983-07-24,Serie A,1855.0,22.0,1219.0,1044.0,3.0,0.0,7.0,15.0,253.0,9329.249999999995,2.0,203.0,10.0,3.0,1.0,21.0,32.0,3.0,22.0,14.0,91.0,115.0,25.0,30.0,34,2017-18,85.6,65.6
20443,M. Pjanić,MF,1990-04-02,Serie A,2491.0,31.0,1965.0,1777.0,9.0,5.0,8.0,50.0,306.0,12969.600000000002,24.0,157.0,51.0,14.0,5.0,76.0,116.0,11.0,28.0,39.0,187.0,176.0,12.0,10.0,27,2017-18,90.4,65.5
20446,V. Verre,MF,1994-01-11,Serie A,352.0,17.0,288.0,260.0,1.0,0.0,3.0,8.0,31.0,1372.35,5.0,12.0,4.0,1.0,0.0,13.0,28.0,5.0,8.0,1.0,37.0,27.0,7.0,9.0,23,2017-18,90.3,46.4
434142,F. Caligara,MF,2000-04-12,Serie A,18.0,1.0,7.0,6.0,0.0,0.0,0.0,0.0,0.0,0.0,0.0,0.0,0.0,0.0,0.0,1.0,4.0,0.0,0.0,0.0,1.0,1.0,0.0,0.0,17,2017-18,85.7,25.0
20448,F. Viviani,MF,1992-03-24,Serie A,2487.0,29.0,1476.0,1284.0,3.0,2.0,7.0,32.0,214.0,8886.15,28.0,197.0,50.0,13.0,3.0,79.0,130.0,7.0,11.0,46.0,198.0,145.0,16.0,18.0,25,2017-18,87.0,60.8
208865,Bastos,DF,1991-03-27,Serie A,1406.0,21.0,832.0,760.0,1.0,0.0,0.0,3.0,127.0,5668.9500000000035,2.0,58.0,8.0,4.0,4.0,31.0,53.0,8.0,25.0,38.0,112.0,78.0,27.0,25.0,26,2017-18,91.3,58.5
20449,F. Borini,FW,1991-03-29,Serie A,1619.0,29.0,733.0,583.0,5.0,2.0,5.0,30.0,96.0,3516.450000000001,59.0,71.0,36.0,14.0,2.0,79.0,150.0,19.0,89.0,16.0,118.0,90.0,24.0,14.0,26,2017-18,79.5,52.7
20455,G. Buffon,GK,1978-01-28,Serie A,1863.0,21.0,392.0,345.0,0.0,0.0,0.0,0.0,170.0,5826.45,0.0,97.0,0.0,0.0,0.0,1.0,2.0,0.0,0.0,1.0,2.0,18.0,7.0,7.0,39,2017-18,88.0,50.0
20458,A. Barzagli,DF,1981-05-08,Serie A,1432.0,25.0,1180.0,1108.0,0.0,1.0,1.0,8.0,247.0,9799.65000000001,4.0,78.0,1.0,0.0,0.0,13.0,17.0,1.0,2.0,33.0,101.0,70.0,21.0,28.0,36,2017-18,93.9,76.5
20459,L. Bonucci,DF,1987-05-01,Serie A,3150.0,35.0,1966.0,1698.0,2.0,0.0,6.0,33.0,558.0,20929.649999999994,17.0,353.0,24.0,7.0,2.0,19.0,36.0,3.0,59.0,42.0,134.0,169.0,77.0,56.0,30,2017-18,86.4,52.8
20460,M. Cáceres,DF,1987-04-07,Serie A,1608.0,20.0,676.0,536.0,3.0,1.0,2.0,16.0,131.0,5408.550000000003,31.0,93.0,18.0,7.0,4.0,27.0,43.0,5.0,49.0,27.0,103.0,85.0,25.0,28.0,30,2017-18,79.3,62.8
20461,G. Chiellini,DF,1984-08-14,Serie A,2162.0,25.0,1707.0,1514.0,1.0,1.0,5.0,12.0,369.0,14271.599999999977,9.0,192.0,10.0,2.0,0.0,32.0,40.0,20.0,35.0,34.0,129.0,166.0,74.0,57.0,33,2017-18,88.7,80.0
135150,A. Cornelius,FW,1993-03-16,Serie A,928.0,23.0,248.0,189.0,7.0,0.0,2.0,20.0,14.0,604.7999999999998,20.0,8.0,26.0,10.0,3.0,55.0,174.0,5.0,160.0,7.0,40.0,13.0,3.0,68.0,24,2017-18,76.2,31.6
69610,D. Čop,FW,1990-02-01,Serie A,95.0,2.0,16.0,9.0,0.0,0.0,0.0,2.0,2.0,81.9,0.0,0.0,0.0,0.0,0.0,2.0,6.0,0.0,10.0,1.0,4.0,1.0,0.0,4.0,27,2017-18,56.2,33.3
20465,S. Lichtsteiner,DF,1984-01-16,Serie A,1712.0,25.0,1043.0,868.0,5.0,2.0,4.0,33.0,173.0,6816.600000000007,55.0,104.0,4.0,0.0,0.0,63.0,107.0,19.0,22.0,22.0,118.0,63.0,18.0,28.0,33,2017-18,83.2,58.9
20468,E. Giaccherini,MF,1985-05-05,Serie A,967.0,16.0,437.0,355.0,3.0,2.0,1.0,22.0,50.0,1934.1,17.0,38.0,8.0,4.0,3.0,43.0,101.0,15.0,21.0,7.0,51.0,29.0,7.0,7.0,32,2017-18,81.2,42.6
20470,C. Marchisio,MF,1986-01-19,Serie A,816.0,15.0,655.0,580.0,2.0,1.0,3.0,9.0,73.0,3274.9499999999994,4.0,63.0,12.0,4.0,0.0,23.0,42.0,3.0,4.0,11.0,54.0,29.0,1.0,2.0,31,2017-18,88.5,54.8
20472,S. Padoin,MF,1984-03-18,Serie A,3113.0,37.0,1117.0,878.0,20.0,0.0,5.0,53.0,157.0,6121.500000000004,111.0,161.0,16.0,2.0,1.0,93.0,157.0,17.0,42.0,23.0,158.0,129.0,41.0,14.0,33,2017-18,78.6,59.2
403449,Rogério,DF,1998-01-13,Serie A,909.0,13.0,365.0,274.0,5.0,0.0,1.0,11.0,76.0,3066.0,30.0,64.0,3.0,1.0,0.0,40.0,74.0,8.0,7.0,19.0,77.0,54.0,22.0,3.0,19,2017-18,75.1,54.1
20476,M. Borriello,FW,1982-06-18,Serie A,746.0,14.0,139.0,109.0,4.0,0.0,2.0,7.0,8.0,431.54999999999995,7.0,2.0,11.0,4.0,1.0,31.0,83.0,3.0,52.0,3.0,23.0,6.0,1.0,24.0,35,2017-18,78.4,37.3
20478,A. Matri,FW,1984-08-19,Serie A,902.0,23.0,186.0,147.0,3.0,0.0,4.0,14.0,16.0,689.8499999999998,6.0,10.0,29.0,11.0,3.0,50.0,123.0,1.0,83.0,1.0,13.0,11.0,4.0,14.0,33,2017-18,79.0,40.7
20479,F. Quagliarella,FW,1983-01-31,Serie A,2732.0,35.0,599.0,420.0,11.0,4.0,22.0,64.0,45.0,2010.7499999999998,63.0,49.0,106.0,47.0,19.0,113.0,296.0,10.0,238.0,12.0,81.0,67.0,13.0,37.0,34,2017-18,70.1,38.2
26633,A. Souquet,DF,1992-02-12,Ligue 1,2416.0,29.0,1396.0,1219.0,4.0,2.0,6.0,33.0,162.0,7155.750000000011,65.0,54.0,6.0,1.0,0.0,66.0,130.0,28.0,43.0,56.0,251.0,146.0,49.0,24.0,25,2017-18,87.3,50.8
393228,M. Sarr,DF,1999-01-23,Ligue 1,1318.0,21.0,1030.0,925.0,1.0,0.0,3.0,2.0,211.0,8800.05,12.0,79.0,7.0,1.0,0.0,20.0,32.0,5.0,11.0,17.0,83.0,71.0,14.0,28.0,18,2017-18,89.8,62.5
26638,K. Toko Ekambi,FW,1992-09-14,Ligue 1,3041.0,37.0,865.0,681.0,21.0,4.0,12.0,62.0,43.0,2021.2500000000005,57.0,28.0,99.0,45.0,17.0,205.0,504.0,36.0,270.0,12.0,101.0,36.0,1.0,30.0,25,2017-18,78.7,40.7
139295,R. M'Bolhi,GK,1986-04-25,Ligue 1,90.0,1.0,14.0,9.0,0.0,0.0,0.0,1.0,3.0,238.35000000000002,0.0,8.0,0.0,0.0,0.0,0.0,0.0,0.0,0.0,0.0,1.0,0.0,0.0,1.0,31,2017-18,64.3,
26665,K. Bérigaud,FW,1988-05-09,Ligue 1,274.0,4.0,67.0,54.0,0.0,1.0,0.0,3.0,3.0,203.7,2.0,2.0,4.0,0.0,0.0,10.0,25.0,3.0,9.0,1.0,12.0,0.0,0.0,5.0,29,2017-18,80.6,40.0
266286,Marlon,DF,1995-09-07,Ligue 1,1950.0,23.0,1313.0,1262.0,3.0,0.0,1.0,5.0,260.0,11049.150000000014,3.0,52.0,5.0,0.0,0.0,17.0,26.0,2.0,24.0,27.0,102.0,92.0,46.0,37.0,22,2017-18,96.1,65.4
245807,F. Bahlouli,MF,1995-04-08,Ligue 1,299.0,11.0,120.0,90.0,1.0,0.0,3.0,8.0,12.0,553.3500000000001,13.0,8.0,4.0,2.0,1.0,39.0,90.0,5.0,4.0,9.0,30.0,10.0,0.0,1.0,22,2017-18,75.0,43.3
229427,A. Djiku,DF,1994-08-09,Ligue 1,2520.0,28.0,1207.0,1026.0,0.0,0.0,2.0,4.0,264.0,10534.649999999987,5.0,139.0,13.0,1.0,0.0,29.0,39.0,6.0,43.0,73.0,237.0,170.0,89.0,93.0,23,2017-18,85.0,74.4
26676,A. Oukidja,GK,1988-07-19,Ligue 1,1458.0,17.0,245.0,197.0,0.0,0.0,0.0,0.0,147.0,6009.149999999998,0.0,127.0,0.0,0.0,0.0,2.0,3.0,0.0,0.0,0.0,1.0,31.0,5.0,8.0,29,2017-18,80.4,66.7
20531,W. Sneijder,MF,1984-06-09,Ligue 1,399.0,5.0,284.0,240.0,2.0,0.0,2.0,12.0,30.0,1503.6000000000001,10.0,23.0,16.0,5.0,0.0,15.0,28.0,0.0,5.0,1.0,14.0,4.0,1.0,0.0,33,2017-18,84.5,53.6
66,K. Sigþórsson,FW,1990-03-14,Ligue 1,24.0,2.0,7.0,6.0,0.0,0.0,0.0,0.0,0.0,2.1,0.0,0.0,1.0,0.0,0.0,1.0,5.0,0.0,3.0,0.0,0.0,1.0,0.0,4.0,27,2017-18,85.7,20.0
393284,C. Traoré,DF,1992-01-01,Ligue 1,2998.0,34.0,1349.0,1048.0,9.0,3.0,9.0,35.0,219.0,8944.950000000004,77.0,159.0,10.0,3.0,0.0,55.0,112.0,22.0,18.0,54.0,270.0,216.0,92.0,45.0,26,2017-18,77.7,49.1
249926,A. Confais,MF,1996-09-07,Ligue 1,601.0,15.0,266.0,220.0,0.0,0.0,1.0,6.0,33.0,1354.4999999999995,10.0,31.0,2.0,1.0,0.0,8.0,13.0,1.0,5.0,8.0,50.0,22.0,4.0,8.0,21,2017-18,82.7,61.5
342088,R. Souici,DF,1998-02-28,Ligue 1,11.0,1.0,5.0,5.0,0.0,0.0,0.0,0.0,0.0,14.700000000000001,0.0,0.0,0.0,0.0,0.0,0.0,1.0,0.0,0.0,0.0,0.0,0.0,0.0,0.0,19,2017-18,100.0,0.0
8268,B. Assou-Ekotto,DF,1984-03-24,Ligue 1,1126.0,13.0,504.0,391.0,1.0,0.0,2.0,14.0,145.0,4916.099999999999,21.0,140.0,2.0,0.0,0.0,20.0,34.0,0.0,1.0,15.0,71.0,60.0,13.0,5.0,33,2017-18,77.6,58.8
376908,A. Jallow,MF,1998-11-14,Ligue 1,131.0,2.0,40.0,33.0,1.0,0.0,0.0,2.0,4.0,163.8,2.0,1.0,2.0,0.0,0.0,6.0,13.0,2.0,8.0,2.0,11.0,3.0,1.0,3.0,19,2017-18,82.5,46.2
256084,Kwon Chang-Hoon,MF,1994-06-30,Ligue 1,2141.0,34.0,620.0,437.0,7.0,1.0,5.0,30.0,41.0,2043.2999999999995,57.0,42.0,68.0,28.0,11.0,113.0,231.0,23.0,119.0,25.0,141.0,82.0,13.0,17.0,23,2017-18,70.5,48.9
215130,Nuno Da Costa,FW,1991-02-10,Ligue 1,1795.0,26.0,325.0,226.0,3.0,2.0,6.0,21.0,30.0,1296.75,27.0,21.0,28.0,9.0,5.0,113.0,258.0,10.0,138.0,38.0,136.0,50.0,5.0,48.0,26,2017-18,69.5,43.8
41056,Thiago Mendes,MF,1992-03-15,Ligue 1,2329.0,31.0,1287.0,1123.0,8.0,2.0,14.0,51.0,187.0,7606.199999999998,19.0,95.0,42.0,15.0,3.0,171.0,352.0,19.0,54.0,26.0,126.0,84.0,17.0,19.0,25,2017-18,87.3,48.6
364644,A. Dioussé,MF,1997-09-20,Ligue 1,1349.0,24.0,819.0,722.0,2.0,0.0,3.0,7.0,107.0,4752.300000000004,7.0,61.0,11.0,3.0,1.0,45.0,86.0,3.0,14.0,19.0,105.0,65.0,11.0,12.0,20,2017-18,88.2,52.3
102,Marcelo,DF,1987-05-20,Ligue 1,3147.0,35.0,2070.0,1863.0,2.0,1.0,0.0,15.0,501.0,19810.34999999999,3.0,203.0,20.0,9.0,3.0,10.0,27.0,2.0,69.0,55.0,164.0,227.0,131.0,150.0,30,2017-18,90.0,37.0
118,M. Depay,FW,1994-02-13,Ligue 1,2561.0,36.0,1116.0,901.0,14.0,6.0,16.0,85.0,105.0,4458.300000000002,64.0,43.0,105.0,47.0,19.0,211.0,447.0,48.0,189.0,15.0,86.0,47.0,3.0,9.0,23,2017-18,80.7,47.2
209014,F. Boulaya,MF,1993-02-25,Ligue 1,174.0,7.0,81.0,65.0,0.0,0.0,0.0,3.0,8.0,379.05,6.0,5.0,3.0,0.0,0.0,8.0,21.0,5.0,6.0,0.0,13.0,4.0,4.0,1.0,24,2017-18,80.2,38.1
123,O. Toivonen,FW,1986-07-03,Ligue 1,829.0,22.0,269.0,200.0,1.0,0.0,1.0,14.0,36.0,1300.95,3.0,20.0,18.0,4.0,0.0,12.0,25.0,3.0,39.0,6.0,33.0,20.0,10.0,42.0,31,2017-18,74.3,48.0
209028,A. Thomasson,MF,1993-12-10,Ligue 1,2587.0,36.0,1270.0,989.0,10.0,3.0,13.0,41.0,132.0,5496.749999999996,69.0,47.0,52.0,16.0,5.0,93.0,209.0,9.0,118.0,44.0,252.0,107.0,8.0,16.0,24,2017-18,77.9,44.5
8326,M. Balotelli,FW,1990-08-12,Ligue 1,2281.0,28.0,730.0,568.0,7.0,1.0,14.0,41.0,80.0,3007.2000000000016,15.0,75.0,103.0,53.0,18.0,138.0,273.0,15.0,150.0,5.0,48.0,43.0,18.0,32.0,27,2017-18,77.8,50.5
331913,B. Labeau,FW,1996-01-01,Ligue 1,21.0,2.0,4.0,4.0,0.0,0.0,0.0,0.0,0.0,5.25,0.0,0.0,0.0,0.0,0.0,0.0,2.0,0.0,1.0,0.0,3.0,0.0,0.0,0.0,22,2017-18,100.0,0.0
331918,D. Bahamboula,MF,1995-05-22,Ligue 1,26.0,4.0,11.0,8.0,0.0,0.0,0.0,0.0,1.0,65.1,1.0,0.0,1.0,1.0,0.0,2.0,5.0,1.0,0.0,0.0,2.0,1.0,0.0,2.0,22,2017-18,72.7,40.0
299154,S. Moutoussamy,MF,1996-08-12,Ligue 1,432.0,7.0,133.0,116.0,2.0,0.0,1.0,5.0,22.0,814.8000000000001,3.0,7.0,5.0,1.0,0.0,14.0,35.0,5.0,9.0,11.0,32.0,24.0,2.0,2.0,21,2017-18,87.2,40.0
331923,K. N'Doram,MF,1996-01-22,Ligue 1,718.0,10.0,410.0,366.0,0.0,0.0,1.0,2.0,71.0,3046.050000000001,0.0,33.0,3.0,1.0,0.0,14.0,23.0,4.0,8.0,15.0,79.0,47.0,17.0,18.0,21,2017-18,89.3,60.9
125076,A. Oyongo,DF,1991-06-22,Ligue 1,203.0,3.0,78.0,57.0,0.0,0.0,0.0,4.0,11.0,413.69999999999993,13.0,8.0,1.0,1.0,0.0,10.0,21.0,3.0,5.0,2.0,8.0,10.0,5.0,3.0,26,2017-18,73.1,47.6
325781,J. Lea Siliki,MF,1996-06-12,Ligue 1,1742.0,31.0,640.0,475.0,5.0,2.0,7.0,27.0,84.0,3489.15,47.0,63.0,34.0,12.0,4.0,101.0,181.0,25.0,46.0,25.0,113.0,53.0,5.0,21.0,21,2017-18,74.2,55.8
407699,D. Avounou,MF,1997-09-25,Ligue 1,652.0,9.0,235.0,173.0,1.0,0.0,3.0,9.0,27.0,1075.2,23.0,20.0,5.0,1.0,0.0,12.0,27.0,4.0,7.0,10.0,60.0,46.0,15.0,6.0,20,2017-18,73.6,44.4
207002,B. Fernández,FW,1994-09-26,Ligue 1,121.0,7.0,17.0,12.0,0.0,0.0,0.0,2.0,1.0,47.25,3.0,0.0,5.0,2.0,0.0,10.0,18.0,2.0,11.0,1.0,5.0,0.0,0.0,1.0,23,2017-18,70.6,55.6
41127,Pablo,DF,1991-06-21,Ligue 1,1292.0,15.0,611.0,541.0,1.0,1.0,1.0,8.0,100.0,4908.750000000004,0.0,72.0,5.0,4.0,0.0,4.0,10.0,3.0,24.0,9.0,51.0,89.0,47.0,40.0,26,2017-18,88.5,40.0
366760,L. Coulibaly,MF,1996-04-10,Ligue 1,834.0,19.0,301.0,252.0,0.0,1.0,3.0,14.0,36.0,1608.6000000000004,9.0,10.0,14.0,4.0,1.0,48.0,82.0,20.0,35.0,23.0,98.0,33.0,5.0,10.0,21,2017-18,83.7,58.5
372904,K. Dabila,DF,1997-01-01,Ligue 1,943.0,12.0,480.0,408.0,1.0,0.0,0.0,3.0,93.0,3701.2499999999986,8.0,46.0,0.0,0.0,0.0,9.0,16.0,2.0,6.0,12.0,73.0,49.0,30.0,14.0,21,2017-18,85.0,56.2
415917,Gabriel,DF,1997-12-19,Ligue 1,83.0,1.0,41.0,32.0,0.0,0.0,0.0,0.0,9.0,348.6,0.0,9.0,0.0,0.0,0.0,1.0,2.0,0.0,0.0,1.0,4.0,3.0,2.0,0.0,20,2017-18,78.0,50.0
342194,O. Verdon,DF,1995-10-05,Ligue 1,10.0,1.0,2.0,0.0,0.0,0.0,0.0,0.0,0.0,0.0,0.0,1.0,0.0,0.0,0.0,0.0,0.0,0.0,0.0,1.0,1.0,1.0,2.0,1.0,22,2017-18,0.0,
43196,Somália,MF,1988-09-28,Ligue 1,2044.0,27.0,579.0,471.0,7.0,0.0,8.0,21.0,70.0,2795.0999999999995,36.0,19.0,25.0,9.0,1.0,139.0,267.0,37.0,64.0,56.0,218.0,99.0,16.0,32.0,29,2017-18,81.3,52.1
209086,M. Sanson,MF,1994-08-18,Ligue 1,2172.0,33.0,989.0,816.0,14.0,2.0,16.0,57.0,116.0,4697.700000000006,71.0,63.0,52.0,25.0,8.0,154.0,288.0,28.0,87.0,38.0,218.0,69.0,6.0,21.0,23,2017-18,82.5,53.5
28866,K. Azamoum,MF,1990-01-17,Ligue 1,2312.0,30.0,821.0,630.0,2.0,0.0,9.0,22.0,93.0,4024.6500000000015,38.0,59.0,22.0,7.0,1.0,51.0,125.0,6.0,54.0,57.0,239.0,116.0,37.0,74.0,27,2017-18,76.7,40.8
286915,F. Eboa Eboa,DF,1997-04-17,Ligue 1,1517.0,21.0,647.0,529.0,1.0,0.0,1.0,8.0,112.0,4898.25,14.0,60.0,8.0,5.0,1.0,15.0,29.0,6.0,24.0,38.0,124.0,130.0,53.0,72.0,20,2017-18,81.8,51.7
286917,F. Touré,DF,1997-01-03,Ligue 1,2098.0,27.0,984.0,836.0,2.0,0.0,3.0,18.0,100.0,4567.500000000004,56.0,23.0,3.0,2.0,0.0,48.0,118.0,8.0,22.0,36.0,186.0,83.0,31.0,27.0,21,2017-18,85.0,40.7
20677,A. Raggi,DF,1984-06-24,Ligue 1,1607.0,20.0,603.0,490.0,0.0,0.0,1.0,7.0,113.0,4630.500000000003,23.0,98.0,5.0,1.0,1.0,14.0,31.0,4.0,18.0,18.0,121.0,81.0,40.0,15.0,33,2017-18,81.3,45.2
209095,A. N'Dour,DF,1993-12-20,Ligue 1,278.0,4.0,95.0,77.0,1.0,0.0,0.0,5.0,13.0,613.2,17.0,10.0,0.0,0.0,0.0,10.0,17.0,3.0,0.0,4.0,29.0,11.0,4.0,1.0,24,2017-18,81.1,58.8
20685,R. Krhin,MF,1990-05-21,Ligue 1,1314.0,18.0,471.0,407.0,0.0,0.0,1.0,3.0,70.0,2903.2499999999986,0.0,43.0,12.0,2.0,1.0,28.0,43.0,4.0,23.0,14.0,103.0,67.0,18.0,51.0,27,2017-18,86.4,65.1
207061,A. Sahibeddine,FW,1994-08-09,Ligue 1,29.0,3.0,4.0,3.0,0.0,0.0,0.0,0.0,0.0,2.1,0.0,0.0,2.0,0.0,0.0,6.0,9.0,2.0,8.0,1.0,4.0,0.0,0.0,1.0,23,2017-18,75.0,66.7
219350,A. Niane,FW,1993-06-16,Ligue 1,2171.0,33.0,460.0,344.0,2.0,1.0,2.0,16.0,27.0,1110.8999999999996,13.0,12.0,70.0,27.0,8.0,80.0,285.0,10.0,179.0,16.0,110.0,34.0,10.0,71.0,24,2017-18,74.8,28.1
258263,V. Jovanović,DF,1996-05-17,Ligue 1,1440.0,16.0,712.0,639.0,1.0,0.0,0.0,5.0,110.0,5155.500000000003,1.0,72.0,4.0,1.0,0.0,8.0,19.0,5.0,10.0,35.0,87.0,73.0,33.0,31.0,21,2017-18,89.7,42.1
399576,T. Stavitski,MF,1999-07-17,Ligue 1,397.0,9.0,120.0,85.0,2.0,0.0,1.0,7.0,5.0,256.20000000000005,21.0,2.0,0.0,0.0,0.0,18.0,40.0,11.0,11.0,6.0,28.0,17.0,1.0,3.0,18,2017-18,70.8,45.0
375001,I. Sangaré,MF,1997-12-02,Ligue 1,1590.0,20.0,777.0,604.0,2.0,0.0,10.0,19.0,160.0,5839.050000000002,16.0,119.0,21.0,6.0,1.0,74.0,136.0,9.0,23.0,56.0,183.0,91.0,17.0,27.0,20,2017-18,77.7,54.4
243931,Q. Cornette,FW,1994-01-17,Ligue 1,448.0,12.0,129.0,98.0,1.0,2.0,2.0,6.0,17.0,674.1,6.0,6.0,7.0,4.0,1.0,26.0,61.0,11.0,12.0,9.0,41.0,24.0,3.0,1.0,23,2017-18,76.0,42.6
209117,A. Rabiot,MF,1995-04-03,Ligue 1,2366.0,33.0,2118.0,1968.0,6.0,5.0,18.0,49.0,266.0,12224.099999999995,28.0,58.0,23.0,6.0,1.0,97.0,210.0,24.0,54.0,53.0,196.0,99.0,12.0,43.0,22,2017-18,92.9,46.2
364772,C. Awaziem,DF,1997-01-01,Ligue 1,1564.0,21.0,554.0,441.0,1.0,0.0,6.0,3.0,137.0,5342.4,2.0,131.0,11.0,2.0,1.0,20.0,38.0,2.0,25.0,44.0,148.0,104.0,44.0,35.0,21,2017-18,79.6,52.6
28908,F. Guilbert,DF,1994-12-24,Ligue 1,3240.0,36.0,1149.0,856.0,5.0,1.0,3.0,52.0,171.0,6400.800000000001,131.0,108.0,12.0,3.0,1.0,83.0,178.0,30.0,22.0,101.0,433.0,195.0,71.0,103.0,23,2017-18,74.5,46.6
215281,A. Mbengue,DF,1993-12-01,Ligue 1,1607.0,19.0,615.0,397.0,4.0,0.0,2.0,28.0,133.0,4623.1500000000015,93.0,87.0,15.0,1.0,0.0,102.0,169.0,15.0,13.0,62.0,227.0,93.0,29.0,20.0,24,2017-18,64.6,60.4
26869,L. Butelle,GK,1983-04-03,Ligue 1,1653.0,19.0,273.0,220.0,0.0,0.0,0.0,0.0,128.0,5098.800000000002,0.0,110.0,0.0,0.0,0.0,1.0,1.0,0.0,0.0,0.0,1.0,40.0,5.0,6.0,34,2017-18,80.6,100.0
131321,C. Kouakou,FW,1991-03-01,Ligue 1,845.0,19.0,146.0,105.0,1.0,1.0,0.0,9.0,12.0,498.7500000000001,19.0,5.0,23.0,6.0,1.0,45.0,93.0,6.0,58.0,13.0,61.0,27.0,7.0,4.0,26,2017-18,71.9,48.4
28922,T. Lemar,MF,1995-11-12,Ligue 1,2382.0,30.0,1141.0,926.0,11.0,4.0,19.0,60.0,156.0,6339.900000000003,95.0,75.0,49.0,12.0,2.0,137.0,270.0,42.0,67.0,15.0,118.0,66.0,9.0,7.0,22,2017-18,81.2,50.7
28948,G. Fofana,MF,1992-12-17,Ligue 1,754.0,16.0,233.0,174.0,2.0,0.0,0.0,2.0,29.0,1165.4999999999995,9.0,24.0,5.0,1.0,0.0,29.0,56.0,7.0,12.0,11.0,73.0,30.0,7.0,15.0,25,2017-18,74.7,51.8
250134,Luiz Araújo,FW,1996-06-02,Ligue 1,2022.0,33.0,694.0,522.0,5.0,2.0,12.0,31.0,77.0,2911.650000000002,56.0,46.0,51.0,16.0,5.0,151.0,306.0,40.0,83.0,33.0,153.0,44.0,14.0,6.0,21,2017-18,75.2,49.3
28965,O. Nguette,FW,1994-07-08,Ligue 1,1022.0,17.0,234.0,188.0,2.0,0.0,5.0,7.0,21.0,862.05,15.0,7.0,23.0,10.0,0.0,105.0,237.0,14.0,69.0,14.0,89.0,41.0,1.0,18.0,23,2017-18,80.3,44.3
207143,Fabinho,MF,1993-10-23,Ligue 1,3060.0,34.0,1832.0,1640.0,9.0,3.0,13.0,47.0,331.0,13718.249999999987,16.0,199.0,26.0,10.0,7.0,114.0,177.0,12.0,45.0,76.0,275.0,158.0,36.0,101.0,24,2017-18,89.5,64.4
209207,J. Obiang,DF,1993-07-05,Ligue 1,469.0,8.0,194.0,146.0,0.0,0.0,0.0,7.0,31.0,1467.8999999999999,19.0,30.0,2.0,0.0,0.0,7.0,20.0,4.0,2.0,5.0,50.0,28.0,9.0,5.0,24,2017-18,75.3,35.0
209209,F. Tait,MF,1993-02-02,Ligue 1,2251.0,31.0,891.0,677.0,12.0,1.0,16.0,49.0,103.0,4269.300000000003,62.0,61.0,58.0,26.0,4.0,180.0,308.0,43.0,79.0,33.0,185.0,91.0,8.0,10.0,24,2017-18,76.0,58.4
26938,M. Michel,GK,1991-09-04,Ligue 1,597.0,7.0,94.0,85.0,0.0,0.0,0.0,0.0,58.0,2292.1499999999996,0.0,43.0,0.0,0.0,0.0,0.0,0.0,0.0,0.0,1.0,2.0,10.0,2.0,3.0,26,2017-18,90.4,
209211,J. Nkololo,MF,1992-11-09,Ligue 1,418.0,10.0,107.0,80.0,5.0,0.0,0.0,10.0,11.0,484.0499999999999,15.0,8.0,16.0,1.0,0.0,35.0,72.0,3.0,28.0,6.0,29.0,11.0,1.0,6.0,25,2017-18,74.8,48.6
213308,J. Alonso,DF,1993-02-09,Ligue 1,2780.0,34.0,1768.0,1504.0,4.0,0.0,2.0,7.0,427.0,16998.44999999996,9.0,271.0,12.0,4.0,2.0,27.0,50.0,0.0,43.0,71.0,237.0,188.0,89.0,110.0,24,2017-18,85.1,54.0
28990,D. Liénard,MF,1988-02-13,Ligue 1,2605.0,33.0,1393.0,1124.0,12.0,1.0,5.0,55.0,191.0,7536.900000000001,101.0,212.0,53.0,19.0,5.0,101.0,213.0,29.0,33.0,56.0,213.0,144.0,39.0,12.0,29,2017-18,80.7,47.4
26945,M. Poundjé,DF,1992-08-16,Ligue 1,1703.0,19.0,740.0,568.0,7.0,1.0,5.0,37.0,140.0,5416.95,83.0,69.0,15.0,2.0,0.0,85.0,139.0,36.0,15.0,33.0,164.0,97.0,30.0,34.0,25,2017-18,76.8,61.2
86338,L. Ocampos,FW,1994-07-11,Ligue 1,2037.0,31.0,585.0,469.0,9.0,3.0,3.0,39.0,53.0,2318.399999999999,36.0,20.0,58.0,24.0,9.0,166.0,349.0,16.0,170.0,43.0,234.0,117.0,14.0,38.0,23,2017-18,80.2,47.6
229697,Y. Bammou,FW,1991-09-11,Ligue 1,752.0,16.0,245.0,188.0,1.0,0.0,2.0,11.0,27.0,912.4499999999998,26.0,20.0,20.0,8.0,3.0,22.0,64.0,7.0,39.0,5.0,60.0,42.0,7.0,13.0,26,2017-18,76.7,34.4
26956,N. Benezet,MF,1991-02-24,Ligue 1,1649.0,29.0,869.0,688.0,7.0,2.0,18.0,50.0,82.0,3674.999999999998,63.0,35.0,28.0,12.0,3.0,111.0,206.0,35.0,81.0,16.0,102.0,30.0,4.0,17.0,26,2017-18,79.2,53.9
278867,S. Janko,DF,1995-10-22,Ligue 1,1420.0,21.0,584.0,450.0,3.0,0.0,5.0,18.0,64.0,2678.5499999999993,59.0,18.0,5.0,2.0,0.0,63.0,130.0,18.0,10.0,36.0,138.0,68.0,33.0,17.0,22,2017-18,77.1,48.5
8533,S. Sessègnon,MF,1984-06-01,Ligue 1,984.0,16.0,435.0,365.0,3.0,1.0,13.0,20.0,63.0,2354.1000000000013,14.0,37.0,19.0,4.0,1.0,55.0,104.0,7.0,15.0,4.0,20.0,13.0,1.0,9.0,33,2017-18,83.9,52.9
26970,J. Bouet,GK,1983-07-21,Ligue 1,90.0,1.0,12.0,8.0,0.0,0.0,0.0,0.0,5.0,187.95000000000002,0.0,7.0,0.0,0.0,0.0,1.0,1.0,0.0,0.0,0.0,0.0,1.0,0.0,0.0,34,2017-18,66.7,100.0
26971,M. Gorgelin,GK,1990-08-05,Ligue 1,360.0,4.0,50.0,42.0,0.0,0.0,0.0,0.0,25.0,851.55,0.0,14.0,0.0,0.0,0.0,1.0,1.0,0.0,0.0,0.0,0.0,6.0,0.0,2.0,27,2017-18,84.0,100.0
4452,Yuri Berchiche,DF,1990-02-10,Ligue 1,1715.0,22.0,1011.0,884.0,7.0,2.0,0.0,34.0,104.0,4745.999999999997,79.0,11.0,10.0,4.0,2.0,51.0,85.0,13.0,51.0,31.0,156.0,97.0,17.0,37.0,27,2017-18,87.4,60.0
203113,I. Sylla,DF,1994-01-01,Ligue 1,1597.0,24.0,667.0,514.0,7.0,3.0,7.0,35.0,122.0,4453.049999999999,74.0,54.0,12.0,2.0,1.0,47.0,97.0,22.0,29.0,44.0,172.0,103.0,38.0,51.0,24,2017-18,77.1,48.5
339964,Y. Salmier,DF,1992-11-21,Ligue 1,1107.0,14.0,531.0,465.0,1.0,0.0,3.0,7.0,117.0,4521.300000000002,1.0,67.0,2.0,0.0,0.0,7.0,10.0,2.0,6.0,20.0,71.0,77.0,43.0,13.0,25,2017-18,87.6,70.0
14717,D. Contento,DF,1990-05-01,Ligue 1,106.0,3.0,31.0,23.0,0.0,1.0,0.0,1.0,5.0,207.90000000000003,1.0,5.0,0.0,0.0,0.0,1.0,4.0,1.0,3.0,1.0,7.0,10.0,5.0,0.0,27,2017-18,74.2,25.0
382,Suk Hyun-Jun,FW,1991-06-29,Ligue 1,1203.0,26.0,230.0,150.0,1.0,0.0,3.0,15.0,20.0,707.7000000000003,19.0,4.0,27.0,10.0,6.0,56.0,159.0,7.0,105.0,2.0,50.0,16.0,1.0,89.0,26,2017-18,65.2,35.2
233855,S. Coulibaly,DF,1996-06-09,Ligue 1,90.0,1.0,48.0,39.0,0.0,0.0,0.0,2.0,5.0,183.75,2.0,8.0,0.0,0.0,0.0,2.0,7.0,1.0,0.0,4.0,7.0,4.0,0.0,1.0,21,2017-18,81.2,28.6
278913,J. Kayembe,MF,1994-08-08,Ligue 1,89.0,3.0,22.0,17.0,0.0,0.0,0.0,4.0,0.0,54.6,4.0,1.0,1.0,1.0,0.0,6.0,13.0,1.0,9.0,1.0,10.0,2.0,3.0,0.0,23,2017-18,77.3,46.2
14722,Luiz Gustavo,MF,1987-07-23,Ligue 1,3047.0,34.0,1866.0,1703.0,4.0,2.0,12.0,32.0,313.0,13383.300000000005,15.0,117.0,55.0,20.0,5.0,93.0,159.0,13.0,49.0,73.0,273.0,133.0,28.0,33.0,30,2017-18,91.3,58.5
76201,Á. Lang,DF,1993-01-17,Ligue 1,234.0,3.0,105.0,95.0,0.0,0.0,0.0,1.0,16.0,775.9499999999999,1.0,11.0,0.0,0.0,0.0,2.0,4.0,0.0,2.0,3.0,19.0,13.0,10.0,6.0,24,2017-18,90.5,50.0
276920,V. Vada,MF,1996-03-06,Ligue 1,867.0,21.0,534.0,464.0,0.0,0.0,4.0,12.0,57.0,2513.7000000000016,13.0,22.0,11.0,3.0,2.0,34.0,70.0,8.0,19.0,17.0,82.0,22.0,6.0,3.0,21,2017-18,86.9,48.6
70088,Rolando,DF,1985-08-31,Ligue 1,2511.0,31.0,1303.0,1183.0,0.0,0.0,1.0,4.0,241.0,10624.949999999997,0.0,128.0,14.0,4.0,1.0,8.0,15.0,6.0,50.0,54.0,169.0,123.0,62.0,54.0,32,2017-18,90.8,53.3
70093,João Moutinho,MF,1986-09-08,Ligue 1,2802.0,33.0,1797.0,1559.0,4.0,3.0,25.0,60.0,313.0,12681.899999999981,33.0,177.0,21.0,4.0,1.0,59.0,123.0,13.0,20.0,45.0,208.0,153.0,33.0,29.0,31,2017-18,86.8,48.0
410062,J. Koundé,DF,1998-11-12,Ligue 1,1588.0,18.0,827.0,718.0,0.0,0.0,1.0,7.0,173.0,7422.45,2.0,111.0,11.0,4.0,2.0,10.0,25.0,13.0,25.0,31.0,101.0,102.0,48.0,34.0,19,2017-18,86.8,40.0
276944,J. Bamba,FW,1996-03-26,Ligue 1,2570.0,34.0,1052.0,829.0,11.0,4.0,21.0,63.0,94.0,3862.950000000001,71.0,36.0,65.0,25.0,7.0,168.0,372.0,49.0,130.0,22.0,164.0,83.0,13.0,25.0,21,2017-18,78.8,45.2
29137,J. Grimm,MF,1987-03-27,Ligue 1,796.0,22.0,333.0,272.0,0.0,0.0,3.0,10.0,59.0,2199.75,8.0,40.0,13.0,3.0,1.0,17.0,32.0,1.0,20.0,20.0,76.0,62.0,19.0,25.0,30,2017-18,81.7,53.1
285139,Nathan,MF,1996-03-13,Ligue 1,9.0,1.0,4.0,3.0,0.0,0.0,0.0,0.0,0.0,10.500000000000002,0.0,0.0,0.0,0.0,0.0,0.0,1.0,0.0,0.0,0.0,0.0,1.0,0.0,0.0,21,2017-18,75.0,0.0
20948,S. Jovetić,FW,1989-11-02,Ligue 1,751.0,15.0,240.0,177.0,0.0,0.0,14.0,20.0,27.0,1020.6,6.0,17.0,35.0,15.0,8.0,31.0,83.0,6.0,60.0,5.0,27.0,14.0,2.0,18.0,28,2017-18,73.8,37.3
86486,G. Poblete,MF,1993-01-02,Ligue 1,1652.0,25.0,829.0,740.0,1.0,0.0,1.0,5.0,118.0,4897.200000000001,6.0,68.0,4.0,2.0,0.0,51.0,92.0,10.0,2.0,42.0,196.0,65.0,15.0,14.0,25,2017-18,89.3,55.4
405977,Jordi Mboula,FW,1999-03-16,Ligue 1,29.0,2.0,12.0,8.0,0.0,0.0,0.0,2.0,2.0,56.70000000000001,5.0,2.0,1.0,1.0,1.0,7.0,8.0,2.0,4.0,1.0,4.0,6.0,1.0,0.0,18,2017-18,66.7,87.5
256480,B. Keita,FW,1995-03-08,Ligue 1,1530.0,23.0,370.0,277.0,2.0,5.0,6.0,24.0,17.0,827.3999999999997,43.0,5.0,31.0,12.0,8.0,112.0,225.0,8.0,97.0,8.0,59.0,31.0,3.0,15.0,22,2017-18,74.9,49.8
94695,H. Sakai,DF,1990-04-12,Ligue 1,2524.0,33.0,1206.0,1014.0,6.0,3.0,6.0,27.0,161.0,6715.8,57.0,72.0,3.0,1.0,0.0,45.0,100.0,12.0,22.0,56.0,249.0,161.0,38.0,67.0,27,2017-18,84.1,45.0
276978,A. Diakhaby,FW,1996-07-05,Ligue 1,850.0,20.0,192.0,141.0,2.0,2.0,3.0,12.0,10.0,557.55,27.0,2.0,12.0,3.0,2.0,40.0,106.0,11.0,61.0,6.0,48.0,29.0,2.0,14.0,21,2017-18,73.4,37.7
276979,F. Mendy,DF,1995-06-08,Ligue 1,2123.0,26.0,1302.0,1115.0,7.0,5.0,11.0,44.0,146.0,6339.899999999997,63.0,49.0,18.0,5.0,0.0,133.0,214.0,36.0,47.0,39.0,155.0,105.0,26.0,37.0,22,2017-18,85.6,62.1
408052,H. Koffi,GK,1996-10-16,Ligue 1,360.0,4.0,76.0,57.0,0.0,0.0,0.0,0.0,37.0,1372.3500000000001,0.0,33.0,0.0,0.0,0.0,0.0,0.0,0.0,0.0,0.0,0.0,11.0,0.0,4.0,21,2017-18,75.0,
276983,I. Mbenza,FW,1996-03-08,Ligue 1,2091.0,37.0,562.0,412.0,2.0,1.0,5.0,20.0,44.0,1822.8,67.0,24.0,51.0,22.0,8.0,93.0,222.0,36.0,86.0,13.0,56.0,17.0,0.0,5.0,21,2017-18,73.3,41.9
43515,Andrei Girotto,MF,1992-02-17,Ligue 1,1522.0,24.0,605.0,486.0,4.0,0.0,3.0,13.0,89.0,3980.5500000000015,13.0,89.0,29.0,8.0,1.0,31.0,55.0,7.0,41.0,35.0,160.0,89.0,27.0,44.0,25,2017-18,80.3,56.4
14862,J. Draxler,MF,1993-09-20,Ligue 1,1706.0,30.0,1307.0,1207.0,9.0,5.0,16.0,51.0,120.0,5526.149999999996,15.0,41.0,22.0,12.0,4.0,78.0,151.0,17.0,78.0,19.0,74.0,52.0,7.0,8.0,24,2017-18,92.3,51.7
270866,Diego Carlos,DF,1993-03-15,Ligue 1,2295.0,28.0,844.0,690.0,3.0,0.0,0.0,7.0,214.0,8864.099999999991,4.0,171.0,22.0,5.0,1.0,21.0,38.0,5.0,71.0,75.0,183.0,168.0,93.0,74.0,24,2017-18,81.8,55.3
274970,A. Mendy,FW,1994-03-20,Ligue 1,796.0,16.0,138.0,115.0,3.0,0.0,2.0,11.0,12.0,409.5000000000001,7.0,2.0,25.0,11.0,4.0,38.0,111.0,0.0,100.0,3.0,21.0,9.0,2.0,26.0,23,2017-18,83.3,34.2
70171,E. Imorou,DF,1988-09-16,Ligue 1,33.0,1.0,16.0,13.0,0.0,0.0,0.0,0.0,1.0,37.800000000000004,2.0,0.0,0.0,0.0,0.0,0.0,0.0,1.0,0.0,1.0,4.0,2.0,0.0,1.0,29,2017-18,81.2,
471589,M. Sylla,FW,1999-11-25,Ligue 1,304.0,5.0,54.0,37.0,2.0,0.0,1.0,5.0,1.0,117.60000000000002,3.0,1.0,10.0,4.0,2.0,11.0,19.0,3.0,24.0,0.0,6.0,2.0,0.0,13.0,18,2017-18,68.5,57.9
367146,N. Janvier,MF,1998-08-11,Ligue 1,75.0,3.0,44.0,36.0,0.0,0.0,0.0,0.0,4.0,202.65,0.0,4.0,0.0,0.0,0.0,2.0,11.0,0.0,1.0,1.0,10.0,2.0,0.0,2.0,19,2017-18,81.8,18.2
487983,D. Lempereur,DF,1998-10-24,Ligue 1,141.0,3.0,39.0,27.0,0.0,0.0,0.0,1.0,3.0,153.3,1.0,5.0,1.0,0.0,0.0,2.0,3.0,0.0,0.0,5.0,23.0,7.0,2.0,2.0,19,2017-18,69.2,66.7
477744,N. Cozza,DF,1999-01-08,Ligue 1,577.0,9.0,261.0,196.0,0.0,1.0,2.0,8.0,64.0,2164.0499999999997,24.0,32.0,6.0,1.0,1.0,26.0,49.0,7.0,15.0,11.0,56.0,26.0,8.0,7.0,18,2017-18,75.1,53.1
14913,D. Benaglio,GK,1983-09-08,Ligue 1,224.0,3.0,33.0,32.0,0.0,0.0,0.0,0.0,21.0,789.6,0.0,10.0,0.0,0.0,0.0,0.0,0.0,0.0,0.0,0.0,0.0,4.0,0.0,0.0,34,2017-18,97.0,
301635,B. Kamara,GK,1996-10-21,Ligue 1,1692.0,19.0,354.0,296.0,0.0,0.0,0.0,0.0,188.0,7387.799999999999,0.0,142.0,0.0,0.0,0.0,2.0,2.0,0.0,0.0,0.0,4.0,27.0,4.0,5.0,21,2017-18,83.6,100.0
135747,D. Subašić,GK,1984-10-27,Ligue 1,2941.0,34.0,480.0,392.0,0.0,0.0,0.0,0.0,270.0,10691.099999999995,0.0,221.0,0.0,0.0,0.0,2.0,3.0,0.0,0.0,0.0,3.0,52.0,5.0,18.0,33,2017-18,81.7,66.7
289359,Y. Aït Bennasser,MF,1996-07-07,Ligue 1,2056.0,27.0,1094.0,914.0,2.0,0.0,5.0,11.0,196.0,7764.749999999997,10.0,116.0,23.0,3.0,0.0,97.0,155.0,13.0,8.0,44.0,188.0,106.0,19.0,31.0,21,2017-18,83.5,62.6
275032,E. Crivelli,FW,1995-02-06,Ligue 1,1762.0,26.0,314.0,236.0,6.0,1.0,0.0,19.0,17.0,765.45,6.0,7.0,16.0,6.0,3.0,51.0,198.0,2.0,120.0,8.0,62.0,22.0,5.0,84.0,22,2017-18,75.2,25.8
14945,G. Sio,FW,1989-03-31,Ligue 1,2210.0,33.0,546.0,394.0,5.0,2.0,7.0,34.0,37.0,1626.4499999999996,38.0,17.0,73.0,38.0,10.0,127.0,316.0,6.0,199.0,10.0,84.0,37.0,15.0,78.0,28,2017-18,72.2,40.2
21097,K. Glik,DF,1988-02-03,Ligue 1,3240.0,36.0,1660.0,1401.0,2.0,2.0,1.0,11.0,396.0,16109.100000000006,1.0,303.0,21.0,8.0,3.0,11.0,24.0,0.0,87.0,47.0,162.0,236.0,152.0,106.0,29,2017-18,84.4,45.8
29291,J. Giraudon,DF,1992-01-16,Ligue 1,2179.0,25.0,923.0,789.0,1.0,0.0,1.0,8.0,255.0,9854.249999999993,2.0,166.0,3.0,1.0,0.0,14.0,23.0,2.0,16.0,29.0,103.0,156.0,65.0,39.0,25,2017-18,85.5,60.9
244335,K. Dolly,FW,1993-01-22,Ligue 1,880.0,16.0,370.0,298.0,5.0,2.0,3.0,22.0,30.0,1491.0000000000005,36.0,11.0,20.0,8.0,1.0,32.0,74.0,12.0,19.0,9.0,42.0,18.0,1.0,6.0,24,2017-18,80.5,43.2
244357,B. Zungu,MF,1992-10-09,Ligue 1,2086.0,26.0,1019.0,877.0,2.0,0.0,3.0,8.0,154.0,6340.949999999998,12.0,108.0,8.0,3.0,1.0,57.0,98.0,10.0,14.0,35.0,176.0,152.0,30.0,36.0,25,2017-18,86.1,58.2
406156,V. Thill,MF,2000-02-04,Ligue 1,26.0,1.0,14.0,13.0,0.0,0.0,0.0,0.0,1.0,43.050000000000004,0.0,0.0,0.0,0.0,0.0,0.0,1.0,0.0,0.0,0.0,3.0,0.0,0.0,0.0,17,2017-18,92.9,0.0
14990,F. Diagne,DF,1989-08-14,Ligue 1,2322.0,28.0,950.0,783.0,0.0,1.0,0.0,7.0,225.0,8344.349999999999,2.0,173.0,13.0,7.0,1.0,10.0,23.0,1.0,31.0,41.0,133.0,155.0,80.0,65.0,28,2017-18,82.4,43.5
295569,Otávio,MF,1994-05-04,Ligue 1,1505.0,21.0,869.0,774.0,3.0,0.0,1.0,7.0,135.0,5580.750000000003,5.0,108.0,11.0,1.0,0.0,21.0,45.0,2.0,3.0,39.0,175.0,101.0,19.0,14.0,23,2017-18,89.1,46.7
330387,M. Coco,MF,1996-06-24,Ligue 1,1586.0,29.0,568.0,437.0,5.0,1.0,12.0,31.0,49.0,2196.6,59.0,17.0,24.0,10.0,2.0,96.0,225.0,21.0,67.0,22.0,148.0,47.0,3.0,33.0,21,2017-18,76.9,42.7
234138,J. Repas,MF,1997-03-19,Ligue 1,907.0,15.0,217.0,160.0,2.0,0.0,0.0,9.0,18.0,762.3000000000002,18.0,11.0,18.0,4.0,0.0,50.0,118.0,12.0,32.0,8.0,60.0,22.0,3.0,9.0,20,2017-18,73.7,42.4
330395,G. Hein,MF,1996-08-07,Ligue 1,81.0,3.0,42.0,37.0,0.0,0.0,0.0,0.0,1.0,70.35,2.0,0.0,1.0,0.0,0.0,3.0,5.0,0.0,2.0,1.0,7.0,4.0,1.0,0.0,21,2017-18,88.1,60.0
15004,I. Santini,FW,1989-05-21,Ligue 1,2777.0,32.0,587.0,414.0,3.0,0.0,4.0,20.0,28.0,1609.6499999999999,3.0,16.0,83.0,36.0,11.0,101.0,317.0,2.0,280.0,21.0,100.0,45.0,15.0,139.0,28,2017-18,70.5,31.9
55968,M. Braithwaite,FW,1991-06-05,Ligue 1,915.0,14.0,183.0,143.0,3.0,2.0,3.0,9.0,10.0,559.65,10.0,6.0,23.0,9.0,4.0,25.0,75.0,4.0,54.0,2.0,22.0,13.0,5.0,19.0,26,2017-18,78.1,33.3
15010,Dante,DF,1983-10-18,Ligue 1,2970.0,33.0,2210.0,2049.0,2.0,0.0,1.0,10.0,430.0,19343.100000000017,5.0,160.0,17.0,5.0,1.0,31.0,52.0,2.0,68.0,51.0,143.0,174.0,64.0,71.0,34,2017-18,92.7,59.6
266917,A. Traoré,MF,1995-06-28,Ligue 1,195.0,4.0,67.0,59.0,0.0,0.0,1.0,1.0,8.0,322.34999999999997,0.0,1.0,6.0,4.0,3.0,10.0,18.0,0.0,10.0,1.0,10.0,8.0,3.0,3.0,22,2017-18,88.1,55.6
344744,J. Ikoné,FW,1998-05-02,Ligue 1,1001.0,18.0,349.0,263.0,8.0,1.0,16.0,24.0,36.0,1396.5,15.0,13.0,16.0,4.0,1.0,75.0,180.0,31.0,59.0,12.0,43.0,17.0,4.0,5.0,19,2017-18,75.4,41.7
4786,Iván Balliu,DF,1992-01-01,Ligue 1,1953.0,24.0,926.0,745.0,1.0,1.0,7.0,35.0,169.0,6477.450000000003,52.0,112.0,5.0,2.0,0.0,61.0,96.0,16.0,11.0,27.0,164.0,85.0,46.0,22.0,26,2017-18,80.5,63.5
498357,I. Niane,FW,1999-03-11,Ligue 1,836.0,26.0,238.0,185.0,0.0,1.0,1.0,10.0,10.0,561.75,14.0,9.0,37.0,13.0,2.0,76.0,155.0,6.0,62.0,5.0,38.0,22.0,7.0,26.0,18,2017-18,77.7,49.0
21174,E. Cavani,FW,1987-02-14,Ligue 1,2588.0,32.0,488.0,389.0,8.0,5.0,14.0,51.0,29.0,1297.7999999999993,16.0,14.0,103.0,53.0,28.0,45.0,102.0,3.0,241.0,8.0,55.0,39.0,20.0,6.0,30,2017-18,79.7,44.1
256706,L. Phiri,MF,1994-11-09,Ligue 1,1020.0,22.0,620.0,575.0,1.0,0.0,1.0,7.0,90.0,3875.5500000000015,1.0,37.0,6.0,2.0,0.0,17.0,38.0,6.0,5.0,22.0,111.0,41.0,10.0,8.0,23,2017-18,92.7,44.7
8899,A. Kačaniklić,MF,1991-08-13,Ligue 1,312.0,9.0,88.0,68.0,1.0,1.0,1.0,7.0,9.0,375.8999999999999,14.0,4.0,3.0,1.0,0.0,15.0,36.0,3.0,17.0,5.0,17.0,12.0,4.0,5.0,26,2017-18,77.3,41.7
426702,H. Mendyl,DF,1997-10-21,Ligue 1,855.0,12.0,332.0,268.0,2.0,0.0,0.0,11.0,35.0,1606.4999999999993,33.0,29.0,3.0,1.0,0.0,22.0,48.0,13.0,10.0,22.0,76.0,37.0,16.0,6.0,20,2017-18,80.7,45.8
426704,L. Fournier,MF,1998-05-18,Ligue 1,14.0,1.0,6.0,3.0,0.0,0.0,0.0,0.0,0.0,7.3500000000000005,0.0,2.0,0.0,0.0,0.0,3.0,3.0,0.0,0.0,0.0,2.0,1.0,0.0,0.0,19,2017-18,50.0,100.0
15062,K. Trapp,GK,1990-07-08,Ligue 1,360.0,4.0,54.0,50.0,0.0,0.0,0.0,0.0,21.0,685.6499999999999,0.0,6.0,0.0,0.0,0.0,0.0,1.0,0.0,0.0,0.0,0.0,8.0,2.0,1.0,27,2017-18,92.6,0.0
342743,L. Tousart,MF,1997-04-29,Ligue 1,3139.0,37.0,1458.0,1285.0,2.0,0.0,6.0,9.0,187.0,7801.50000000001,6.0,57.0,13.0,1.0,0.0,47.0,92.0,5.0,33.0,72.0,300.0,202.0,46.0,73.0,20,2017-18,88.1,51.1
334552,F. Kamano,FW,1996-05-01,Ligue 1,2024.0,35.0,643.0,518.0,12.0,4.0,7.0,46.0,44.0,1862.6999999999996,61.0,17.0,62.0,22.0,8.0,186.0,375.0,42.0,145.0,28.0,138.0,58.0,4.0,14.0,21,2017-18,80.6,49.6
86745,W. Benítez,GK,1993-01-19,Ligue 1,2430.0,27.0,384.0,342.0,0.0,0.0,0.0,0.0,177.0,6356.699999999997,0.0,88.0,0.0,0.0,0.0,1.0,2.0,0.0,1.0,1.0,4.0,29.0,7.0,2.0,24,2017-18,89.1,50.0
27354,Júlio Tavares,FW,1988-11-19,Ligue 1,2056.0,26.0,370.0,270.0,3.0,1.0,0.0,21.0,13.0,759.1499999999997,18.0,8.0,51.0,26.0,12.0,55.0,186.0,2.0,195.0,6.0,49.0,43.0,26.0,179.0,29,2017-18,73.0,29.6
352986,K. Amian,DF,1998-02-08,Ligue 1,3165.0,36.0,963.0,765.0,3.0,1.0,3.0,24.0,195.0,7151.550000000006,55.0,114.0,15.0,5.0,1.0,45.0,115.0,11.0,22.0,54.0,253.0,165.0,90.0,35.0,19,2017-18,79.4,39.1
471771,I. Faraj,MF,1999-02-11,Ligue 1,159.0,6.0,70.0,57.0,2.0,1.0,0.0,9.0,6.0,285.59999999999997,8.0,2.0,4.0,2.0,0.0,16.0,29.0,0.0,13.0,4.0,17.0,6.0,5.0,1.0,18,2017-18,81.4,55.2
135901,Pedro Rebocho,DF,1995-01-23,Ligue 1,1721.0,21.0,802.0,653.0,8.0,2.0,5.0,26.0,131.0,5435.850000000001,58.0,70.0,3.0,1.0,0.0,48.0,92.0,10.0,16.0,24.0,146.0,114.0,37.0,13.0,22,2017-18,81.4,52.2
471774,T. Weah,FW,2000-02-22,Ligue 1,120.0,3.0,17.0,12.0,1.0,0.0,0.0,1.0,0.0,13.65,2.0,0.0,2.0,2.0,0.0,3.0,7.0,1.0,9.0,1.0,7.0,1.0,0.0,0.0,17,2017-18,70.6,42.9
352992,J. Makengo,MF,1998-06-12,Ligue 1,244.0,5.0,105.0,96.0,0.0,0.0,0.0,2.0,10.0,334.95000000000005,6.0,3.0,3.0,1.0,0.0,20.0,57.0,4.0,9.0,3.0,21.0,4.0,1.0,6.0,19,2017-18,91.4,35.1
135913,Rony Lopes,MF,1995-12-28,Ligue 1,2552.0,38.0,777.0,577.0,11.0,4.0,18.0,71.0,66.0,2836.05,99.0,29.0,66.0,31.0,15.0,157.0,310.0,51.0,157.0,29.0,194.0,57.0,14.0,9.0,22,2017-18,74.3,50.6
404213,A. Lafont,GK,1999-01-23,Ligue 1,3420.0,38.0,696.0,599.0,0.0,0.0,0.0,2.0,416.0,17006.85000000001,0.0,302.0,0.0,0.0,0.0,3.0,3.0,0.0,1.0,2.0,6.0,86.0,17.0,11.0,18,2017-18,86.1,100.0
404216,B. Kamara,DF,1999-11-23,Ligue 1,455.0,6.0,266.0,234.0,0.0,1.0,1.0,2.0,33.0,1649.5500000000002,2.0,13.0,2.0,1.0,0.0,10.0,20.0,0.0,10.0,13.0,48.0,30.0,8.0,9.0,18,2017-18,88.0,50.0
49919,F. Moubandje,DF,1990-06-21,Ligue 1,1704.0,21.0,654.0,477.0,3.0,0.0,0.0,20.0,117.0,4497.15,40.0,108.0,3.0,1.0,0.0,46.0,77.0,7.0,8.0,31.0,155.0,103.0,42.0,41.0,27,2017-18,72.9,59.7
90880,S. Mendoza,FW,1992-06-27,Ligue 1,1035.0,13.0,325.0,248.0,2.0,0.0,1.0,13.0,26.0,1184.4,18.0,13.0,25.0,6.0,2.0,59.0,131.0,13.0,35.0,12.0,60.0,28.0,5.0,6.0,25,2017-18,76.3,45.0
49921,V. Rüfli,DF,1988-01-22,Ligue 1,21.0,3.0,7.0,5.0,0.0,0.0,0.0,0.0,2.0,51.45,1.0,0.0,0.0,0.0,0.0,0.0,0.0,0.0,0.0,0.0,5.0,0.0,0.0,0.0,29,2017-18,71.4,
82690,T. Koubek,GK,1992-08-26,Ligue 1,3060.0,34.0,515.0,405.0,0.0,0.0,0.0,0.0,264.0,11100.600000000006,0.0,253.0,0.0,0.0,0.0,1.0,1.0,0.0,4.0,1.0,5.0,66.0,15.0,17.0,25,2017-18,78.6,100.0
404226,M. Maolida,FW,1999-02-14,Ligue 1,324.0,13.0,135.0,109.0,3.0,0.0,2.0,12.0,5.0,342.30000000000007,7.0,4.0,9.0,5.0,1.0,35.0,72.0,2.0,34.0,2.0,16.0,8.0,0.0,2.0,18,2017-18,80.7,48.6
404227,E. Taha,FW,1999-03-14,Ligue 1,37.0,2.0,16.0,12.0,0.0,0.0,1.0,1.0,3.0,69.3,2.0,0.0,1.0,1.0,0.0,0.0,0.0,0.0,3.0,0.0,4.0,0.0,0.0,0.0,18,2017-18,75.0,
135937,Cafú,MF,1993-02-26,Ligue 1,681.0,10.0,268.0,229.0,1.0,0.0,0.0,1.0,34.0,1465.8000000000002,3.0,9.0,5.0,4.0,0.0,18.0,43.0,4.0,17.0,7.0,41.0,32.0,7.0,18.0,24,2017-18,85.4,41.9
217867,A. Walongwa,DF,1993-10-15,Ligue 1,90.0,1.0,25.0,18.0,0.0,0.0,0.0,0.0,10.0,316.05,0.0,7.0,0.0,0.0,0.0,0.0,0.0,0.0,0.0,2.0,7.0,8.0,2.0,1.0,24,2017-18,72.0,
242446,L. Dubois,DF,1994-09-14,Ligue 1,3025.0,34.0,1461.0,1111.0,16.0,2.0,6.0,74.0,301.0,11119.499999999985,160.0,224.0,45.0,11.0,3.0,98.0,175.0,52.0,41.0,59.0,257.0,192.0,67.0,36.0,23,2017-18,76.0,56.0
217872,J. Iloki,MF,1992-01-14,Ligue 1,1420.0,26.0,479.0,356.0,14.0,0.0,6.0,56.0,38.0,1781.8500000000008,81.0,13.0,11.0,4.0,0.0,44.0,88.0,19.0,39.0,6.0,64.0,38.0,10.0,8.0,25,2017-18,74.3,50.0
285457,H. Maïga,MF,1996-01-01,Ligue 1,703.0,12.0,330.0,260.0,3.0,0.0,3.0,11.0,50.0,2084.2500000000005,20.0,18.0,6.0,1.0,1.0,37.0,78.0,4.0,10.0,25.0,108.0,35.0,6.0,8.0,22,2017-18,78.8,47.4
217874,A. Touré,MF,1994-03-03,Ligue 1,2809.0,35.0,1310.0,1070.0,3.0,1.0,14.0,19.0,211.0,8624.699999999999,26.0,116.0,41.0,12.0,1.0,128.0,220.0,6.0,29.0,68.0,271.0,187.0,29.0,65.0,23,2017-18,81.7,58.2
437011,H. Mahou,MF,1999-07-02,Ligue 1,52.0,3.0,24.0,19.0,0.0,0.0,0.0,1.0,1.0,60.9,2.0,1.0,1.0,0.0,0.0,2.0,4.0,1.0,3.0,1.0,5.0,0.0,0.0,1.0,18,2017-18,79.2,50.0
394006,M. Terrier,FW,1997-03-04,Ligue 1,1672.0,25.0,438.0,354.0,5.0,2.0,4.0,25.0,27.0,1472.0999999999995,21.0,24.0,49.0,17.0,3.0,77.0,144.0,25.0,111.0,24.0,101.0,29.0,3.0,46.0,20,2017-18,80.8,53.5
217878,L. Diony,FW,1992-12-20,Ligue 1,934.0,16.0,151.0,111.0,2.0,0.0,1.0,11.0,8.0,392.70000000000005,12.0,5.0,12.0,4.0,0.0,52.0,123.0,1.0,57.0,4.0,24.0,16.0,5.0,13.0,25,2017-18,73.5,42.3
264989,F. Mubele,FW,1994-04-17,Ligue 1,1592.0,30.0,377.0,256.0,7.0,2.0,7.0,29.0,32.0,1321.9499999999996,49.0,15.0,41.0,16.0,6.0,137.0,319.0,20.0,109.0,12.0,71.0,46.0,2.0,11.0,23,2017-18,67.9,42.9
29474,R. Thomas,DF,1988-06-12,Ligue 1,2472.0,28.0,1130.0,982.0,0.0,0.0,1.0,3.0,284.0,11684.400000000005,1.0,195.0,14.0,6.0,2.0,16.0,28.0,3.0,64.0,35.0,143.0,180.0,74.0,83.0,29,2017-18,86.9,57.1
25382,A. Lopes,GK,1990-10-01,Ligue 1,3060.0,34.0,644.0,566.0,0.0,0.0,0.0,0.0,277.0,10145.100000000004,0.0,166.0,0.0,0.0,0.0,2.0,2.0,0.0,0.0,1.0,2.0,55.0,11.0,13.0,27,2017-18,87.9,100.0
25384,R. Vercoutre,GK,1980-06-26,Ligue 1,3150.0,35.0,579.0,477.0,0.0,0.0,0.0,0.0,388.0,15933.750000000005,0.0,357.0,0.0,0.0,0.0,1.0,1.0,0.0,0.0,1.0,5.0,41.0,15.0,10.0,37,2017-18,82.4,100.0
328488,P. Burner,DF,1996-04-11,Ligue 1,895.0,12.0,513.0,451.0,1.0,0.0,4.0,12.0,65.0,2798.25,14.0,31.0,2.0,1.0,0.0,38.0,69.0,24.0,13.0,18.0,71.0,33.0,19.0,11.0,21,2017-18,87.9,55.1
275243,S. Khaoui,MF,1995-04-27,Ligue 1,1959.0,32.0,601.0,461.0,9.0,0.0,9.0,36.0,69.0,3151.05,18.0,28.0,59.0,22.0,5.0,105.0,193.0,14.0,61.0,40.0,178.0,50.0,4.0,10.0,22,2017-18,76.7,54.4
25392,B. Koné,DF,1988-04-27,Ligue 1,2462.0,28.0,986.0,876.0,1.0,0.0,1.0,5.0,217.0,8895.600000000006,1.0,140.0,10.0,1.0,1.0,16.0,24.0,1.0,31.0,36.0,138.0,145.0,68.0,64.0,29,2017-18,88.8,66.7
25399,M. Zeffane,DF,1992-05-19,Ligue 1,988.0,14.0,486.0,381.0,1.0,1.0,0.0,9.0,76.0,3039.7499999999995,26.0,49.0,14.0,2.0,0.0,13.0,27.0,6.0,7.0,8.0,81.0,57.0,27.0,8.0,25,2017-18,78.4,48.1
248632,J. Dompé,MF,1995-08-12,Ligue 1,28.0,1.0,14.0,6.0,0.0,0.0,0.0,0.0,0.0,0.0,2.0,0.0,1.0,0.0,0.0,6.0,6.0,0.0,3.0,1.0,1.0,0.0,0.0,0.0,22,2017-18,42.9,100.0
25403,J. Ferri,MF,1992-03-12,Ligue 1,620.0,24.0,515.0,462.0,3.0,1.0,7.0,15.0,96.0,3475.500000000001,9.0,24.0,7.0,1.0,0.0,25.0,46.0,12.0,18.0,20.0,72.0,23.0,10.0,6.0,25,2017-18,89.7,54.3
25406,Y. Gourcuff,MF,1986-07-11,Ligue 1,425.0,10.0,183.0,163.0,1.0,1.0,1.0,10.0,26.0,856.7999999999998,7.0,5.0,7.0,2.0,1.0,19.0,41.0,2.0,15.0,5.0,17.0,8.0,1.0,2.0,31,2017-18,89.1,46.3
25407,C. Grenier,MF,1991-01-07,Ligue 1,1214.0,16.0,662.0,488.0,8.0,1.0,4.0,31.0,108.0,4044.5999999999995,33.0,77.0,27.0,10.0,5.0,47.0,97.0,6.0,24.0,19.0,79.0,49.0,12.0,12.0,27,2017-18,73.7,48.5
437057,D. Khalid,FW,1999-02-07,Ligue 1,28.0,1.0,10.0,6.0,0.0,0.0,0.0,0.0,0.0,11.55,0.0,0.0,0.0,0.0,0.0,2.0,5.0,1.0,4.0,0.0,2.0,0.0,0.0,1.0,18,2017-18,60.0,40.0
25410,A. Pléa,FW,1993-03-10,Ligue 1,3041.0,35.0,998.0,808.0,4.0,3.0,17.0,56.0,94.0,3954.2999999999993,32.0,41.0,102.0,44.0,16.0,200.0,394.0,29.0,205.0,12.0,107.0,46.0,12.0,24.0,24,2017-18,81.0,50.8
25411,J. Briand,FW,1985-08-02,Ligue 1,3212.0,37.0,919.0,707.0,10.0,1.0,22.0,45.0,79.0,3431.4,23.0,20.0,69.0,25.0,11.0,134.0,351.0,24.0,210.0,28.0,137.0,79.0,37.0,62.0,32,2017-18,76.9,38.2
25418,A. Aréola,GK,1993-02-27,Ligue 1,3060.0,34.0,523.0,491.0,0.0,0.0,0.0,1.0,210.0,7204.049999999994,0.0,57.0,0.0,0.0,0.0,0.0,1.0,0.0,1.0,0.0,2.0,42.0,7.0,9.0,24,2017-18,93.9,0.0
25423,M. Biševac,DF,1983-08-31,Ligue 1,714.0,10.0,310.0,272.0,1.0,0.0,0.0,5.0,91.0,3577.35,2.0,61.0,5.0,1.0,0.0,3.0,7.0,3.0,8.0,10.0,33.0,36.0,24.0,9.0,34,2017-18,87.7,42.9
295761,S. Grandsir,FW,1996-08-14,Ligue 1,2608.0,36.0,895.0,672.0,8.0,4.0,16.0,62.0,78.0,3650.8500000000004,93.0,52.0,46.0,21.0,3.0,201.0,423.0,87.0,117.0,37.0,224.0,80.0,15.0,15.0,21,2017-18,75.1,47.5
37714,Y. El Ghanassy,MF,1990-07-12,Ligue 1,634.0,19.0,271.0,224.0,5.0,0.0,7.0,22.0,27.0,1304.0999999999995,29.0,6.0,13.0,3.0,0.0,95.0,149.0,18.0,31.0,9.0,38.0,11.0,0.0,5.0,27,2017-18,82.7,63.8
25427,C. Jallet,DF,1983-10-31,Ligue 1,1173.0,14.0,705.0,608.0,5.0,0.0,3.0,17.0,85.0,3660.3,26.0,37.0,5.0,2.0,0.0,13.0,38.0,9.0,12.0,15.0,84.0,76.0,22.0,22.0,34,2017-18,86.2,34.2
25433,M. Bodmer,DF,1982-11-22,Ligue 1,388.0,13.0,261.0,221.0,1.0,0.0,3.0,7.0,60.0,2221.800000000001,2.0,35.0,6.0,1.0,1.0,4.0,10.0,0.0,13.0,4.0,17.0,17.0,2.0,14.0,35,2017-18,84.7,40.0
25439,T. Motta,MF,1982-08-28,Ligue 1,1236.0,19.0,1279.0,1211.0,1.0,1.0,5.0,12.0,187.0,9006.899999999985,0.0,39.0,5.0,3.0,1.0,21.0,38.0,0.0,11.0,23.0,101.0,67.0,16.0,27.0,35,2017-18,94.7,55.3
25440,J. Pastore,MF,1989-06-20,Ligue 1,1345.0,25.0,993.0,830.0,6.0,6.0,25.0,64.0,109.0,4786.949999999999,23.0,38.0,23.0,9.0,4.0,59.0,135.0,11.0,89.0,19.0,89.0,42.0,9.0,5.0,28,2017-18,83.6,43.7
344927,S. Sy,GK,1995-12-12,Ligue 1,255.0,3.0,40.0,31.0,0.0,0.0,0.0,0.0,14.0,610.0500000000002,0.0,16.0,0.0,0.0,0.0,0.0,0.0,0.0,0.0,0.0,0.0,3.0,2.0,0.0,22,2017-18,77.5,
25444,K. Coulibaly,FW,1991-08-21,Ligue 1,338.0,8.0,76.0,56.0,4.0,0.0,1.0,8.0,7.0,309.74999999999994,7.0,4.0,7.0,3.0,1.0,24.0,59.0,2.0,25.0,6.0,15.0,11.0,3.0,23.0,26,2017-18,73.7,40.7
37734,G. Gillet,MF,1984-03-09,Ligue 1,15.0,1.0,12.0,12.0,0.0,0.0,0.0,0.0,0.0,28.350000000000005,0.0,0.0,0.0,0.0,0.0,0.0,0.0,0.0,0.0,0.0,2.0,2.0,0.0,0.0,33,2017-18,100.0,
25457,J. Roussillon,DF,1993-01-06,Ligue 1,1888.0,22.0,766.0,586.0,11.0,2.0,7.0,43.0,129.0,4657.800000000002,90.0,63.0,19.0,7.0,3.0,108.0,192.0,17.0,70.0,24.0,130.0,84.0,27.0,11.0,25,2017-18,76.5,56.2
93044,S. Darbion,MF,1984-03-22,Ligue 1,1708.0,23.0,648.0,514.0,7.0,2.0,11.0,50.0,69.0,3069.149999999999,61.0,20.0,18.0,7.0,3.0,78.0,171.0,11.0,45.0,7.0,101.0,52.0,12.0,11.0,33,2017-18,79.3,45.6
131959,J. Seri,MF,1991-07-19,Ligue 1,2622.0,31.0,2536.0,2312.0,6.0,2.0,16.0,41.0,296.0,13163.849999999999,21.0,131.0,34.0,11.0,2.0,127.0,195.0,6.0,32.0,29.0,142.0,81.0,9.0,16.0,26,2017-18,91.2,65.1
25467,V. Nogueira,MF,1988-01-16,Ligue 1,63.0,2.0,42.0,35.0,0.0,0.0,0.0,0.0,6.0,239.4,0.0,6.0,0.0,0.0,0.0,5.0,6.0,0.0,0.0,0.0,1.0,1.0,2.0,0.0,29,2017-18,83.3,83.3
25470,S. Prcić,MF,1993-11-20,Ligue 1,1568.0,19.0,876.0,788.0,1.0,1.0,2.0,14.0,140.0,5945.100000000007,8.0,87.0,17.0,5.0,1.0,19.0,35.0,8.0,4.0,26.0,125.0,91.0,20.0,14.0,24,2017-18,90.0,54.3
334720,R. Bensebaini,DF,1995-04-16,Ligue 1,2342.0,29.0,1188.0,943.0,6.0,1.0,3.0,24.0,195.0,7831.949999999989,70.0,140.0,16.0,3.0,0.0,58.0,90.0,17.0,42.0,42.0,195.0,215.0,103.0,74.0,22,2017-18,79.4,64.4
25474,R. Camara,MF,1990-02-20,Ligue 1,897.0,14.0,284.0,211.0,1.0,1.0,3.0,18.0,11.0,660.4499999999999,34.0,7.0,18.0,6.0,2.0,68.0,140.0,12.0,49.0,8.0,36.0,14.0,5.0,12.0,27,2017-18,74.3,48.6
21383,M. Verratti,MF,1992-11-05,Ligue 1,1744.0,22.0,1944.0,1784.0,8.0,3.0,20.0,54.0,259.0,12050.849999999997,12.0,140.0,7.0,1.0,0.0,112.0,185.0,10.0,23.0,36.0,158.0,67.0,8.0,8.0,25,2017-18,91.8,60.5
25479,S. Privat,FW,1989-07-24,Ligue 1,0.0,0.0,1.0,1.0,0.0,0.0,0.0,1.0,0.0,0.0,0.0,0.0,0.0,0.0,0.0,0.0,0.0,0.0,1.0,0.0,0.0,0.0,0.0,0.0,28,2017-18,100.0,
25492,T. Monconduit,MF,1991-02-10,Ligue 1,2991.0,34.0,1360.0,1124.0,3.0,2.0,11.0,27.0,197.0,8291.850000000004,11.0,132.0,28.0,4.0,1.0,119.0,212.0,6.0,17.0,64.0,291.0,180.0,60.0,52.0,26,2017-18,82.6,56.1
29588,E. Seka,DF,1987-06-22,Ligue 1,2217.0,27.0,1046.0,831.0,2.0,0.0,4.0,17.0,194.0,7234.500000000007,33.0,102.0,12.0,3.0,1.0,44.0,93.0,36.0,33.0,44.0,184.0,151.0,64.0,75.0,30,2017-18,79.4,47.3
29590,E. Bourgaud,MF,1987-10-25,Ligue 1,507.0,16.0,253.0,187.0,4.0,0.0,4.0,12.0,35.0,1371.2999999999993,15.0,28.0,10.0,1.0,0.0,25.0,60.0,8.0,8.0,8.0,53.0,23.0,5.0,14.0,30,2017-18,73.9,41.7
25503,G. Mandjeck,MF,1988-12-09,Ligue 1,972.0,14.0,408.0,334.0,0.0,0.0,5.0,7.0,69.0,2761.5000000000005,2.0,44.0,8.0,2.0,0.0,20.0,40.0,5.0,17.0,20.0,94.0,54.0,15.0,41.0,29,2017-18,81.9,50.0
25504,S. Meïté,MF,1994-03-17,Ligue 1,1431.0,20.0,693.0,605.0,2.0,2.0,5.0,14.0,68.0,3152.1,9.0,38.0,9.0,3.0,1.0,96.0,195.0,12.0,49.0,24.0,125.0,68.0,4.0,32.0,23,2017-18,87.3,49.2
37796,D. Miličević,MF,1986-01-05,Ligue 1,709.0,12.0,267.0,199.0,4.0,1.0,2.0,24.0,34.0,1149.7499999999998,36.0,27.0,8.0,3.0,0.0,18.0,40.0,7.0,36.0,4.0,30.0,13.0,3.0,7.0,32,2017-18,74.5,45.0
25517,Y. Sanogo,FW,1993-01-27,Ligue 1,1474.0,27.0,234.0,157.0,3.0,0.0,6.0,17.0,24.0,976.4999999999997,12.0,7.0,49.0,22.0,6.0,77.0,222.0,1.0,190.0,4.0,42.0,35.0,10.0,91.0,24,2017-18,67.1,34.7
25519,M. Dupé,GK,1993-03-04,Ligue 1,90.0,1.0,9.0,8.0,0.0,0.0,0.0,0.0,7.0,305.55,0.0,5.0,0.0,0.0,0.0,0.0,0.0,0.0,0.0,0.0,0.0,1.0,1.0,0.0,24,2017-18,88.9,
29616,P. Martinez,DF,1989-02-21,Ligue 1,2116.0,24.0,906.0,769.0,0.0,1.0,2.0,12.0,195.0,8127.000000000005,13.0,141.0,15.0,5.0,0.0,24.0,40.0,13.0,35.0,42.0,165.0,143.0,76.0,52.0,28,2017-18,84.9,60.0
25521,E. Zelazny,GK,1991-09-22,Ligue 1,1530.0,17.0,338.0,297.0,0.0,0.0,0.0,0.0,186.0,7500.150000000002,0.0,153.0,0.0,0.0,0.0,0.0,0.0,0.0,0.0,0.0,2.0,30.0,5.0,8.0,26,2017-18,87.9,
25523,K. Djidji,DF,1992-11-30,Ligue 1,2417.0,28.0,803.0,650.0,3.0,0.0,4.0,12.0,175.0,6520.500000000008,21.0,146.0,9.0,3.0,0.0,28.0,67.0,10.0,10.0,51.0,224.0,152.0,73.0,41.0,25,2017-18,80.9,41.8
25524,P. Djilobodji,DF,1988-12-01,Ligue 1,2700.0,30.0,1478.0,1229.0,0.0,0.0,8.0,18.0,373.0,15356.24999999998,5.0,277.0,16.0,3.0,0.0,33.0,55.0,4.0,51.0,58.0,169.0,221.0,128.0,92.0,29,2017-18,83.2,60.0
25526,J. Martins-Pereira,DF,1986-01-30,Ligue 1,1137.0,14.0,556.0,453.0,2.0,0.0,4.0,19.0,76.0,3176.249999999999,34.0,47.0,6.0,3.0,0.0,29.0,52.0,4.0,15.0,29.0,108.0,64.0,21.0,18.0,31,2017-18,81.5,55.8
340920,L. Blas,MF,1997-12-31,Ligue 1,1809.0,31.0,920.0,797.0,2.0,2.0,9.0,20.0,117.0,5114.55,17.0,72.0,38.0,14.0,3.0,112.0,193.0,20.0,60.0,25.0,121.0,48.0,7.0,19.0,20,2017-18,86.6,58.0
25532,V. Bessat,MF,1985-11-08,Ligue 1,1569.0,24.0,755.0,588.0,6.0,0.0,3.0,38.0,105.0,4370.100000000008,97.0,66.0,15.0,5.0,0.0,48.0,91.0,13.0,11.0,34.0,156.0,53.0,17.0,11.0,32,2017-18,77.9,52.7
25534,I. Cissokho,DF,1985-02-23,Ligue 1,1629.0,19.0,628.0,491.0,2.0,0.0,2.0,12.0,126.0,4713.4500000000035,32.0,101.0,3.0,0.0,0.0,32.0,57.0,14.0,5.0,28.0,139.0,117.0,66.0,21.0,32,2017-18,78.2,56.1
37824,T. Meunier,DF,1991-09-12,Ligue 1,1574.0,24.0,977.0,821.0,13.0,3.0,8.0,50.0,107.0,4610.549999999999,92.0,29.0,11.0,5.0,4.0,33.0,67.0,22.0,59.0,36.0,137.0,86.0,29.0,26.0,26,2017-18,84.0,49.3
29641,B. Pelé,MF,1992-03-25,Ligue 1,1615.0,31.0,549.0,398.0,8.0,1.0,4.0,40.0,60.0,2328.899999999999,73.0,62.0,23.0,8.0,2.0,85.0,164.0,41.0,53.0,16.0,93.0,48.0,12.0,11.0,25,2017-18,72.5,51.8
25552,S. Mandanda,GK,1985-03-28,Ligue 1,2707.0,31.0,590.0,506.0,0.0,0.0,0.0,2.0,314.0,12216.749999999998,0.0,228.0,0.0,0.0,0.0,0.0,0.0,0.0,1.0,1.0,2.0,42.0,9.0,9.0,32,2017-18,85.8,
25557,J. Morel,DF,1984-04-02,Ligue 1,2915.0,33.0,1855.0,1692.0,0.0,0.0,2.0,4.0,477.0,18578.699999999983,0.0,168.0,1.0,0.0,0.0,23.0,36.0,3.0,0.0,47.0,135.0,167.0,75.0,56.0,33,2017-18,91.2,63.9
25562,M. Amalfitano,MF,1985-03-20,Ligue 1,798.0,13.0,255.0,212.0,2.0,0.0,6.0,8.0,31.0,1268.3999999999992,18.0,16.0,10.0,2.0,0.0,37.0,78.0,3.0,26.0,1.0,17.0,17.0,8.0,2.0,32,2017-18,83.1,47.4
256992,A. Fulgini,MF,1996-08-20,Ligue 1,1527.0,29.0,633.0,508.0,6.0,2.0,14.0,29.0,66.0,2862.3000000000015,27.0,40.0,34.0,8.0,3.0,68.0,174.0,16.0,66.0,20.0,104.0,60.0,11.0,12.0,21,2017-18,80.3,39.1
25596,J. Plašil,MF,1982-01-05,Ligue 1,1037.0,22.0,645.0,574.0,3.0,1.0,3.0,18.0,98.0,4097.099999999999,7.0,33.0,7.0,0.0,0.0,24.0,45.0,10.0,7.0,24.0,92.0,74.0,11.0,7.0,36,2017-18,89.0,53.3
27646,P. Capelle,MF,1987-04-15,Ligue 1,1891.0,28.0,744.0,599.0,3.0,1.0,10.0,25.0,99.0,3923.849999999999,34.0,44.0,38.0,10.0,2.0,85.0,183.0,26.0,62.0,39.0,185.0,79.0,21.0,33.0,30,2017-18,80.5,46.4
25598,G. Sertic,MF,1989-08-05,Ligue 1,346.0,7.0,186.0,173.0,0.0,0.0,0.0,3.0,38.0,1685.249999999999,0.0,19.0,6.0,2.0,0.0,4.0,4.0,0.0,18.0,9.0,26.0,27.0,14.0,11.0,28,2017-18,93.0,100.0
25605,E. Sala,FW,1990-10-30,Ligue 1,3078.0,36.0,703.0,475.0,5.0,3.0,12.0,31.0,44.0,2159.8499999999985,14.0,17.0,85.0,27.0,12.0,142.0,389.0,10.0,258.0,16.0,113.0,83.0,39.0,123.0,27,2017-18,67.6,36.5
37896,E. Kawashima,GK,1983-03-20,Ligue 1,2610.0,29.0,460.0,388.0,0.0,0.0,0.0,0.0,283.0,11181.45,0.0,226.0,0.0,0.0,0.0,2.0,2.0,0.0,0.0,2.0,8.0,54.0,8.0,3.0,34,2017-18,84.3,100.0
25616,C. Ben Saada,MF,1984-07-01,Ligue 1,331.0,16.0,173.0,131.0,2.0,0.0,3.0,11.0,24.0,959.6999999999997,7.0,13.0,9.0,2.0,0.0,19.0,51.0,10.0,14.0,7.0,26.0,14.0,2.0,2.0,33,2017-18,75.7,37.3
25625,L. Baal,DF,1986-05-24,Ligue 1,1162.0,17.0,660.0,539.0,2.0,0.0,5.0,15.0,131.0,5139.749999999996,23.0,70.0,0.0,0.0,0.0,47.0,80.0,9.0,6.0,34.0,122.0,69.0,15.0,27.0,31,2017-18,81.7,58.8
412701,I. Sacko,FW,1997-07-19,Ligue 1,961.0,22.0,261.0,205.0,3.0,1.0,4.0,15.0,21.0,794.8499999999997,10.0,4.0,12.0,2.0,0.0,36.0,95.0,8.0,56.0,13.0,61.0,24.0,3.0,13.0,20,2017-18,78.5,37.9
25632,B. Costil,GK,1987-07-03,Ligue 1,3240.0,36.0,689.0,579.0,0.0,0.0,0.0,0.0,374.0,14429.099999999999,0.0,278.0,0.0,0.0,0.0,3.0,3.0,0.0,0.0,0.0,2.0,41.0,9.0,7.0,30,2017-18,84.0,100.0
25633,A. Diallo,GK,1992-03-30,Ligue 1,270.0,3.0,48.0,38.0,0.0,0.0,0.0,0.0,24.0,856.8000000000002,0.0,17.0,0.0,0.0,0.0,0.0,0.0,0.0,0.0,0.0,0.0,3.0,0.0,1.0,25,2017-18,79.2,
25637,R. Danzé,DF,1986-07-03,Ligue 1,683.0,12.0,353.0,288.0,2.0,0.0,1.0,5.0,69.0,2678.55,21.0,37.0,0.0,0.0,0.0,4.0,10.0,2.0,4.0,12.0,49.0,47.0,18.0,13.0,31,2017-18,81.6,40.0
25638,D. Foulquier,DF,1993-03-23,Ligue 1,1238.0,16.0,525.0,415.0,2.0,2.0,2.0,22.0,85.0,3398.85,32.0,49.0,2.0,0.0,0.0,47.0,97.0,17.0,12.0,20.0,120.0,69.0,22.0,7.0,24,2017-18,79.0,48.5
25641,K. Mangane,DF,1983-03-23,Ligue 1,1719.0,20.0,653.0,518.0,1.0,0.0,1.0,10.0,178.0,6940.500000000004,3.0,147.0,14.0,3.0,1.0,11.0,23.0,3.0,55.0,31.0,113.0,113.0,68.0,51.0,34,2017-18,79.3,47.8
54313,S. Ciss,DF,1989-06-15,Ligue 1,145.0,3.0,57.0,44.0,1.0,0.0,0.0,2.0,8.0,366.4500000000001,5.0,7.0,1.0,1.0,0.0,9.0,17.0,1.0,7.0,1.0,8.0,3.0,1.0,3.0,28,2017-18,77.2,52.9
25643,K. Théophile Catherine,DF,1989-10-28,Ligue 1,2164.0,25.0,1055.0,890.0,1.0,0.0,3.0,13.0,222.0,8788.500000000011,4.0,163.0,4.0,0.0,0.0,36.0,55.0,3.0,18.0,56.0,176.0,123.0,64.0,43.0,28,2017-18,84.4,65.5
21550,Gabriel Silva,DF,1991-05-13,Ligue 1,2078.0,25.0,834.0,660.0,5.0,1.0,4.0,33.0,133.0,5059.949999999998,57.0,81.0,12.0,3.0,1.0,87.0,151.0,15.0,23.0,38.0,170.0,117.0,36.0,29.0,26,2017-18,79.1,57.6
25647,J. Féret,MF,1982-07-05,Ligue 1,3062.0,37.0,1487.0,1242.0,8.0,0.0,13.0,38.0,288.0,10595.550000000003,38.0,142.0,25.0,2.0,0.0,93.0,184.0,23.0,31.0,31.0,160.0,187.0,30.0,92.0,35,2017-18,83.5,50.5
5167,Mariano Díaz,FW,1993-08-01,Ligue 1,2514.0,34.0,438.0,327.0,10.0,2.0,11.0,26.0,29.0,1306.2,8.0,15.0,94.0,41.0,18.0,88.0,213.0,23.0,186.0,12.0,66.0,40.0,10.0,35.0,24,2017-18,74.7,41.3
25649,Y. M'Vila,MF,1990-06-29,Ligue 1,1482.0,17.0,1251.0,1108.0,1.0,0.0,0.0,13.0,233.0,9449.999999999998,7.0,129.0,4.0,0.0,0.0,20.0,33.0,1.0,3.0,19.0,74.0,94.0,33.0,29.0,27,2017-18,88.6,60.6
25650,V. Pajot,MF,1990-09-18,Ligue 1,1332.0,20.0,487.0,410.0,1.0,2.0,3.0,8.0,58.0,2495.8500000000013,7.0,31.0,19.0,4.0,2.0,22.0,47.0,2.0,40.0,14.0,87.0,76.0,18.0,76.0,27,2017-18,84.2,46.8
105523,Danilo Avelar,DF,1989-06-09,Ligue 1,1728.0,21.0,655.0,456.0,4.0,0.0,5.0,29.0,121.0,4399.500000000001,67.0,85.0,7.0,1.0,1.0,33.0,83.0,6.0,26.0,43.0,180.0,107.0,41.0,47.0,28,2017-18,69.6,39.8
29748,F. Chafik,DF,1986-10-16,Ligue 1,1620.0,23.0,652.0,499.0,8.0,2.0,3.0,31.0,93.0,3708.5999999999985,52.0,96.0,5.0,1.0,0.0,39.0,87.0,20.0,13.0,39.0,191.0,87.0,27.0,38.0,31,2017-18,76.5,44.8
70711,Mexer,DF,1988-09-08,Ligue 1,1195.0,16.0,469.0,412.0,0.0,0.0,0.0,4.0,81.0,3762.150000000001,4.0,64.0,3.0,0.0,0.0,7.0,13.0,0.0,13.0,14.0,45.0,81.0,41.0,58.0,29,2017-18,87.8,53.8
373817,E. Massouema,MF,1997-06-29,Ligue 1,187.0,6.0,63.0,50.0,1.0,0.0,1.0,0.0,5.0,276.1500000000001,0.0,3.0,1.0,0.0,0.0,4.0,13.0,0.0,2.0,1.0,12.0,10.0,2.0,3.0,20,2017-18,79.4,30.8
472126,J. Serrano,DF,1998-02-13,Ligue 1,279.0,4.0,136.0,95.0,1.0,0.0,1.0,5.0,18.0,698.2500000000002,23.0,16.0,1.0,0.0,0.0,5.0,10.0,3.0,5.0,1.0,23.0,15.0,7.0,7.0,19,2017-18,69.9,50.0
347200,C. Nkunku,MF,1997-11-14,Ligue 1,621.0,20.0,337.0,308.0,1.0,0.0,1.0,10.0,29.0,1301.9999999999998,6.0,6.0,20.0,13.0,4.0,33.0,88.0,12.0,40.0,7.0,45.0,15.0,2.0,4.0,20,2017-18,91.4,37.5
347205,W. Kanga,FW,1998-02-21,Ligue 1,169.0,8.0,31.0,23.0,0.0,0.0,0.0,2.0,1.0,65.1,3.0,0.0,2.0,1.0,0.0,8.0,24.0,1.0,10.0,2.0,9.0,1.0,0.0,2.0,19,2017-18,74.2,33.3
25673,S. Bahoken,FW,1992-05-28,Ligue 1,1667.0,26.0,284.0,204.0,6.0,1.0,7.0,22.0,15.0,774.9000000000003,48.0,5.0,39.0,16.0,7.0,72.0,162.0,10.0,103.0,14.0,80.0,36.0,1.0,22.0,25,2017-18,71.8,44.4
343116,M. Poaty,DF,1997-07-15,Ligue 1,172.0,3.0,72.0,49.0,0.0,0.0,0.0,5.0,9.0,307.65,12.0,7.0,0.0,0.0,0.0,13.0,16.0,3.0,3.0,0.0,6.0,9.0,2.0,1.0,20,2017-18,68.1,81.2
25700,M. Debuchy,DF,1985-07-28,Ligue 1,1315.0,15.0,613.0,468.0,8.0,0.0,2.0,32.0,92.0,3444.0000000000014,58.0,49.0,17.0,6.0,4.0,25.0,52.0,7.0,69.0,24.0,100.0,135.0,31.0,57.0,32,2017-18,76.3,48.1
25704,F. Balmont,MF,1980-02-02,Ligue 1,851.0,20.0,489.0,420.0,1.0,3.0,3.0,17.0,64.0,2958.9000000000015,17.0,44.0,5.0,3.0,1.0,29.0,57.0,4.0,8.0,8.0,58.0,30.0,0.0,1.0,37,2017-18,85.9,50.9
54380,O. Selnæs,MF,1994-07-07,Ligue 1,2059.0,26.0,1186.0,1028.0,3.0,0.0,4.0,13.0,183.0,7554.750000000006,6.0,147.0,13.0,4.0,0.0,23.0,37.0,3.0,13.0,39.0,210.0,141.0,38.0,27.0,23,2017-18,86.7,62.2
25710,A. Soumaoro,DF,1992-06-18,Ligue 1,1194.0,14.0,551.0,520.0,1.0,0.0,0.0,1.0,73.0,3865.0500000000006,1.0,29.0,1.0,0.0,0.0,23.0,43.0,1.0,11.0,10.0,43.0,74.0,26.0,24.0,25,2017-18,94.4,53.5
25714,D. Payet,MF,1987-03-29,Ligue 1,2357.0,31.0,1392.0,1111.0,36.0,8.0,39.0,125.0,224.0,8122.799999999998,108.0,108.0,57.0,18.0,6.0,132.0,231.0,44.0,99.0,17.0,78.0,53.0,0.0,3.0,30,2017-18,79.8,57.1
25715,R. Rodelin,FW,1989-11-18,Ligue 1,3166.0,37.0,1221.0,907.0,14.0,3.0,23.0,65.0,171.0,6755.7,88.0,95.0,103.0,27.0,5.0,139.0,293.0,26.0,177.0,15.0,122.0,88.0,20.0,159.0,28,2017-18,74.3,47.4
25716,N. Roux,FW,1988-03-01,Ligue 1,2844.0,35.0,699.0,524.0,7.0,1.0,12.0,36.0,56.0,2446.499999999999,31.0,30.0,79.0,41.0,15.0,116.0,260.0,18.0,157.0,18.0,120.0,84.0,14.0,67.0,29,2017-18,75.0,44.6
56441,L. Lerager,MF,1993-07-12,Ligue 1,3286.0,37.0,1497.0,1221.0,6.0,1.0,13.0,51.0,238.0,9246.300000000003,29.0,134.0,33.0,13.0,3.0,68.0,145.0,13.0,124.0,87.0,360.0,168.0,24.0,101.0,24,2017-18,81.6,46.9
277629,P. Lees Melou,MF,1993-05-25,Ligue 1,2948.0,34.0,1519.0,1283.0,9.0,5.0,18.0,58.0,174.0,7266.000000000008,54.0,125.0,46.0,21.0,5.0,106.0,207.0,29.0,118.0,49.0,249.0,132.0,18.0,15.0,24,2017-18,84.5,51.2
99453,P. Nakoulma,FW,1987-04-21,Ligue 1,1151.0,18.0,310.0,251.0,4.0,0.0,7.0,15.0,19.0,908.25,7.0,1.0,26.0,9.0,3.0,77.0,194.0,28.0,71.0,7.0,49.0,14.0,0.0,16.0,30,2017-18,81.0,39.7
38015,S. Peeters,MF,1992-02-09,Ligue 1,1105.0,20.0,433.0,322.0,2.0,1.0,4.0,15.0,69.0,2678.5499999999993,20.0,53.0,15.0,6.0,0.0,21.0,54.0,9.0,29.0,18.0,97.0,35.0,6.0,7.0,25,2017-18,74.4,38.9
472194,Y. Adli,MF,2000-07-29,Ligue 1,7.0,1.0,7.0,7.0,0.0,0.0,0.0,0.0,2.0,80.85,0.0,1.0,0.0,0.0,0.0,2.0,2.0,1.0,0.0,0.0,0.0,0.0,0.0,0.0,17,2017-18,100.0,100.0
25741,Y. N'Gbakoto,FW,1992-01-23,Ligue 1,573.0,16.0,170.0,121.0,1.0,0.0,0.0,9.0,10.0,509.24999999999994,18.0,9.0,15.0,6.0,3.0,17.0,50.0,0.0,21.0,6.0,30.0,21.0,2.0,8.0,25,2017-18,71.2,34.0
25743,B. Sarr,MF,1992-01-31,Ligue 1,1784.0,29.0,1094.0,937.0,11.0,2.0,8.0,45.0,132.0,5487.300000000008,81.0,27.0,16.0,2.0,0.0,92.0,184.0,36.0,42.0,58.0,197.0,88.0,19.0,35.0,25,2017-18,85.6,50.0
25745,A. Delort,FW,1991-10-09,Ligue 1,2300.0,32.0,644.0,422.0,17.0,4.0,12.0,61.0,55.0,2071.6499999999983,83.0,40.0,68.0,20.0,5.0,111.0,296.0,7.0,175.0,17.0,99.0,42.0,14.0,105.0,26,2017-18,65.5,37.5
29843,A. Bouka Moutou,DF,1988-11-28,Ligue 1,334.0,6.0,111.0,88.0,2.0,0.0,0.0,6.0,15.0,690.8999999999999,10.0,11.0,2.0,0.0,0.0,15.0,29.0,4.0,5.0,3.0,29.0,16.0,6.0,8.0,29,2017-18,79.3,51.7
93331,K. Mitroglou,FW,1988-03-12,Ligue 1,871.0,18.0,109.0,80.0,2.0,0.0,2.0,10.0,7.0,290.85,3.0,2.0,39.0,19.0,9.0,12.0,46.0,0.0,101.0,2.0,11.0,5.0,2.0,26.0,29,2017-18,73.4,26.1
246946,E. Skhiri,MF,1995-05-10,Ligue 1,3052.0,35.0,1525.0,1315.0,4.0,0.0,7.0,23.0,198.0,8965.950000000008,12.0,123.0,36.0,10.0,4.0,82.0,152.0,10.0,33.0,71.0,245.0,216.0,30.0,38.0,22,2017-18,86.2,53.9
25764,Y. Cahuzac,MF,1985-01-18,Ligue 1,1520.0,20.0,522.0,444.0,2.0,0.0,0.0,4.0,78.0,3308.550000000001,3.0,55.0,3.0,2.0,0.0,26.0,47.0,2.0,15.0,30.0,130.0,104.0,34.0,38.0,32,2017-18,85.1,55.3
25770,F. Thauvin,FW,1993-01-26,Ligue 1,2965.0,35.0,1656.0,1279.0,26.0,8.0,29.0,116.0,196.0,7734.300000000005,143.0,113.0,123.0,49.0,22.0,310.0,575.0,49.0,266.0,24.0,127.0,81.0,17.0,12.0,24,2017-18,77.2,53.9
25776,W. Khazri,MF,1991-02-08,Ligue 1,1948.0,24.0,610.0,474.0,8.0,1.0,8.0,30.0,64.0,2490.5999999999976,27.0,54.0,60.0,23.0,9.0,139.0,295.0,32.0,114.0,17.0,100.0,47.0,3.0,16.0,26,2017-18,77.7,47.1
101555,T. Hubočan,DF,1985-09-17,Ligue 1,90.0,1.0,25.0,20.0,0.0,0.0,0.0,1.0,2.0,50.4,2.0,1.0,0.0,0.0,0.0,2.0,5.0,0.0,2.0,0.0,10.0,0.0,2.0,4.0,32,2017-18,80.0,40.0
25781,Y. Pelé,GK,1982-11-04,Ligue 1,734.0,10.0,141.0,128.0,0.0,0.0,0.0,0.0,77.0,2686.95,0.0,44.0,0.0,0.0,0.0,1.0,1.0,0.0,1.0,0.0,1.0,7.0,4.0,7.0,35,2017-18,90.8,100.0
25784,A. Abdennour,DF,1989-08-06,Ligue 1,499.0,7.0,319.0,302.0,0.0,0.0,0.0,0.0,49.0,2389.8,0.0,16.0,2.0,1.0,0.0,8.0,9.0,0.0,10.0,10.0,33.0,23.0,11.0,8.0,28,2017-18,94.7,88.9
25786,D. Congré,DF,1985-04-05,Ligue 1,2633.0,32.0,1210.0,1033.0,1.0,0.0,1.0,6.0,279.0,10786.650000000003,17.0,145.0,8.0,2.0,1.0,21.0,38.0,2.0,34.0,59.0,216.0,153.0,58.0,75.0,32,2017-18,85.4,55.3
482491,Z. Youssouf,MF,1999-07-11,Ligue 1,127.0,5.0,49.0,34.0,0.0,0.0,1.0,2.0,3.0,115.5,1.0,4.0,3.0,0.0,0.0,7.0,34.0,4.0,5.0,1.0,11.0,3.0,0.0,3.0,18,2017-18,69.4,20.6
25789,C. M'Bengue,DF,1988-07-23,Ligue 1,490.0,7.0,160.0,126.0,1.0,0.0,1.0,1.0,39.0,1395.4499999999994,4.0,29.0,1.0,1.0,0.0,1.0,4.0,0.0,2.0,6.0,38.0,28.0,10.0,11.0,29,2017-18,78.8,25.0
48318,Jonathan Cafu,FW,1991-07-10,Ligue 1,623.0,19.0,298.0,243.0,3.0,0.0,4.0,15.0,19.0,919.8000000000002,17.0,6.0,14.0,6.0,2.0,68.0,141.0,12.0,53.0,12.0,61.0,17.0,1.0,5.0,26,2017-18,81.5,48.2
25791,S. Yago,DF,1992-12-16,Ligue 1,1573.0,21.0,518.0,402.0,3.0,0.0,2.0,15.0,108.0,4257.750000000005,18.0,78.0,1.0,1.0,0.0,46.0,75.0,11.0,12.0,37.0,185.0,112.0,35.0,14.0,25,2017-18,77.6,61.3
25800,É. Didot,MF,1983-07-24,Ligue 1,1636.0,23.0,948.0,771.0,1.0,1.0,3.0,22.0,152.0,6184.500000000004,24.0,117.0,13.0,4.0,2.0,28.0,63.0,3.0,7.0,36.0,141.0,85.0,27.0,20.0,34,2017-18,81.3,44.4
3276,A. Rami,DF,1985-12-27,Ligue 1,2957.0,33.0,1770.0,1584.0,3.0,1.0,2.0,9.0,351.0,15633.450000000015,3.0,195.0,12.0,2.0,1.0,21.0,33.0,12.0,45.0,46.0,174.0,163.0,66.0,99.0,32,2017-18,89.5,63.6
25805,F. Tabanou,MF,1989-01-30,Ligue 1,1047.0,14.0,458.0,352.0,3.0,2.0,1.0,18.0,81.0,3088.0499999999993,48.0,59.0,2.0,0.0,0.0,26.0,46.0,5.0,5.0,19.0,95.0,55.0,22.0,22.0,28,2017-18,76.9,56.5
38095,S. Gakpé,FW,1987-05-07,Ligue 1,1862.0,29.0,479.0,355.0,1.0,1.0,5.0,16.0,53.0,2249.1,33.0,21.0,30.0,13.0,3.0,71.0,148.0,12.0,76.0,10.0,90.0,49.0,8.0,16.0,30,2017-18,74.1,48.0
25809,E. Rivière,FW,1990-03-03,Ligue 1,2015.0,28.0,518.0,401.0,4.0,2.0,4.0,19.0,22.0,1057.35,7.0,10.0,64.0,22.0,5.0,62.0,224.0,11.0,191.0,12.0,86.0,21.0,1.0,79.0,27,2017-18,77.4,27.7
25826,B. André,MF,1990-08-03,Ligue 1,3043.0,34.0,1682.0,1402.0,4.0,2.0,18.0,34.0,209.0,8631.000000000002,26.0,123.0,29.0,9.0,3.0,104.0,255.0,6.0,93.0,67.0,296.0,231.0,37.0,193.0,27,2017-18,83.4,40.8
25829,P. Lasne,MF,1989-01-16,Ligue 1,3064.0,37.0,1673.0,1390.0,4.0,2.0,14.0,39.0,281.0,10576.649999999996,55.0,164.0,45.0,11.0,1.0,127.0,223.0,23.0,49.0,43.0,235.0,120.0,20.0,54.0,28,2017-18,83.1,57.0
25835,F. Sammaritano,MF,1986-03-23,Ligue 1,1434.0,26.0,575.0,463.0,6.0,4.0,5.0,30.0,70.0,2767.7999999999984,41.0,29.0,29.0,12.0,0.0,69.0,141.0,15.0,82.0,19.0,105.0,43.0,11.0,3.0,31,2017-18,80.5,48.9
3308,Pedro Mendes,DF,1990-10-01,Ligue 1,2856.0,34.0,1305.0,1104.0,0.0,0.0,2.0,18.0,285.0,11548.950000000013,10.0,219.0,9.0,3.0,1.0,39.0,70.0,1.0,38.0,55.0,242.0,185.0,93.0,67.0,27,2017-18,84.6,55.7
3314,Á. di María,MF,1988-02-14,Ligue 1,2121.0,30.0,1117.0,839.0,18.0,3.0,27.0,86.0,114.0,4610.550000000001,127.0,77.0,101.0,40.0,11.0,126.0,224.0,28.0,185.0,12.0,68.0,42.0,5.0,0.0,29,2017-18,75.1,56.2
3315,L. Diarra,MF,1985-03-10,Ligue 1,609.0,10.0,483.0,449.0,1.0,0.0,0.0,5.0,76.0,3396.7500000000005,1.0,37.0,0.0,0.0,0.0,40.0,68.0,4.0,2.0,8.0,48.0,17.0,7.0,10.0,32,2017-18,93.0,58.8
25845,S. Ruffier,GK,1986-09-27,Ligue 1,3060.0,34.0,679.0,583.0,0.0,0.0,0.0,0.0,344.0,13726.650000000001,0.0,297.0,0.0,0.0,0.0,0.0,0.0,0.0,1.0,0.0,0.0,30.0,11.0,4.0,31,2017-18,85.9,
25846,Y. Andreu,DF,1989-05-03,Ligue 1,2070.0,23.0,919.0,750.0,6.0,2.0,0.0,31.0,154.0,6041.700000000004,61.0,104.0,4.0,1.0,0.0,47.0,102.0,4.0,15.0,40.0,161.0,103.0,32.0,35.0,28,2017-18,81.6,46.1
408827,B. Srarfi,MF,1997-06-25,Ligue 1,865.0,24.0,358.0,297.0,1.0,0.0,2.0,14.0,25.0,1201.1999999999996,18.0,18.0,23.0,6.0,3.0,75.0,144.0,17.0,56.0,11.0,65.0,33.0,6.0,7.0,20,2017-18,83.0,52.1
25859,I. Diomandé,MF,1992-08-28,Ligue 1,746.0,11.0,273.0,235.0,0.0,1.0,1.0,3.0,49.0,2361.4500000000007,2.0,47.0,3.0,0.0,0.0,7.0,9.0,6.0,8.0,10.0,40.0,42.0,13.0,4.0,25,2017-18,86.1,77.8
25860,M. Gradel,FW,1987-11-30,Ligue 1,2467.0,29.0,850.0,540.0,22.0,1.0,16.0,71.0,94.0,3760.0500000000025,167.0,75.0,70.0,26.0,8.0,255.0,522.0,46.0,186.0,44.0,210.0,88.0,21.0,14.0,30,2017-18,63.5,48.9
3334,Dani Alves,DF,1983-05-06,Ligue 1,2096.0,25.0,1833.0,1573.0,18.0,5.0,23.0,95.0,216.0,10266.900000000007,104.0,153.0,28.0,6.0,1.0,81.0,154.0,19.0,57.0,54.0,226.0,105.0,9.0,19.0,34,2017-18,85.8,52.6
25864,L. Perrin,DF,1985-08-07,Ligue 1,2466.0,28.0,1440.0,1303.0,2.0,1.0,1.0,11.0,330.0,13179.599999999999,2.0,135.0,12.0,1.0,0.0,23.0,35.0,3.0,35.0,49.0,142.0,168.0,72.0,78.0,32,2017-18,90.5,65.7
25883,J. Sorbon,DF,1983-08-05,Ligue 1,2610.0,29.0,1058.0,948.0,0.0,0.0,0.0,3.0,207.0,9010.049999999997,0.0,114.0,5.0,1.0,0.0,20.0,38.0,1.0,23.0,56.0,169.0,182.0,80.0,39.0,34,2017-18,89.6,52.6
25889,R. Hamouma,FW,1987-03-29,Ligue 1,1852.0,29.0,532.0,412.0,7.0,1.0,5.0,37.0,43.0,1821.7499999999989,53.0,13.0,41.0,15.0,5.0,79.0,169.0,17.0,107.0,22.0,89.0,35.0,10.0,23.0,30,2017-18,77.4,46.7
326946,R. Coly,DF,1995-12-08,Ligue 1,618.0,7.0,355.0,316.0,1.0,0.0,1.0,8.0,28.0,1544.5499999999988,15.0,4.0,2.0,0.0,0.0,25.0,48.0,12.0,7.0,11.0,62.0,42.0,9.0,10.0,22,2017-18,89.0,52.1
25891,B. Nivet,MF,1977-01-02,Ligue 1,1361.0,25.0,661.0,529.0,5.0,2.0,14.0,33.0,86.0,3576.3000000000006,14.0,43.0,17.0,4.0,2.0,35.0,100.0,5.0,47.0,19.0,119.0,57.0,17.0,16.0,41,2017-18,80.0,35.0
97582,M. Konaté,FW,1993-04-03,Ligue 1,2481.0,33.0,438.0,317.0,5.0,1.0,3.0,30.0,29.0,1199.1000000000004,29.0,16.0,63.0,25.0,13.0,106.0,299.0,15.0,161.0,8.0,62.0,40.0,7.0,73.0,24,2017-18,72.4,35.5
70959,Edgar Ié,DF,1994-05-01,Ligue 1,3147.0,35.0,1684.0,1441.0,0.0,0.0,4.0,18.0,306.0,12661.950000000004,39.0,133.0,14.0,4.0,1.0,55.0,102.0,4.0,54.0,94.0,351.0,230.0,82.0,84.0,23,2017-18,85.6,53.9
99633,I. Lewczuk,DF,1985-05-30,Ligue 1,435.0,7.0,163.0,131.0,3.0,0.0,1.0,8.0,26.0,1054.2,12.0,9.0,0.0,0.0,0.0,4.0,10.0,0.0,4.0,8.0,45.0,15.0,4.0,12.0,32,2017-18,80.4,40.0
27955,G. Laborde,FW,1994-05-03,Ligue 1,954.0,19.0,205.0,143.0,2.0,0.0,1.0,5.0,9.0,382.19999999999993,16.0,5.0,25.0,12.0,3.0,34.0,113.0,11.0,91.0,7.0,43.0,10.0,2.0,46.0,23,2017-18,69.8,30.1
27958,T. Pellenard,DF,1994-03-04,Ligue 1,1427.0,18.0,731.0,568.0,4.0,1.0,6.0,29.0,142.0,5248.950000000001,53.0,82.0,1.0,0.0,0.0,36.0,75.0,10.0,14.0,27.0,135.0,66.0,23.0,20.0,23,2017-18,77.7,48.0
27959,T. Touré,FW,1993-12-27,Ligue 1,130.0,8.0,49.0,42.0,1.0,1.0,1.0,5.0,7.0,236.25000000000003,1.0,1.0,7.0,0.0,0.0,11.0,26.0,1.0,9.0,3.0,23.0,5.0,1.0,1.0,24,2017-18,85.7,42.3
25919,J. Palmieri,DF,1987-12-17,Ligue 1,1177.0,15.0,457.0,363.0,3.0,0.0,5.0,17.0,65.0,2741.5500000000015,35.0,39.0,3.0,1.0,0.0,25.0,52.0,2.0,11.0,23.0,104.0,60.0,19.0,13.0,30,2017-18,79.4,48.1
25923,N. de Préville,FW,1991-01-08,Ligue 1,2230.0,33.0,690.0,507.0,5.0,4.0,9.0,41.0,64.0,2424.4500000000003,50.0,31.0,65.0,16.0,6.0,148.0,354.0,37.0,175.0,37.0,146.0,68.0,12.0,33.0,27,2017-18,73.5,41.8
70981,Marçal,DF,1989-02-19,Ligue 1,1293.0,18.0,827.0,702.0,5.0,3.0,1.0,16.0,125.0,4675.649999999999,27.0,56.0,1.0,0.0,0.0,40.0,65.0,5.0,12.0,23.0,123.0,83.0,36.0,32.0,28,2017-18,84.9,61.5
290119,M. Niakhaté,DF,1996-03-08,Ligue 1,3104.0,35.0,1311.0,1098.0,0.0,1.0,4.0,11.0,324.0,12344.850000000006,10.0,183.0,17.0,3.0,0.0,48.0,74.0,17.0,44.0,72.0,229.0,198.0,98.0,76.0,21,2017-18,83.8,64.9
396616,R. Pierre-Gabriel,DF,1998-06-13,Ligue 1,1210.0,16.0,483.0,411.0,2.0,0.0,3.0,9.0,75.0,3034.4999999999986,13.0,32.0,6.0,3.0,0.0,45.0,81.0,10.0,12.0,26.0,111.0,35.0,23.0,10.0,19,2017-18,85.1,55.6
25930,M. Samassa,GK,1990-02-16,Ligue 1,1890.0,21.0,325.0,273.0,0.0,0.0,0.0,1.0,161.0,7000.350000000002,0.0,131.0,0.0,0.0,0.0,1.0,1.0,0.0,0.0,1.0,4.0,45.0,7.0,7.0,27,2017-18,84.0,100.0
25937,F. Bellugou,DF,1987-04-25,Ligue 1,2229.0,30.0,927.0,767.0,1.0,0.0,2.0,9.0,129.0,5478.9,6.0,112.0,1.0,0.0,0.0,34.0,71.0,1.0,21.0,44.0,170.0,115.0,26.0,55.0,30,2017-18,82.7,47.9
25938,C. Charrier,MF,1986-05-27,Ligue 1,104.0,3.0,64.0,53.0,0.0,0.0,3.0,3.0,8.0,280.35,4.0,6.0,2.0,0.0,0.0,5.0,20.0,0.0,5.0,0.0,4.0,2.0,0.0,0.0,31,2017-18,82.8,25.0
25939,M. Diallo,MF,1986-05-14,Ligue 1,1380.0,26.0,528.0,462.0,1.0,0.0,5.0,4.0,58.0,2658.5999999999995,2.0,25.0,34.0,17.0,5.0,27.0,48.0,3.0,80.0,30.0,122.0,65.0,12.0,102.0,31,2017-18,87.5,56.2
396628,N. Basin,DF,1998-07-22,Ligue 1,312.0,5.0,126.0,88.0,1.0,0.0,2.0,4.0,20.0,733.95,7.0,28.0,2.0,1.0,1.0,5.0,7.0,1.0,3.0,7.0,34.0,17.0,7.0,5.0,19,2017-18,69.8,71.4
25941,T. Giresse,MF,1981-05-25,Ligue 1,22.0,3.0,15.0,11.0,0.0,0.0,0.0,1.0,1.0,42.00000000000001,1.0,0.0,1.0,0.0,0.0,0.0,0.0,0.0,0.0,0.0,0.0,0.0,1.0,0.0,36,2017-18,73.3,
25942,G. Imbula,MF,1992-09-12,Ligue 1,2255.0,28.0,1140.0,1014.0,3.0,0.0,8.0,18.0,164.0,6695.8499999999985,11.0,64.0,34.0,10.0,1.0,178.0,307.0,43.0,29.0,25.0,118.0,65.0,5.0,17.0,25,2017-18,88.9,58.0
25943,C. Kerbrat,DF,1986-04-02,Ligue 1,3321.0,37.0,1621.0,1377.0,0.0,0.0,3.0,9.0,389.0,15924.300000000017,5.0,299.0,8.0,2.0,1.0,20.0,32.0,3.0,40.0,65.0,208.0,241.0,156.0,46.0,31,2017-18,84.9,62.5
255320,Boschilia,MF,1996-03-05,Ligue 1,79.0,4.0,42.0,34.0,0.0,0.0,0.0,0.0,1.0,73.5,2.0,2.0,4.0,1.0,0.0,5.0,13.0,2.0,3.0,1.0,9.0,2.0,0.0,0.0,21,2017-18,81.0,38.5
138577,C. Philipps,MF,1994-03-08,Ligue 1,852.0,11.0,429.0,356.0,2.0,0.0,3.0,8.0,72.0,3031.3500000000013,5.0,65.0,4.0,1.0,0.0,12.0,34.0,1.0,7.0,19.0,82.0,49.0,6.0,9.0,23,2017-18,83.0,35.3
25947,B. Sankoh,DF,1992-03-20,Ligue 1,1536.0,26.0,518.0,437.0,1.0,0.0,1.0,6.0,63.0,2893.7999999999993,4.0,27.0,3.0,1.0,0.0,48.0,89.0,4.0,10.0,39.0,133.0,107.0,33.0,31.0,25,2017-18,84.4,53.9
38236,J. Delaplace,MF,1986-03-20,Ligue 1,579.0,12.0,210.0,157.0,2.0,1.0,0.0,7.0,20.0,1114.05,9.0,23.0,8.0,1.0,0.0,12.0,24.0,4.0,10.0,10.0,57.0,35.0,10.0,7.0,31,2017-18,74.8,50.0
134494,V. Germain,FW,1990-04-17,Ligue 1,2169.0,35.0,470.0,360.0,7.0,4.0,6.0,32.0,24.0,1356.5999999999997,33.0,14.0,52.0,28.0,9.0,20.0,71.0,2.0,154.0,12.0,62.0,37.0,15.0,46.0,27,2017-18,76.6,28.2
134496,M. Maignan,GK,1995-07-03,Ligue 1,3060.0,34.0,721.0,645.0,0.0,0.0,0.0,0.0,348.0,12330.150000000016,0.0,169.0,0.0,0.0,0.0,14.0,17.0,0.0,1.0,2.0,2.0,57.0,9.0,15.0,22,2017-18,89.5,82.4
25957,K. Adénon,DF,1985-07-28,Ligue 1,2919.0,34.0,1105.0,954.0,0.0,1.0,0.0,4.0,233.0,9858.449999999993,0.0,120.0,4.0,0.0,0.0,23.0,41.0,0.0,25.0,65.0,228.0,244.0,144.0,66.0,32,2017-18,86.3,56.1
374118,Q. Boisgard,MF,1997-03-17,Ligue 1,178.0,6.0,79.0,51.0,1.0,0.0,2.0,3.0,8.0,285.6000000000001,9.0,2.0,1.0,1.0,0.0,15.0,32.0,1.0,12.0,1.0,15.0,4.0,1.0,5.0,20,2017-18,64.6,46.9
40301,Lucas Lima,DF,1991-10-10,Ligue 1,2658.0,33.0,1144.0,807.0,14.0,1.0,5.0,69.0,247.0,9313.499999999996,163.0,182.0,31.0,8.0,2.0,90.0,219.0,20.0,27.0,53.0,258.0,160.0,43.0,43.0,26,2017-18,70.5,41.1
134512,C. Jean,FW,1995-07-15,Ligue 1,1686.0,32.0,448.0,328.0,9.0,2.0,5.0,31.0,38.0,1567.6499999999999,57.0,40.0,25.0,8.0,1.0,80.0,139.0,18.0,50.0,9.0,77.0,41.0,6.0,21.0,22,2017-18,73.2,57.6
3450,R. Falcao,FW,1986-02-10,Ligue 1,2140.0,26.0,504.0,410.0,3.0,3.0,5.0,22.0,26.0,1243.2000000000003,9.0,16.0,65.0,31.0,18.0,114.0,269.0,9.0,170.0,8.0,57.0,38.0,5.0,40.0,31,2017-18,81.3,42.4
247162,Brandon,FW,1995-02-04,Ligue 1,353.0,10.0,102.0,81.0,2.0,0.0,3.0,7.0,4.0,222.60000000000005,11.0,0.0,5.0,4.0,1.0,23.0,53.0,5.0,19.0,11.0,39.0,16.0,3.0,2.0,22,2017-18,79.4,43.4
437636,J. Deminguet,MF,1998-01-07,Ligue 1,531.0,12.0,184.0,133.0,1.0,1.0,0.0,6.0,15.0,721.3500000000004,26.0,12.0,6.0,5.0,1.0,18.0,52.0,12.0,14.0,10.0,50.0,27.0,10.0,9.0,19,2017-18,72.3,34.6
25988,H. Bedimo,DF,1984-06-04,Ligue 1,40.0,3.0,20.0,18.0,0.0,0.0,0.0,0.0,5.0,131.25,0.0,3.0,0.0,0.0,0.0,2.0,3.0,0.0,0.0,0.0,1.0,2.0,1.0,1.0,33,2017-18,90.0,66.7
25990,M. Deplagne,DF,1991-10-01,Ligue 1,2437.0,28.0,1016.0,839.0,5.0,2.0,0.0,19.0,172.0,7146.299999999999,55.0,106.0,6.0,3.0,0.0,58.0,112.0,13.0,27.0,47.0,199.0,179.0,42.0,56.0,26,2017-18,82.6,51.8
25993,Hilton,DF,1977-09-13,Ligue 1,2430.0,27.0,1000.0,823.0,0.0,0.0,1.0,12.0,294.0,10907.399999999996,4.0,251.0,18.0,4.0,0.0,26.0,39.0,4.0,40.0,56.0,161.0,164.0,68.0,67.0,40,2017-18,82.3,66.7
134540,L. Kurzawa,DF,1992-09-04,Ligue 1,1705.0,20.0,919.0,794.0,3.0,0.0,4.0,24.0,80.0,3826.199999999997,52.0,17.0,18.0,3.0,2.0,39.0,86.0,11.0,79.0,31.0,152.0,87.0,21.0,37.0,25,2017-18,86.4,45.3
25996,M. Yanga-Mbiwa,DF,1989-05-15,Ligue 1,129.0,2.0,100.0,93.0,0.0,0.0,0.0,0.0,18.0,847.3500000000003,0.0,3.0,0.0,0.0,0.0,1.0,1.0,0.0,0.0,4.0,9.0,1.0,3.0,0.0,28,2017-18,93.0,100.0
134542,N. Mendy,MF,1992-06-23,Ligue 1,967.0,14.0,707.0,654.0,0.0,1.0,1.0,3.0,92.0,4072.9500000000003,0.0,47.0,1.0,0.0,0.0,21.0,40.0,2.0,0.0,12.0,84.0,40.0,5.0,2.0,25,2017-18,92.5,52.5
25999,R. Cabella,MF,1990-03-08,Ligue 1,2321.0,29.0,1454.0,1228.0,8.0,5.0,26.0,85.0,198.0,7943.250000000004,61.0,69.0,60.0,26.0,8.0,199.0,363.0,54.0,123.0,42.0,184.0,58.0,4.0,7.0,27,2017-18,84.5,54.8
253333,A. Blin,MF,1996-09-16,Ligue 1,1883.0,26.0,727.0,594.0,0.0,3.0,1.0,10.0,115.0,4636.800000000001,19.0,78.0,9.0,3.0,1.0,39.0,76.0,4.0,34.0,34.0,198.0,110.0,19.0,44.0,21,2017-18,81.7,51.3
26006,J. Tinhan,FW,1989-06-01,Ligue 1,69.0,5.0,19.0,9.0,0.0,0.0,0.0,1.0,0.0,30.450000000000003,4.0,0.0,0.0,0.0,0.0,4.0,10.0,0.0,6.0,1.0,4.0,3.0,1.0,1.0,28,2017-18,47.4,40.0
28055,Q. Beunardeau,GK,1994-02-27,Ligue 1,38.0,1.0,13.0,11.0,0.0,0.0,0.0,0.0,10.0,412.6500000000001,0.0,9.0,0.0,0.0,0.0,0.0,0.0,0.0,0.0,0.0,0.0,0.0,0.0,0.0,23,2017-18,84.6,
26008,S. Camara,FW,1982-12-22,Ligue 1,923.0,24.0,225.0,164.0,4.0,1.0,1.0,10.0,16.0,642.6000000000003,14.0,5.0,18.0,6.0,2.0,27.0,79.0,5.0,64.0,4.0,24.0,16.0,10.0,32.0,35,2017-18,72.9,34.2
273819,Xeka,MF,1994-11-10,Ligue 1,1408.0,18.0,637.0,539.0,1.0,1.0,3.0,23.0,86.0,3315.899999999999,10.0,68.0,32.0,10.0,2.0,59.0,130.0,6.0,58.0,27.0,128.0,67.0,21.0,14.0,23,2017-18,84.6,45.4
26016,B. Lecomte,GK,1991-04-26,Ligue 1,3420.0,38.0,695.0,580.0,0.0,0.0,0.0,0.0,419.0,15478.050000000003,0.0,285.0,0.0,0.0,0.0,3.0,3.0,0.0,0.0,1.0,2.0,62.0,8.0,18.0,26,2017-18,83.5,100.0
142755,B. Traoré,FW,1995-09-06,Ligue 1,2293.0,31.0,1003.0,836.0,7.0,3.0,17.0,46.0,84.0,3672.8999999999996,34.0,32.0,79.0,30.0,13.0,130.0,270.0,26.0,156.0,15.0,97.0,101.0,28.0,30.0,22,2017-18,83.3,48.1
101795,L. Traoré,FW,1990-08-20,Ligue 1,775.0,18.0,149.0,103.0,1.0,2.0,0.0,4.0,12.0,552.3,2.0,11.0,7.0,4.0,0.0,37.0,128.0,3.0,63.0,9.0,35.0,22.0,13.0,73.0,27,2017-18,69.1,28.9
26024,W. Lautoa,DF,1987-08-25,Ligue 1,622.0,10.0,276.0,240.0,0.0,0.0,0.0,1.0,41.0,1798.6499999999994,1.0,34.0,1.0,0.0,0.0,8.0,15.0,2.0,5.0,15.0,54.0,35.0,16.0,19.0,30,2017-18,87.0,53.3
28073,S. Ngom,FW,1993-03-07,Ligue 1,458.0,12.0,140.0,109.0,3.0,0.0,4.0,9.0,13.0,481.95000000000005,9.0,5.0,9.0,4.0,1.0,38.0,75.0,1.0,45.0,4.0,33.0,14.0,2.0,8.0,24,2017-18,77.9,50.7
26033,Y. Jouffre,MF,1984-07-23,Ligue 1,277.0,4.0,165.0,143.0,2.0,0.0,2.0,3.0,19.0,950.2499999999999,8.0,17.0,1.0,0.0,0.0,9.0,26.0,0.0,5.0,4.0,18.0,6.0,1.0,1.0,33,2017-18,86.7,34.6
26042,K. Monnet-Paquet,FW,1988-08-19,Ligue 1,1770.0,30.0,635.0,517.0,8.0,2.0,3.0,41.0,46.0,2419.2000000000003,43.0,17.0,24.0,10.0,2.0,73.0,209.0,22.0,106.0,31.0,150.0,57.0,12.0,30.0,29,2017-18,81.4,34.9
26044,G. Sunu,FW,1991-03-30,Ligue 1,645.0,20.0,226.0,183.0,0.0,0.0,5.0,12.0,23.0,958.6499999999997,23.0,1.0,10.0,2.0,1.0,38.0,100.0,10.0,28.0,0.0,29.0,14.0,0.0,18.0,26,2017-18,81.0,38.0
85438,R. Berič,FW,1991-06-17,Ligue 1,1044.0,15.0,160.0,119.0,1.0,1.0,2.0,4.0,3.0,322.35,7.0,3.0,22.0,14.0,7.0,28.0,87.0,1.0,58.0,8.0,47.0,21.0,2.0,15.0,26,2017-18,74.4,32.2
26046,L. Bonnefoi,GK,1983-09-20,Ligue 1,270.0,3.0,37.0,32.0,0.0,0.0,0.0,0.0,23.0,886.2,0.0,16.0,0.0,0.0,0.0,0.0,0.0,0.0,0.0,0.0,0.0,3.0,1.0,1.0,34,2017-18,86.5,
449985,A. Gouiri,FW,2000-02-16,Ligue 1,79.0,7.0,18.0,14.0,0.0,0.0,0.0,0.0,0.0,30.450000000000003,1.0,1.0,3.0,2.0,0.0,7.0,11.0,0.0,6.0,2.0,7.0,2.0,0.0,0.0,17,2017-18,77.8,63.6
300485,Malcom,FW,1997-02-26,Ligue 1,2858.0,35.0,1327.0,1095.0,17.0,4.0,18.0,112.0,140.0,5939.850000000005,88.0,62.0,74.0,32.0,12.0,300.0,558.0,77.0,148.0,14.0,107.0,47.0,2.0,17.0,20,2017-18,82.5,53.8
26055,J. Ielsch,DF,1983-03-05,Ligue 1,615.0,11.0,213.0,154.0,1.0,0.0,2.0,8.0,33.0,1318.8,7.0,31.0,6.0,0.0,0.0,13.0,30.0,3.0,11.0,16.0,70.0,35.0,10.0,3.0,34,2017-18,72.3,43.3
26065,J. Martin,MF,1990-04-09,Ligue 1,3039.0,36.0,1584.0,1401.0,6.0,1.0,8.0,38.0,201.0,8238.30000000001,28.0,78.0,27.0,11.0,4.0,89.0,193.0,10.0,64.0,55.0,225.0,126.0,26.0,61.0,27,2017-18,88.4,46.1
28115,N. Fekir,MF,1993-07-18,Ligue 1,2481.0,30.0,1083.0,929.0,12.0,3.0,19.0,77.0,128.0,5766.600000000008,32.0,49.0,92.0,48.0,18.0,299.0,534.0,32.0,175.0,30.0,180.0,30.0,2.0,21.0,24,2017-18,85.8,56.0
26068,L. Puyo,MF,1988-12-19,Ligue 1,165.0,8.0,110.0,89.0,1.0,0.0,0.0,5.0,23.0,786.45,4.0,22.0,1.0,0.0,0.0,2.0,10.0,0.0,2.0,4.0,21.0,16.0,6.0,0.0,29,2017-18,80.9,20.0
28117,R. Ghezzal,MF,1992-05-09,Ligue 1,992.0,26.0,511.0,396.0,5.0,3.0,10.0,32.0,48.0,2234.4000000000005,31.0,34.0,29.0,7.0,2.0,89.0,174.0,23.0,69.0,18.0,102.0,46.0,1.0,8.0,25,2017-18,77.5,51.1
26069,H. Bazile,FW,1990-03-18,Ligue 1,878.0,19.0,274.0,172.0,2.0,0.0,2.0,15.0,20.0,732.9,68.0,14.0,18.0,5.0,0.0,79.0,167.0,6.0,36.0,17.0,63.0,58.0,3.0,12.0,27,2017-18,62.8,47.3
28122,Y. Benzia,FW,1994-09-08,Ligue 1,2304.0,31.0,1273.0,1054.0,11.0,4.0,29.0,53.0,169.0,6891.149999999999,30.0,78.0,28.0,8.0,1.0,163.0,287.0,26.0,46.0,51.0,233.0,75.0,8.0,12.0,23,2017-18,82.8,56.8
28123,C. N'Jie,FW,1993-08-15,Ligue 1,869.0,22.0,188.0,152.0,3.0,3.0,5.0,15.0,17.0,629.9999999999998,12.0,5.0,32.0,13.0,7.0,46.0,99.0,13.0,73.0,6.0,45.0,7.0,1.0,8.0,24,2017-18,80.9,46.5
144867,K. Malcuit,DF,1991-07-31,Ligue 1,1817.0,23.0,1032.0,827.0,6.0,5.0,9.0,41.0,149.0,6227.550000000006,75.0,64.0,10.0,3.0,0.0,136.0,242.0,42.0,38.0,52.0,171.0,99.0,28.0,13.0,26,2017-18,80.1,56.2
26085,F. Pogba,DF,1990-08-19,Ligue 1,322.0,5.0,129.0,101.0,1.0,0.0,1.0,5.0,34.0,1225.3500000000001,9.0,20.0,0.0,0.0,0.0,5.0,7.0,0.0,1.0,2.0,17.0,20.0,11.0,6.0,27,2017-18,78.3,71.4
26086,I. Traoré,DF,1986-08-18,Ligue 1,2857.0,32.0,1070.0,915.0,0.0,0.0,0.0,4.0,221.0,9721.950000000012,1.0,144.0,14.0,7.0,3.0,21.0,40.0,5.0,39.0,54.0,180.0,150.0,78.0,43.0,31,2017-18,85.5,52.5
26093,M. Le Bihan,FW,1990-05-16,Ligue 1,100.0,7.0,47.0,41.0,1.0,0.0,0.0,4.0,2.0,124.95000000000002,3.0,1.0,1.0,0.0,0.0,6.0,19.0,0.0,9.0,0.0,4.0,1.0,0.0,1.0,27,2017-18,87.2,31.6
26100,N. Sliti,MF,1992-07-27,Ligue 1,2299.0,31.0,769.0,564.0,17.0,4.0,19.0,74.0,99.0,4150.649999999999,52.0,50.0,56.0,25.0,7.0,258.0,444.0,54.0,103.0,34.0,154.0,57.0,3.0,12.0,25,2017-18,73.3,58.1
470517,L. Goudiaby,MF,1997-01-09,Ligue 1,85.0,2.0,24.0,20.0,0.0,0.0,0.0,1.0,5.0,161.70000000000002,1.0,0.0,0.0,0.0,0.0,3.0,6.0,0.0,1.0,1.0,10.0,9.0,1.0,0.0,20,2017-18,83.3,50.0
144884,C. Jullien,DF,1993-03-22,Ligue 1,2607.0,30.0,1102.0,942.0,2.0,0.0,2.0,6.0,339.0,12322.8,5.0,191.0,22.0,8.0,1.0,8.0,21.0,1.0,89.0,44.0,157.0,182.0,114.0,151.0,24,2017-18,85.5,38.1
3573,J. Toulalan,MF,1983-09-10,Ligue 1,1890.0,21.0,991.0,869.0,1.0,0.0,1.0,7.0,285.0,11044.950000000003,3.0,164.0,0.0,0.0,0.0,20.0,46.0,7.0,5.0,40.0,129.0,132.0,80.0,36.0,34,2017-18,87.7,43.5
26120,T. Mangani,MF,1987-04-29,Ligue 1,3027.0,35.0,1875.0,1472.0,6.0,2.0,19.0,67.0,361.0,13665.750000000002,80.0,268.0,36.0,11.0,2.0,62.0,155.0,7.0,41.0,58.0,292.0,165.0,27.0,36.0,30,2017-18,78.5,40.0
26124,B. Jeannot,FW,1992-01-22,Ligue 1,1400.0,23.0,283.0,210.0,4.0,1.0,6.0,14.0,19.0,744.4499999999997,9.0,14.0,25.0,9.0,4.0,35.0,127.0,6.0,74.0,12.0,64.0,41.0,19.0,48.0,25,2017-18,74.2,27.6
26131,B. Samba,GK,1994-04-25,Ligue 1,314.0,4.0,58.0,42.0,0.0,0.0,0.0,0.0,31.0,1113.0,0.0,30.0,0.0,0.0,0.0,1.0,1.0,0.0,0.0,0.0,0.0,1.0,2.0,2.0,23,2017-18,72.4,100.0
26134,P. Gouano,DF,1993-12-24,Ligue 1,2783.0,32.0,1022.0,877.0,1.0,0.0,2.0,3.0,202.0,8643.599999999999,2.0,138.0,6.0,1.0,0.0,27.0,55.0,0.0,31.0,65.0,192.0,213.0,89.0,99.0,24,2017-18,85.8,49.1
26135,M. Le Marchand,DF,1989-10-11,Ligue 1,2536.0,29.0,1773.0,1588.0,3.0,1.0,6.0,15.0,327.0,13129.199999999983,33.0,126.0,9.0,1.0,0.0,34.0,70.0,22.0,23.0,54.0,192.0,180.0,53.0,51.0,28,2017-18,89.6,48.6
26138,J. Rivierez,DF,1989-05-18,Ligue 1,2066.0,26.0,740.0,582.0,4.0,0.0,2.0,23.0,135.0,5329.80000000001,30.0,105.0,8.0,3.0,0.0,51.0,86.0,10.0,7.0,50.0,237.0,116.0,49.0,21.0,28,2017-18,78.6,59.3
54819,A. Søderlund,FW,1987-08-03,Ligue 1,421.0,12.0,60.0,48.0,0.0,1.0,0.0,3.0,5.0,214.19999999999996,1.0,1.0,6.0,4.0,0.0,9.0,29.0,0.0,30.0,2.0,12.0,8.0,2.0,8.0,30,2017-18,80.0,31.0
216614,C. Martins Pereira,MF,1997-02-19,Ligue 1,69.0,2.0,35.0,32.0,0.0,0.0,0.0,1.0,2.0,99.74999999999997,0.0,0.0,0.0,0.0,0.0,1.0,3.0,0.0,1.0,3.0,10.0,2.0,0.0,3.0,20,2017-18,91.4,33.3
353833,K. Mbappé,FW,1998-12-20,Ligue 1,2169.0,28.0,706.0,568.0,22.0,8.0,17.0,72.0,40.0,1920.45,79.0,11.0,75.0,32.0,13.0,179.0,345.0,35.0,271.0,9.0,51.0,16.0,1.0,9.0,19,2017-18,80.5,51.9
222761,Afonso Figueiredo,DF,1993-01-06,Ligue 1,220.0,5.0,98.0,72.0,0.0,0.0,1.0,3.0,18.0,703.4999999999999,4.0,14.0,0.0,0.0,0.0,5.0,11.0,1.0,0.0,2.0,17.0,7.0,4.0,2.0,25,2017-18,73.5,45.5
280115,M. Lopez,MF,1997-12-04,Ligue 1,1373.0,24.0,1371.0,1260.0,8.0,0.0,6.0,32.0,222.0,9174.900000000003,32.0,67.0,10.0,3.0,0.0,37.0,68.0,10.0,33.0,30.0,149.0,41.0,4.0,4.0,20,2017-18,91.9,54.4
280116,J. Porsan-Clemente,FW,1997-12-16,Ligue 1,90.0,1.0,27.0,17.0,1.0,0.0,0.0,2.0,1.0,81.89999999999999,5.0,3.0,1.0,0.0,0.0,1.0,6.0,0.0,2.0,1.0,9.0,3.0,3.0,2.0,20,2017-18,63.0,16.7
149053,R. Walter,MF,1995-04-26,Ligue 1,1490.0,19.0,623.0,550.0,1.0,0.0,2.0,6.0,74.0,3495.4500000000035,5.0,52.0,11.0,5.0,1.0,31.0,93.0,9.0,11.0,17.0,121.0,61.0,14.0,18.0,22,2017-18,88.3,33.3
149054,W. Saïd,FW,1995-04-19,Ligue 1,1840.0,29.0,467.0,355.0,4.0,1.0,9.0,25.0,34.0,1566.6000000000008,27.0,25.0,47.0,23.0,9.0,80.0,165.0,13.0,104.0,32.0,121.0,36.0,4.0,14.0,22,2017-18,76.0,48.5
28230,A. Tameze,MF,1994-11-04,Ligue 1,1682.0,26.0,1255.0,1162.0,2.0,1.0,2.0,7.0,106.0,5626.950000000004,5.0,48.0,7.0,4.0,0.0,70.0,132.0,7.0,25.0,57.0,164.0,86.0,19.0,25.0,23,2017-18,92.6,53.0
149062,T. Dingomé,MF,1991-02-17,Ligue 1,1195.0,14.0,587.0,477.0,7.0,0.0,5.0,19.0,92.0,3702.300000000001,22.0,50.0,5.0,2.0,0.0,24.0,50.0,2.0,11.0,23.0,74.0,57.0,9.0,7.0,26,2017-18,81.3,48.0
28232,I. Amadou,MF,1993-04-06,Ligue 1,2411.0,30.0,1510.0,1359.0,0.0,0.0,4.0,7.0,277.0,11706.449999999993,5.0,128.0,14.0,2.0,0.0,38.0,76.0,16.0,21.0,43.0,141.0,142.0,54.0,38.0,24,2017-18,90.0,50.0
448079,I. Sarr,MF,1998-02-25,Ligue 1,1865.0,24.0,412.0,324.0,7.0,3.0,8.0,30.0,29.0,1296.75,48.0,7.0,37.0,14.0,5.0,162.0,350.0,39.0,115.0,24.0,96.0,28.0,1.0,12.0,19,2017-18,78.6,46.3
214609,Y. Cardinale,GK,1994-03-27,Ligue 1,990.0,11.0,182.0,172.0,0.0,0.0,0.0,0.0,83.0,3015.5999999999995,0.0,27.0,0.0,0.0,0.0,0.0,0.0,0.0,0.0,0.0,0.0,6.0,0.0,4.0,23,2017-18,94.5,
228946,M. Cornet,FW,1996-09-27,Ligue 1,1260.0,30.0,484.0,387.0,8.0,6.0,3.0,35.0,28.0,1339.7999999999993,37.0,11.0,30.0,12.0,4.0,85.0,207.0,21.0,88.0,17.0,84.0,45.0,8.0,14.0,21,2017-18,80.0,41.1
50771,K. Johnsson,GK,1990-01-28,Ligue 1,3420.0,38.0,665.0,559.0,0.0,0.0,0.0,2.0,369.0,14913.150000000003,0.0,288.0,0.0,0.0,0.0,1.0,2.0,0.0,3.0,0.0,1.0,49.0,10.0,17.0,27,2017-18,84.1,50.0
26196,D. Sidibé,DF,1992-07-29,Ligue 1,2157.0,27.0,1381.0,1177.0,9.0,5.0,15.0,61.0,214.0,8865.14999999999,65.0,61.0,18.0,7.0,2.0,67.0,136.0,20.0,65.0,50.0,187.0,109.0,17.0,45.0,25,2017-18,85.2,49.3
263766,Jemerson,DF,1992-08-24,Ligue 1,2926.0,33.0,1293.0,1155.0,1.0,0.0,0.0,4.0,254.0,10947.3,2.0,146.0,14.0,3.0,2.0,15.0,27.0,0.0,42.0,61.0,190.0,193.0,101.0,61.0,25,2017-18,89.3,55.6
40539,Marquinhos,DF,1994-05-14,Ligue 1,2263.0,26.0,1571.0,1478.0,1.0,1.0,1.0,10.0,312.0,13798.049999999988,1.0,103.0,11.0,0.0,0.0,7.0,10.0,2.0,45.0,23.0,117.0,135.0,64.0,53.0,23,2017-18,94.1,70.0
28251,D. Alcibiade,DF,1991-09-26,Ligue 1,207.0,3.0,72.0,54.0,1.0,1.0,0.0,3.0,15.0,616.35,5.0,13.0,2.0,0.0,0.0,1.0,2.0,0.0,2.0,4.0,23.0,17.0,5.0,5.0,26,2017-18,75.0,50.0
499295,T. Carrique,DF,1999-02-26,Ligue 1,90.0,1.0,35.0,29.0,0.0,0.0,1.0,2.0,6.0,200.55,5.0,1.0,0.0,0.0,0.0,2.0,3.0,1.0,0.0,0.0,7.0,4.0,3.0,1.0,18,2017-18,82.9,66.7
228963,H. Traoré,DF,1992-01-27,Ligue 1,2640.0,30.0,1380.0,1095.0,9.0,1.0,8.0,38.0,237.0,9231.600000000006,67.0,178.0,14.0,2.0,0.0,52.0,90.0,22.0,21.0,54.0,223.0,192.0,63.0,58.0,25,2017-18,79.3,57.8
214628,J. Amavi,DF,1994-03-09,Ligue 1,2191.0,27.0,1115.0,927.0,9.0,5.0,10.0,37.0,154.0,5876.850000000006,64.0,90.0,20.0,5.0,0.0,100.0,192.0,27.0,16.0,35.0,176.0,136.0,42.0,42.0,23,2017-18,83.1,52.1
26216,J. Moulin,GK,1986-01-13,Ligue 1,394.0,5.0,75.0,58.0,0.0,0.0,0.0,0.0,33.0,1306.2,0.0,30.0,0.0,0.0,0.0,0.0,0.0,0.0,0.0,0.0,1.0,7.0,1.0,4.0,31,2017-18,77.3,
351851,Vagner,MF,1996-01-10,Ligue 1,106.0,4.0,28.0,18.0,1.0,0.0,0.0,2.0,1.0,40.95,7.0,2.0,3.0,0.0,0.0,6.0,18.0,0.0,9.0,2.0,10.0,3.0,1.0,2.0,21,2017-18,64.3,33.3
149101,A. Touré,DF,1996-04-28,Ligue 1,1236.0,19.0,493.0,366.0,3.0,4.0,4.0,24.0,78.0,2956.8000000000006,49.0,47.0,6.0,2.0,1.0,28.0,52.0,15.0,26.0,31.0,132.0,69.0,30.0,32.0,21,2017-18,74.2,53.8
30320,O. El Hajjam,DF,1991-02-19,Ligue 1,2198.0,26.0,821.0,591.0,4.0,1.0,2.0,19.0,113.0,4586.400000000003,58.0,118.0,17.0,2.0,1.0,61.0,139.0,23.0,29.0,41.0,224.0,190.0,70.0,17.0,26,2017-18,72.0,43.9
228981,B. Bourigeaud,MF,1994-01-14,Ligue 1,3106.0,37.0,1462.0,1165.0,17.0,4.0,12.0,53.0,200.0,8034.600000000002,105.0,99.0,64.0,27.0,10.0,57.0,150.0,30.0,73.0,30.0,248.0,152.0,26.0,17.0,23,2017-18,79.7,38.0
83574,C. Tătărușanu,GK,1986-02-09,Ligue 1,3330.0,37.0,604.0,511.0,0.0,0.0,0.0,0.0,341.0,13385.400000000009,0.0,239.0,0.0,0.0,0.0,1.0,1.0,0.0,1.0,0.0,3.0,60.0,8.0,20.0,31,2017-18,84.6,100.0
228983,W. Cyprien,MF,1995-01-28,Ligue 1,946.0,16.0,757.0,691.0,1.0,1.0,5.0,16.0,98.0,4628.400000000002,7.0,34.0,21.0,4.0,2.0,25.0,55.0,5.0,9.0,12.0,47.0,41.0,5.0,8.0,22,2017-18,91.3,45.5
116345,F. Píriz,MF,1990-03-27,Ligue 1,800.0,15.0,402.0,360.0,2.0,0.0,2.0,2.0,49.0,2095.8,2.0,27.0,9.0,0.0,0.0,18.0,34.0,1.0,11.0,17.0,98.0,46.0,8.0,17.0,27,2017-18,89.6,52.9
263802,Y. Tielemans,MF,1997-05-07,Ligue 1,1565.0,26.0,784.0,646.0,5.0,1.0,17.0,26.0,136.0,5121.899999999998,17.0,62.0,26.0,13.0,0.0,76.0,131.0,13.0,38.0,31.0,143.0,87.0,17.0,28.0,20,2017-18,82.4,58.0
50812,J. Durmaz,MF,1989-03-22,Ligue 1,1029.0,20.0,451.0,328.0,5.0,3.0,10.0,24.0,55.0,2184.0000000000005,36.0,29.0,13.0,6.0,3.0,48.0,89.0,11.0,37.0,6.0,63.0,31.0,7.0,9.0,28,2017-18,72.7,53.9
40574,Dória,DF,1994-11-08,Ligue 1,76.0,3.0,25.0,22.0,0.0,0.0,0.0,0.0,5.0,239.39999999999998,2.0,2.0,0.0,0.0,0.0,1.0,1.0,0.0,4.0,2.0,8.0,5.0,3.0,2.0,23,2017-18,88.0,100.0
26245,A. Letellier,GK,1990-12-11,Ligue 1,1170.0,13.0,169.0,143.0,0.0,0.0,0.0,0.0,78.0,3499.6500000000005,0.0,66.0,0.0,0.0,0.0,0.0,0.0,0.0,0.0,0.0,0.0,20.0,1.0,2.0,27,2017-18,84.6,
134797,Hernani,MF,1994-03-27,Ligue 1,550.0,14.0,254.0,208.0,2.0,0.0,2.0,4.0,39.0,1426.9500000000007,11.0,17.0,16.0,6.0,3.0,19.0,54.0,4.0,12.0,8.0,59.0,23.0,4.0,12.0,23,2017-18,81.9,35.2
26265,V. Manceau,DF,1989-07-10,Ligue 1,2970.0,33.0,1269.0,1006.0,6.0,0.0,5.0,44.0,226.0,8358.000000000011,66.0,178.0,16.0,3.0,0.0,49.0,88.0,33.0,32.0,63.0,294.0,162.0,62.0,26.0,28,2017-18,79.3,55.7
28314,C. Hérelle,DF,1992-08-22,Ligue 1,2980.0,34.0,1211.0,1047.0,2.0,0.0,3.0,7.0,275.0,11156.250000000005,0.0,158.0,10.0,3.0,0.0,18.0,39.0,3.0,46.0,29.0,138.0,232.0,158.0,100.0,25,2017-18,86.5,46.2
566942,E. Loiodice,MF,2000-11-27,Ligue 1,164.0,4.0,103.0,89.0,1.0,0.0,1.0,1.0,11.0,439.95000000000005,1.0,4.0,0.0,0.0,0.0,6.0,12.0,0.0,1.0,4.0,20.0,6.0,2.0,2.0,17,2017-18,86.4,50.0
284322,E. Ponce,FW,1997-03-29,Ligue 1,1084.0,28.0,232.0,188.0,5.0,1.0,1.0,12.0,13.0,578.5500000000002,6.0,8.0,20.0,4.0,2.0,39.0,129.0,3.0,81.0,5.0,51.0,21.0,10.0,32.0,20,2017-18,81.0,30.2
26276,N. Pallois,DF,1987-09-19,Ligue 1,2468.0,28.0,753.0,604.0,1.0,1.0,1.0,3.0,206.0,7836.150000000006,6.0,172.0,9.0,2.0,0.0,20.0,36.0,3.0,28.0,40.0,120.0,203.0,149.0,41.0,30,2017-18,80.2,55.6
288423,Z. Machach,MF,1996-01-05,Ligue 1,193.0,4.0,42.0,30.0,1.0,0.0,1.0,3.0,7.0,212.09999999999997,7.0,3.0,3.0,1.0,1.0,9.0,31.0,2.0,7.0,7.0,22.0,7.0,3.0,2.0,22,2017-18,71.4,29.0
286380,I. Diop,DF,1997-01-09,Ligue 1,3060.0,34.0,1148.0,953.0,1.0,0.0,1.0,6.0,298.0,11144.699999999988,3.0,171.0,15.0,7.0,3.0,33.0,44.0,9.0,58.0,54.0,186.0,184.0,83.0,65.0,20,2017-18,83.0,75.0
26285,A. Gonçalves,MF,1986-03-06,Ligue 1,1751.0,29.0,729.0,519.0,7.0,0.0,7.0,51.0,98.0,3507.0000000000005,130.0,82.0,19.0,5.0,0.0,47.0,133.0,22.0,38.0,37.0,199.0,89.0,26.0,27.0,31,2017-18,71.2,35.3
286382,C. Michelin,DF,1997-05-11,Ligue 1,275.0,7.0,94.0,68.0,2.0,0.0,0.0,5.0,23.0,830.5499999999998,13.0,19.0,1.0,0.0,0.0,4.0,8.0,2.0,0.0,1.0,36.0,17.0,10.0,10.0,20,2017-18,72.3,50.0
28335,R. Aguilar,DF,1993-04-26,Ligue 1,2457.0,30.0,1173.0,923.0,12.0,1.0,7.0,57.0,171.0,6483.75,108.0,104.0,13.0,5.0,0.0,97.0,182.0,32.0,40.0,46.0,262.0,131.0,57.0,36.0,24,2017-18,78.7,53.3
1712,K. Tete,DF,1995-10-09,Ligue 1,1603.0,22.0,863.0,716.0,5.0,3.0,3.0,35.0,105.0,4722.9000000000015,63.0,60.0,6.0,3.0,1.0,42.0,112.0,11.0,34.0,41.0,153.0,76.0,28.0,26.0,22,2017-18,83.0,37.5
286381,E. Kwateng,DF,1997-04-09,Ligue 1,90.0,1.0,34.0,22.0,0.0,0.0,0.0,0.0,8.0,264.6,0.0,6.0,0.0,0.0,0.0,1.0,2.0,0.0,0.0,3.0,15.0,12.0,3.0,1.0,20,2017-18,64.7,50.0
286388,A. Lusamba,MF,1997-01-04,Ligue 1,158.0,4.0,85.0,72.0,0.0,0.0,2.0,2.0,5.0,338.10000000000014,0.0,4.0,0.0,0.0,0.0,9.0,21.0,1.0,4.0,11.0,29.0,8.0,3.0,0.0,21,2017-18,84.7,42.9
214710,B. Dibassy,DF,1989-08-11,Ligue 1,2779.0,32.0,1049.0,842.0,3.0,1.0,1.0,19.0,192.0,7749.000000000004,39.0,132.0,10.0,2.0,1.0,79.0,152.0,10.0,49.0,70.0,272.0,195.0,99.0,49.0,28,2017-18,80.3,52.0
26311,R. Amalfitano,MF,1989-08-27,Ligue 1,2706.0,33.0,1366.0,1138.0,8.0,1.0,9.0,36.0,219.0,8751.75000000001,21.0,216.0,12.0,0.0,0.0,111.0,214.0,21.0,12.0,40.0,215.0,143.0,23.0,18.0,28,2017-18,83.3,51.9
26314,L. Deaux,MF,1988-12-26,Ligue 1,1981.0,26.0,1103.0,934.0,4.0,1.0,10.0,34.0,161.0,6710.549999999998,25.0,79.0,15.0,8.0,2.0,55.0,114.0,10.0,67.0,48.0,192.0,102.0,7.0,56.0,29,2017-18,84.7,48.2
497355,W. Geubbels,FW,2001-08-16,Ligue 1,31.0,2.0,10.0,7.0,0.0,0.0,0.0,0.0,0.0,21.0,0.0,0.0,0.0,0.0,0.0,0.0,0.0,2.0,2.0,1.0,3.0,0.0,0.0,0.0,16,2017-18,70.0,
28364,M. Tahrat,DF,1990-01-24,Ligue 1,445.0,7.0,198.0,153.0,0.0,0.0,1.0,2.0,19.0,963.9,3.0,20.0,5.0,1.0,0.0,19.0,34.0,2.0,11.0,5.0,37.0,42.0,13.0,28.0,27,2017-18,77.3,55.9
521939,I. Ganago,FW,1999-02-16,Ligue 1,63.0,6.0,17.0,13.0,0.0,0.0,0.0,1.0,0.0,16.8,1.0,0.0,3.0,2.0,1.0,5.0,8.0,0.0,12.0,0.0,4.0,1.0,1.0,2.0,18,2017-18,76.5,62.5
237267,M. Gajić,DF,1996-01-28,Ligue 1,360.0,4.0,143.0,103.0,0.0,0.0,1.0,2.0,21.0,902.9999999999998,8.0,13.0,1.0,0.0,0.0,3.0,9.0,4.0,2.0,2.0,21.0,20.0,4.0,4.0,21,2017-18,72.0,33.3
257750,Thiago Maia,MF,1997-03-23,Ligue 1,2524.0,34.0,1648.0,1430.0,0.0,0.0,12.0,25.0,259.0,11014.500000000005,15.0,122.0,17.0,2.0,0.0,86.0,195.0,17.0,20.0,50.0,212.0,145.0,40.0,14.0,20,2017-18,86.8,44.1
26327,I. Saadi,FW,1992-02-08,Ligue 1,934.0,26.0,183.0,127.0,5.0,0.0,3.0,14.0,9.0,544.95,20.0,3.0,30.0,10.0,4.0,24.0,87.0,4.0,63.0,7.0,37.0,11.0,1.0,12.0,25,2017-18,69.4,27.6
229078,J. Prior,GK,1995-08-08,Ligue 1,180.0,2.0,20.0,16.0,0.0,0.0,0.0,0.0,12.0,437.8500000000001,0.0,12.0,0.0,0.0,0.0,0.0,0.0,0.0,0.0,0.0,0.0,4.0,1.0,0.0,22,2017-18,80.0,
30427,J. Marié,MF,1991-09-29,Ligue 1,1890.0,27.0,873.0,741.0,2.0,0.0,2.0,8.0,117.0,4764.900000000002,16.0,83.0,21.0,2.0,1.0,40.0,81.0,5.0,24.0,48.0,201.0,91.0,20.0,17.0,26,2017-18,84.9,49.4
231138,P. Kimpembe,DF,1995-08-13,Ligue 1,2474.0,28.0,1747.0,1663.0,2.0,0.0,4.0,6.0,303.0,14193.900000000016,6.0,53.0,11.0,4.0,0.0,63.0,84.0,7.0,31.0,41.0,122.0,121.0,37.0,43.0,22,2017-18,95.2,75.0
30437,F. Mollet,MF,1991-11-19,Ligue 1,1414.0,22.0,637.0,549.0,2.0,1.0,5.0,15.0,61.0,2873.85,21.0,43.0,45.0,23.0,7.0,63.0,133.0,10.0,46.0,11.0,100.0,28.0,5.0,8.0,26,2017-18,86.2,47.4
397030,S. Nsoki,DF,1999-04-09,Ligue 1,25.0,1.0,16.0,16.0,0.0,0.0,0.0,0.0,4.0,161.7,0.0,0.0,0.0,0.0,0.0,1.0,1.0,0.0,0.0,0.0,2.0,1.0,1.0,0.0,18,2017-18,100.0,100.0
397033,B. Soumaré,MF,1999-02-27,Ligue 1,501.0,14.0,336.0,292.0,1.0,0.0,3.0,4.0,36.0,1828.0499999999988,1.0,10.0,0.0,0.0,0.0,22.0,39.0,8.0,0.0,15.0,51.0,17.0,4.0,9.0,18,2017-18,86.9,56.4
7920,Rafael,DF,1990-07-09,Ligue 1,1817.0,24.0,1006.0,837.0,12.0,2.0,3.0,44.0,120.0,5179.650000000002,70.0,77.0,9.0,2.0,1.0,77.0,136.0,27.0,41.0,44.0,195.0,112.0,37.0,22.0,27,2017-18,83.2,56.6
300784,Jorge,DF,1996-03-28,Ligue 1,1922.0,22.0,797.0,602.0,6.0,2.0,4.0,30.0,113.0,4442.550000000006,67.0,93.0,7.0,2.0,1.0,90.0,177.0,19.0,26.0,60.0,213.0,123.0,37.0,35.0,21,2017-18,75.5,50.8
276211,A. Saint-Maximin,FW,1997-03-12,Ligue 1,2281.0,31.0,891.0,677.0,21.0,5.0,20.0,79.0,72.0,2672.250000000002,102.0,32.0,35.0,16.0,3.0,254.0,512.0,60.0,182.0,12.0,84.0,46.0,2.0,11.0,20,2017-18,76.0,49.6
454388,B. Mbeumo,FW,1999-08-02,Ligue 1,61.0,4.0,15.0,10.0,0.0,0.0,0.0,0.0,1.0,66.15,2.0,1.0,3.0,1.0,0.0,8.0,16.0,3.0,8.0,1.0,6.0,4.0,1.0,4.0,18,2017-18,66.7,50.0
229110,T. Didillon,GK,1995-11-28,Ligue 1,810.0,9.0,138.0,126.0,0.0,0.0,0.0,0.0,86.0,3303.299999999999,0.0,53.0,0.0,0.0,0.0,1.0,1.0,0.0,0.0,0.0,2.0,18.0,2.0,2.0,22,2017-18,91.3,100.0
397046,H. Aouar,MF,1998-06-30,Ligue 1,2438.0,32.0,1495.0,1317.0,7.0,5.0,26.0,43.0,220.0,8750.700000000004,20.0,68.0,48.0,18.0,6.0,174.0,306.0,32.0,100.0,48.0,192.0,104.0,27.0,23.0,19,2017-18,88.1,56.9
112377,O. Vizcarrondo,DF,1984-05-31,Ligue 1,1714.0,20.0,751.0,643.0,0.0,0.0,2.0,2.0,163.0,6796.649999999994,0.0,115.0,5.0,1.0,0.0,2.0,6.0,0.0,17.0,28.0,102.0,104.0,69.0,63.0,33,2017-18,85.6,33.3
26365,B. Reynet,GK,1990-10-28,Ligue 1,3420.0,38.0,1069.0,934.0,0.0,0.0,0.0,1.0,544.0,22215.89999999997,0.0,425.0,0.0,0.0,0.0,6.0,7.0,0.0,0.0,3.0,9.0,101.0,21.0,16.0,27,2017-18,87.4,85.7
229119,N. Gandi,MF,1994-06-23,Ligue 1,91.0,4.0,36.0,29.0,0.0,0.0,0.0,1.0,5.0,194.25000000000003,0.0,5.0,2.0,0.0,0.0,7.0,12.0,2.0,2.0,5.0,13.0,9.0,2.0,2.0,23,2017-18,80.6,58.3
26368,A. Bamba,DF,1990-04-25,Ligue 1,1533.0,18.0,631.0,495.0,1.0,0.0,1.0,8.0,101.0,3873.4500000000025,37.0,66.0,4.0,1.0,0.0,34.0,58.0,15.0,8.0,31.0,131.0,61.0,34.0,16.0,27,2017-18,78.4,58.6
229124,A. Hunou,MF,1994-01-19,Ligue 1,1460.0,23.0,477.0,394.0,1.0,0.0,2.0,13.0,34.0,1365.0000000000002,13.0,20.0,25.0,9.0,5.0,47.0,112.0,10.0,68.0,17.0,104.0,47.0,3.0,8.0,23,2017-18,82.6,42.0
26374,C. Varrault,DF,1980-01-30,Ligue 1,885.0,11.0,422.0,375.0,0.0,0.0,0.0,3.0,110.0,4034.099999999999,0.0,49.0,2.0,1.0,1.0,10.0,14.0,2.0,5.0,13.0,54.0,75.0,35.0,28.0,37,2017-18,88.9,71.4
26378,S. Baradji,MF,1984-04-24,Ligue 1,6.0,1.0,4.0,2.0,0.0,0.0,0.0,0.0,0.0,0.0,0.0,0.0,0.0,0.0,0.0,0.0,0.0,0.0,0.0,0.0,2.0,1.0,0.0,0.0,33,2017-18,50.0,
26381,B. Corgnet,MF,1987-04-06,Ligue 1,1380.0,18.0,496.0,348.0,5.0,2.0,4.0,22.0,44.0,1913.0999999999997,31.0,40.0,24.0,7.0,0.0,74.0,138.0,8.0,66.0,23.0,99.0,48.0,7.0,61.0,30,2017-18,70.2,53.6
26384,G. Kakuta,MF,1991-06-21,Ligue 1,3091.0,36.0,1198.0,849.0,13.0,3.0,23.0,55.0,141.0,5731.949999999999,76.0,84.0,53.0,18.0,6.0,259.0,555.0,21.0,73.0,38.0,167.0,89.0,12.0,45.0,26,2017-18,70.9,46.7
229140,Y. Bodiger,MF,1995-02-09,Ligue 1,223.0,7.0,96.0,70.0,0.0,0.0,2.0,3.0,12.0,511.35,4.0,14.0,0.0,0.0,0.0,3.0,13.0,0.0,4.0,4.0,21.0,11.0,2.0,8.0,22,2017-18,72.9,23.1
26389,Y. Sankharé,MF,1989-09-10,Ligue 1,1881.0,29.0,841.0,741.0,3.0,1.0,2.0,27.0,150.0,5800.199999999999,8.0,31.0,37.0,16.0,7.0,74.0,123.0,16.0,63.0,29.0,127.0,51.0,4.0,32.0,28,2017-18,88.1,60.2
26399,D. Da Silva,DF,1988-05-17,Ligue 1,2838.0,32.0,1274.0,1113.0,0.0,0.0,1.0,5.0,299.0,11740.05,0.0,245.0,17.0,11.0,4.0,28.0,50.0,2.0,59.0,55.0,205.0,201.0,108.0,102.0,29,2017-18,87.4,56.0
294695,T. Ndombèlé,MF,1996-12-28,Ligue 1,2600.0,35.0,1558.0,1402.0,16.0,5.0,25.0,55.0,197.0,9130.800000000007,7.0,42.0,31.0,5.0,0.0,222.0,358.0,46.0,48.0,54.0,202.0,119.0,2.0,21.0,21,2017-18,90.0,62.0
134951,L. Lacroix,DF,1992-02-27,Ligue 1,816.0,11.0,335.0,291.0,0.0,0.0,0.0,1.0,66.0,3056.550000000002,0.0,40.0,8.0,1.0,0.0,7.0,10.0,0.0,24.0,14.0,49.0,44.0,27.0,24.0,25,2017-18,86.9,70.0
294697,H. Diallo,FW,1995-06-15,Ligue 1,14.0,1.0,4.0,2.0,0.0,0.0,0.0,0.0,0.0,9.450000000000001,0.0,0.0,0.0,0.0,0.0,0.0,0.0,0.0,0.0,0.0,0.0,0.0,0.0,1.0,22,2017-18,50.0,
286506,M. Udol,DF,1996-03-20,Ligue 1,352.0,6.0,141.0,105.0,0.0,0.0,0.0,3.0,18.0,684.6,14.0,16.0,1.0,0.0,0.0,7.0,20.0,5.0,5.0,7.0,45.0,26.0,9.0,5.0,21,2017-18,74.5,35.0
292654,M. Diakhaby,DF,1996-12-19,Ligue 1,723.0,12.0,395.0,357.0,0.0,0.0,1.0,0.0,74.0,3230.85,0.0,28.0,3.0,1.0,1.0,15.0,18.0,3.0,9.0,13.0,46.0,55.0,32.0,21.0,21,2017-18,90.4,83.3
26414,G. N'Gosso,MF,1985-01-11,Ligue 1,608.0,12.0,321.0,279.0,1.0,0.0,2.0,6.0,70.0,2511.6000000000017,3.0,34.0,4.0,1.0,1.0,11.0,23.0,0.0,5.0,8.0,48.0,24.0,12.0,15.0,32,2017-18,86.9,47.8
7986,M. Abeid,MF,1992-08-06,Ligue 1,1175.0,18.0,563.0,493.0,0.0,1.0,2.0,5.0,69.0,3226.649999999997,9.0,28.0,20.0,6.0,0.0,41.0,87.0,12.0,14.0,20.0,112.0,61.0,15.0,16.0,25,2017-18,87.6,47.1
302908,A. Ribelin,MF,1996-04-08,Ligue 1,90.0,1.0,84.0,81.0,0.0,0.0,0.0,0.0,20.0,825.3000000000001,0.0,4.0,0.0,0.0,0.0,0.0,0.0,0.0,0.0,3.0,6.0,5.0,1.0,2.0,21,2017-18,96.4,
366401,A. Zambo Anguissa,MF,1995-11-16,Ligue 1,2435.0,37.0,1732.0,1571.0,2.0,0.0,5.0,28.0,218.0,10695.300000000005,15.0,58.0,33.0,6.0,0.0,127.0,239.0,16.0,57.0,84.0,292.0,189.0,24.0,67.0,22,2017-18,90.7,53.1
26433,J. Cordoval,DF,1990-01-12,Ligue 1,918.0,11.0,303.0,244.0,0.0,1.0,1.0,11.0,50.0,2008.6499999999999,19.0,32.0,1.0,0.0,0.0,24.0,36.0,11.0,12.0,19.0,74.0,56.0,27.0,4.0,27,2017-18,80.5,66.7
372547,G. Nyamsi,DF,1997-01-22,Ligue 1,270.0,3.0,76.0,67.0,0.0,0.0,0.0,1.0,27.0,1043.7,1.0,12.0,1.0,0.0,0.0,1.0,3.0,0.0,5.0,5.0,21.0,13.0,8.0,12.0,20,2017-18,88.2,33.3
229198,H. Manzala,MF,1994-03-06,Ligue 1,1864.0,37.0,652.0,493.0,3.0,3.0,3.0,24.0,46.0,1960.3499999999995,65.0,24.0,33.0,13.0,4.0,109.0,237.0,29.0,77.0,22.0,118.0,70.0,9.0,16.0,23,2017-18,75.6,46.0
143189,C. Ninga,FW,1993-05-17,Ligue 1,1283.0,29.0,244.0,178.0,3.0,0.0,2.0,13.0,12.0,552.3000000000001,20.0,4.0,31.0,10.0,1.0,56.0,188.0,13.0,106.0,10.0,66.0,31.0,8.0,15.0,24,2017-18,73.0,29.8
253784,B. Guillaume,FW,1995-06-16,Ligue 1,446.0,15.0,64.0,49.0,0.0,1.0,2.0,5.0,6.0,218.39999999999998,3.0,0.0,6.0,4.0,1.0,13.0,48.0,4.0,37.0,2.0,25.0,7.0,1.0,25.0,22,2017-18,76.6,27.1
286553,A. El Ghazi,FW,1995-05-03,Ligue 1,1645.0,27.0,550.0,407.0,7.0,3.0,8.0,35.0,39.0,1779.7499999999993,71.0,13.0,59.0,30.0,4.0,102.0,199.0,29.0,84.0,16.0,86.0,33.0,5.0,14.0,22,2017-18,74.0,51.3
339812,Pape Diop,MF,1997-08-08,Ligue 1,9.0,1.0,9.0,9.0,0.0,0.0,0.0,0.0,0.0,42.0,0.0,0.0,0.0,0.0,0.0,0.0,0.0,0.0,0.0,0.0,0.0,0.0,0.0,0.0,20,2017-18,100.0,
493412,Y. Armougom,DF,1998-06-05,Ligue 1,140.0,4.0,54.0,34.0,1.0,0.0,0.0,4.0,7.0,269.85,9.0,7.0,0.0,0.0,0.0,6.0,7.0,2.0,3.0,1.0,11.0,8.0,1.0,3.0,19,2017-18,63.0,85.7
493415,K. Zohi,FW,1996-12-19,Ligue 1,0.0,0.0,0.0,0.0,0.0,0.0,0.0,0.0,0.0,0.0,0.0,0.0,0.0,0.0,0.0,0.0,1.0,0.0,0.0,0.0,1.0,0.0,0.0,0.0,21,2017-18,,0.0
40810,Neymar,FW,1992-02-05,Ligue 1,1800.0,20.0,1278.0,1013.0,26.0,11.0,57.0,138.0,179.0,7008.749999999993,45.0,86.0,87.0,40.0,20.0,334.0,536.0,67.0,189.0,11.0,87.0,20.0,0.0,5.0,25,2017-18,79.3,62.3
132972,G. Gope-Fenepej,FW,1988-10-23,Ligue 1,44.0,3.0,20.0,14.0,0.0,0.0,0.0,2.0,0.0,18.9,2.0,0.0,0.0,0.0,0.0,3.0,7.0,1.0,1.0,0.0,3.0,2.0,0.0,0.0,29,2017-18,70.0,42.9
28528,J. Ikoko,DF,1994-02-03,Ligue 1,2419.0,28.0,1031.0,839.0,8.0,2.0,5.0,39.0,135.0,5918.850000000004,60.0,83.0,10.0,5.0,0.0,61.0,119.0,31.0,39.0,35.0,196.0,123.0,41.0,16.0,23,2017-18,81.4,51.3
28529,Y. Sabaly,DF,1993-03-05,Ligue 1,3094.0,35.0,1627.0,1333.0,13.0,6.0,15.0,79.0,236.0,9754.500000000002,141.0,124.0,10.0,2.0,0.0,120.0,246.0,51.0,41.0,80.0,308.0,171.0,57.0,42.0,24,2017-18,81.9,48.8
141172,J. Aholou,MF,1994-03-20,Ligue 1,3011.0,35.0,1282.0,1134.0,3.0,0.0,6.0,12.0,166.0,7502.25,6.0,88.0,35.0,7.0,5.0,93.0,165.0,23.0,46.0,52.0,210.0,186.0,39.0,64.0,23,2017-18,88.5,56.4
247671,N. Pépé,FW,1995-09-29,Ligue 1,2844.0,35.0,953.0,783.0,7.0,5.0,9.0,59.0,66.0,3246.600000000001,48.0,40.0,64.0,29.0,13.0,225.0,502.0,36.0,178.0,22.0,131.0,68.0,14.0,30.0,22,2017-18,82.2,44.8
26498,K. Lala,DF,1991-10-03,Ligue 1,2736.0,31.0,1365.0,1076.0,8.0,4.0,26.0,48.0,268.0,10096.8,71.0,245.0,16.0,6.0,3.0,124.0,261.0,46.0,15.0,65.0,251.0,144.0,52.0,16.0,26,2017-18,78.8,47.5
26508,R. Cohade,MF,1984-09-29,Ligue 1,3300.0,38.0,1854.0,1508.0,11.0,3.0,16.0,65.0,304.0,11986.800000000017,72.0,255.0,39.0,7.0,1.0,90.0,202.0,31.0,37.0,91.0,382.0,209.0,62.0,93.0,33,2017-18,81.3,44.6
120717,O. Haddadi,DF,1992-01-28,Ligue 1,2578.0,33.0,1165.0,896.0,8.0,1.0,5.0,47.0,150.0,6156.15,89.0,110.0,5.0,2.0,1.0,54.0,103.0,34.0,41.0,47.0,265.0,145.0,46.0,26.0,25,2017-18,76.9,52.4
413582,Y. Bissouma,MF,1996-08-30,Ligue 1,1558.0,24.0,943.0,815.0,1.0,0.0,6.0,13.0,123.0,5555.5500000000075,13.0,61.0,40.0,6.0,2.0,88.0,166.0,20.0,24.0,53.0,163.0,83.0,12.0,28.0,21,2017-18,86.4,53.0
356237,G. Lo Celso,MF,1996-04-09,Ligue 1,1767.0,33.0,1536.0,1394.0,6.0,1.0,24.0,44.0,178.0,7846.650000000011,18.0,64.0,38.0,14.0,4.0,125.0,197.0,34.0,50.0,60.0,184.0,73.0,8.0,11.0,21,2017-18,90.8,63.5
26512,M. Dossevi,MF,1988-02-12,Ligue 1,2514.0,30.0,961.0,719.0,24.0,9.0,23.0,88.0,107.0,3937.5000000000027,164.0,28.0,28.0,11.0,1.0,246.0,439.0,60.0,114.0,23.0,146.0,74.0,11.0,9.0,29,2017-18,74.8,56.0
335763,J. Sambia,MF,1996-09-07,Ligue 1,1541.0,28.0,654.0,544.0,2.0,3.0,8.0,26.0,76.0,3292.800000000001,38.0,34.0,37.0,15.0,1.0,76.0,196.0,16.0,32.0,15.0,93.0,57.0,8.0,24.0,21,2017-18,83.2,38.8
69525,M. Pavlović,DF,1990-06-09,Ligue 1,1966.0,24.0,841.0,739.0,0.0,0.0,1.0,3.0,192.0,7468.6500000000015,1.0,99.0,15.0,6.0,2.0,6.0,12.0,2.0,54.0,19.0,97.0,122.0,63.0,77.0,27,2017-18,87.9,50.0
413597,R. Kouamé,DF,1996-12-17,Ligue 1,196.0,5.0,127.0,110.0,1.0,1.0,0.0,4.0,15.0,653.1,3.0,1.0,0.0,0.0,0.0,10.0,19.0,5.0,2.0,4.0,14.0,10.0,0.0,2.0,21,2017-18,86.6,52.6
26528,R. Genevois,DF,1987-10-28,Ligue 1,1826.0,24.0,705.0,544.0,3.0,1.0,0.0,21.0,159.0,5871.600000000004,50.0,108.0,4.0,1.0,0.0,13.0,32.0,8.0,22.0,45.0,194.0,117.0,47.0,52.0,30,2017-18,77.2,40.6
260002,V. Rongier,MF,1994-12-07,Ligue 1,2360.0,32.0,1280.0,1126.0,4.0,1.0,11.0,34.0,160.0,6874.350000000002,15.0,64.0,27.0,6.0,1.0,71.0,199.0,10.0,39.0,54.0,228.0,117.0,9.0,27.0,23,2017-18,88.0,35.7
274344,B. Santamaria,MF,1995-03-09,Ligue 1,2598.0,31.0,1138.0,946.0,3.0,0.0,4.0,15.0,177.0,7495.950000000002,19.0,148.0,17.0,1.0,0.0,70.0,116.0,16.0,12.0,51.0,252.0,151.0,31.0,54.0,22,2017-18,83.1,60.3
274345,S. Koita,FW,1994-04-15,Ligue 1,210.0,6.0,57.0,39.0,1.0,0.0,1.0,2.0,9.0,281.40000000000003,3.0,6.0,3.0,2.0,0.0,16.0,32.0,1.0,11.0,3.0,8.0,2.0,2.0,6.0,23,2017-18,68.4,50.0
20394,Thiago Silva,DF,1984-09-22,Ligue 1,2115.0,25.0,1618.0,1553.0,0.0,0.0,2.0,11.0,363.0,15332.099999999999,3.0,71.0,8.0,3.0,1.0,8.0,13.0,7.0,31.0,27.0,105.0,127.0,69.0,59.0,33,2017-18,96.0,61.5
26539,P. Oniangué,MF,1988-11-04,Ligue 1,1114.0,14.0,319.0,272.0,1.0,0.0,2.0,5.0,35.0,1567.6500000000003,3.0,7.0,17.0,6.0,1.0,21.0,43.0,4.0,37.0,12.0,71.0,42.0,4.0,44.0,29,2017-18,85.3,48.8
26543,J. Blayac,FW,1983-06-13,Ligue 1,905.0,23.0,272.0,200.0,1.0,1.0,4.0,11.0,14.0,671.9999999999999,13.0,7.0,31.0,10.0,3.0,52.0,125.0,1.0,127.0,3.0,18.0,15.0,3.0,88.0,34,2017-18,73.5,41.6
421809,V. Marcel,MF,1997-04-09,Ligue 1,47.0,2.0,17.0,15.0,0.0,0.0,0.0,0.0,1.0,41.99999999999999,0.0,0.0,0.0,0.0,0.0,2.0,7.0,0.0,1.0,1.0,3.0,2.0,0.0,2.0,20,2017-18,88.2,28.6
26547,B. Ketkeophomphone,FW,1990-03-24,Ligue 1,434.0,13.0,164.0,130.0,2.0,0.0,3.0,5.0,9.0,492.45000000000005,5.0,2.0,9.0,4.0,0.0,24.0,55.0,8.0,8.0,11.0,48.0,27.0,2.0,8.0,27,2017-18,79.3,43.6
366542,J. Reine-Adelaide,MF,1998-01-17,Ligue 1,443.0,10.0,141.0,121.0,1.0,0.0,2.0,12.0,27.0,913.4999999999999,2.0,3.0,4.0,2.0,0.0,54.0,92.0,5.0,17.0,11.0,45.0,18.0,3.0,9.0,19,2017-18,85.8,58.7
366546,L. Mothiba,FW,1996-01-28,Ligue 1,1190.0,14.0,275.0,230.0,3.0,0.0,2.0,12.0,6.0,397.95000000000005,4.0,0.0,20.0,11.0,5.0,32.0,134.0,0.0,76.0,6.0,39.0,22.0,10.0,19.0,21,2017-18,83.6,23.9
301013,J. Gelin,DF,1997-04-24,Ligue 1,2222.0,27.0,1228.0,1046.0,1.0,1.0,5.0,17.0,314.0,11812.5,5.0,180.0,4.0,0.0,0.0,8.0,19.0,1.0,9.0,34.0,154.0,132.0,67.0,39.0,20,2017-18,85.2,42.1
341973,N. Mukiele,DF,1997-11-01,Ligue 1,2791.0,33.0,1473.0,1144.0,12.0,0.0,9.0,51.0,370.0,12871.949999999997,112.0,167.0,19.0,5.0,0.0,119.0,203.0,42.0,50.0,79.0,269.0,169.0,65.0,83.0,20,2017-18,77.7,58.6
26583,R. Gurtner,GK,1986-12-08,Ligue 1,3330.0,37.0,635.0,487.0,0.0,0.0,0.0,0.0,346.0,14867.999999999989,0.0,367.0,0.0,0.0,0.0,4.0,4.0,0.0,0.0,2.0,4.0,77.0,15.0,17.0,31,2017-18,76.7,100.0
301016,R. Perraud,DF,1997-09-22,Ligue 1,0.0,0.0,2.0,1.0,0.0,0.0,0.0,0.0,1.0,25.200000000000003,1.0,0.0,0.0,0.0,0.0,0.0,0.0,0.0,0.0,0.0,0.0,0.0,0.0,0.0,20,2017-18,50.0,
301017,M. Thuram,FW,1997-08-06,Ligue 1,1926.0,32.0,441.0,329.0,8.0,1.0,4.0,33.0,38.0,1391.2499999999993,31.0,8.0,45.0,20.0,3.0,146.0,312.0,18.0,164.0,17.0,81.0,34.0,7.0,68.0,20,2017-18,74.6,46.8
270306,Steven Fortès,DF,1992-04-17,Ligue 1,154.0,2.0,74.0,63.0,0.0,0.0,0.0,0.0,27.0,893.5500000000001,0.0,15.0,0.0,0.0,0.0,1.0,2.0,0.0,3.0,3.0,20.0,11.0,5.0,2.0,25,2017-18,85.1,50.0
366563,V. Selimovic,DF,1997-04-03,Ligue 1,1071.0,13.0,446.0,378.0,0.0,0.0,1.0,2.0,90.0,3787.35,1.0,54.0,2.0,0.0,0.0,7.0,14.0,1.0,6.0,21.0,87.0,67.0,44.0,8.0,20,2017-18,84.8,50.0
26603,K. Rimane,DF,1991-02-23,Ligue 1,7.0,1.0,3.0,3.0,0.0,0.0,0.0,0.0,2.0,68.25,0.0,0.0,0.0,0.0,0.0,0.0,0.0,0.0,0.0,0.0,0.0,0.0,0.0,0.0,26,2017-18,100.0,
26604,Y. Salibur,MF,1991-01-21,Ligue 1,1527.0,22.0,546.0,446.0,8.0,1.0,10.0,39.0,66.0,2438.100000000001,57.0,8.0,50.0,16.0,3.0,145.0,263.0,20.0,79.0,11.0,46.0,16.0,1.0,10.0,26,2017-18,81.7,55.1
366571,F. Maouassa,MF,1998-07-06,Ligue 1,888.0,18.0,243.0,182.0,2.0,2.0,5.0,12.0,19.0,889.3499999999999,28.0,10.0,14.0,4.0,0.0,38.0,108.0,17.0,16.0,4.0,36.0,28.0,4.0,9.0,19,2017-18,74.9,35.2
278513,J. Tell,FW,1997-06-10,Ligue 1,108.0,6.0,25.0,20.0,0.0,0.0,0.0,0.0,0.0,25.200000000000003,0.0,1.0,5.0,1.0,1.0,3.0,17.0,1.0,12.0,4.0,9.0,1.0,0.0,1.0,20,2017-18,80.0,17.6
366581,J. Gnagnon,DF,1997-01-13,Ligue 1,2919.0,36.0,1220.0,1127.0,0.0,0.0,1.0,1.0,231.0,9693.599999999995,1.0,79.0,22.0,10.0,2.0,27.0,41.0,1.0,71.0,48.0,130.0,121.0,94.0,86.0,20,2017-18,92.4,65.9
215036,C. Yamberé,DF,1990-11-06,Ligue 1,2835.0,32.0,1249.0,1083.0,0.0,0.0,2.0,16.0,263.0,10789.800000000003,3.0,206.0,9.0,5.0,3.0,43.0,62.0,13.0,36.0,54.0,185.0,159.0,90.0,68.0,27,2017-18,86.7,69.4
393214,V. Rosier,DF,1996-08-19,Ligue 1,2779.0,36.0,1108.0,899.0,6.0,3.0,8.0,33.0,145.0,5790.749999999999,58.0,117.0,15.0,4.0,0.0,125.0,231.0,41.0,30.0,64.0,344.0,193.0,76.0,48.0,21,2017-18,81.1,54.1
